{"version":2.3,"name":"zhujue1","armature":[{"skin":[{"name":"default","slot":[{"display":[{"name":"zhujue-sc/wandao1","type":"image","transform":{"skX":0,"x":0,"scX":1,"scY":1,"y":0,"pX":42.66,"pY":93.33,"skY":0}},{"name":"zhujue-sc/paobust55","type":"image","transform":{"skX":0,"x":0.05,"scX":1,"scY":1,"y":0,"pX":50.76,"pY":48.51,"skY":0}},{"name":"zhujue-sc/renwugj22","type":"image","transform":{"skX":0,"x":0,"scX":1,"scY":1,"y":0,"pX":104.9,"pY":80.1,"skY":0}},{"name":"zhujue-sc/dao1","type":"image","transform":{"skX":0,"x":40.59,"scX":1,"scY":1,"y":37.58,"pX":54.18,"pY":55.35,"skY":0}}],"name":117,"z":0,"parent":117},{"display":[{"name":"zhujue-sc/toufa001","type":"image","transform":{"skX":0,"x":-30.6,"scX":1,"scY":1,"y":-36.9,"pX":0,"pY":0,"skY":0}},{"name":"zhujue-sc/toufa002","type":"image","transform":{"skX":0,"x":-30.6,"scX":1,"scY":1,"y":-36.9,"pX":0,"pY":0,"skY":0}},{"name":"zhujue-sc/toufa003","type":"image","transform":{"skX":0,"x":-29.25,"scX":1,"scY":1,"y":-36.9,"pX":0,"pY":0,"skY":0}},{"name":"zhujue-sc/toufa004","type":"image","transform":{"skX":0,"x":-28.35,"scX":1,"scY":1,"y":-36.45,"pX":0,"pY":0,"skY":0}},{"name":"zhujue-sc/toufa005","type":"image","transform":{"skX":0,"x":-28.35,"scX":1,"scY":1,"y":-36.45,"pX":0,"pY":0,"skY":0}},{"name":"zhujue-sc/toufa006","type":"image","transform":{"skX":0,"x":-28.35,"scX":1,"scY":1,"y":-36.45,"pX":0,"pY":0,"skY":0}},{"name":"zhujue-sc/toufa007","type":"image","transform":{"skX":0,"x":-27.9,"scX":1,"scY":1,"y":-36.45,"pX":0,"pY":0,"skY":0}},{"name":"zhujue-sc/toufa008","type":"image","transform":{"skX":0,"x":-27.9,"scX":1,"scY":1,"y":-36.45,"pX":0,"pY":0,"skY":0}},{"name":"zhujue-sc/toufa009","type":"image","transform":{"skX":0,"x":-27.9,"scX":1,"scY":1,"y":-36,"pX":0,"pY":0,"skY":0}},{"name":"zhujue-sc/toufa0010","type":"image","transform":{"skX":0,"x":-28.35,"scX":1,"scY":1,"y":-36.45,"pX":0,"pY":0,"skY":0}},{"name":"zhujue-sc/toufa0011","type":"image","transform":{"skX":0,"x":-28.35,"scX":1,"scY":1,"y":-36.45,"pX":0,"pY":0,"skY":0}},{"name":"zhujue-sc/toufa0012","type":"image","transform":{"skX":0,"x":-29.25,"scX":1,"scY":1,"y":-36.45,"pX":0,"pY":0,"skY":0}},{"name":"zhujue-sc/wandao1","type":"image","transform":{"skX":0,"x":0,"scX":1,"scY":1,"y":0,"pX":42.66,"pY":93.33,"skY":0}},{"name":"zhujue-sc/zhujuezuojiao","type":"image","transform":{"skX":0,"x":1.71,"scX":1,"scY":1,"y":82.13,"pX":9.54,"pY":82.89,"skY":0}},{"name":"zhujue-sc/dao1","type":"image","transform":{"skX":0,"x":40.23,"scX":1,"scY":1,"y":37.44,"pX":54.18,"pY":55.35,"skY":0}},{"name":"zhujue-sc/2_11-1","type":"image","transform":{"skX":0,"x":0,"scX":1,"scY":1,"y":0,"pX":122.85,"pY":74.25,"skY":0}},{"name":"zhujue-sc/2_11-2","type":"image","transform":{"skX":0,"x":0,"scX":1,"scY":1,"y":0,"pX":74.25,"pY":78.3,"skY":0}},{"name":"zhujue-sc/2_11-3","type":"image","transform":{"skX":0,"x":0,"scX":1,"scY":1,"y":0,"pX":63,"pY":79.2,"skY":0}},{"name":"zhujue-sc/2_11-4","type":"image","transform":{"skX":0,"x":0,"scX":1,"scY":1,"y":0,"pX":108.9,"pY":88.2,"skY":0}},{"name":"zhujue-sc/2_11-5","type":"image","transform":{"skX":0,"x":0,"scX":1,"scY":1,"y":0,"pX":107.55,"pY":87.75,"skY":0}},{"name":"zhujue-sc/2_11-6","type":"image","transform":{"skX":0,"x":0,"scX":1,"scY":1,"y":0,"pX":102.15,"pY":88.65,"skY":0}},{"name":"zhujue-sc/2_11-7","type":"image","transform":{"skX":0,"x":0,"scX":1,"scY":1,"y":0,"pX":57.15,"pY":77.85,"skY":0}},{"name":"zhujue-sc/2_11-8","type":"image","transform":{"skX":0,"x":0,"scX":1,"scY":1,"y":0,"pX":56.7,"pY":85.5,"skY":0}},{"name":"zhujue-sc/3_12-1","type":"image","transform":{"skX":0,"x":0,"scX":1,"scY":1,"y":0,"pX":64.35,"pY":69.75,"skY":0}},{"name":"zhujue-sc/3_12-2","type":"image","transform":{"skX":0,"x":0,"scX":1,"scY":1,"y":0,"pX":89.55,"pY":80.1,"skY":0}},{"name":"zhujue-sc/3_12-3","type":"image","transform":{"skX":0,"x":0,"scX":1,"scY":1,"y":0,"pX":90.45,"pY":76.5,"skY":0}},{"name":"zhujue-sc/3_12-4","type":"image","transform":{"skX":0,"x":0,"scX":1,"scY":1,"y":0,"pX":55.35,"pY":83.25,"skY":0}},{"name":"zhujue-sc/3_12-5","type":"image","transform":{"skX":0,"x":0,"scX":1,"scY":1,"y":0,"pX":126,"pY":96.75,"skY":0}},{"name":"zhujue-sc/3_12-6","type":"image","transform":{"skX":0,"x":0,"scX":1,"scY":1,"y":0,"pX":126.45,"pY":80.55,"skY":0}},{"name":"zhujue-sc/3_12-7","type":"image","transform":{"skX":0,"x":0,"scX":1,"scY":1,"y":0,"pX":114.3,"pY":83.7,"skY":0}},{"name":"zhujue-sc/3_12-8","type":"image","transform":{"skX":0,"x":0,"scX":1,"scY":1,"y":0,"pX":114.75,"pY":83.7,"skY":0}},{"name":"zhujue-sc/3_12-9","type":"image","transform":{"skX":0,"x":0,"scX":1,"scY":1,"y":0,"pX":114.75,"pY":82.8,"skY":0}},{"name":"zhujue-sc/4_13-1","type":"image","transform":{"skX":0,"x":0,"scX":1,"scY":1,"y":0,"pX":79.65,"pY":94.05,"skY":0}},{"name":"zhujue-sc/4_13-2","type":"image","transform":{"skX":0,"x":0,"scX":1,"scY":1,"y":0,"pX":55.35,"pY":82.35,"skY":0}},{"name":"zhujue-sc/4_13-3","type":"image","transform":{"skX":0,"x":0,"scX":1,"scY":1,"y":0,"pX":66.6,"pY":91.8,"skY":0}},{"name":"zhujue-sc/4_13-4","type":"image","transform":{"skX":0,"x":0,"scX":1,"scY":1,"y":0,"pX":79.65,"pY":85.5,"skY":0}},{"name":"zhujue-sc/4_13-5","type":"image","transform":{"skX":0,"x":0,"scX":1,"scY":1,"y":0,"pX":81.45,"pY":88.65,"skY":0}},{"name":"zhujue-sc/4_13-6","type":"image","transform":{"skX":0,"x":0,"scX":1,"scY":1,"y":0,"pX":93.6,"pY":105.3,"skY":0}},{"name":"zhujue-sc/4_13-7","type":"image","transform":{"skX":0,"x":0,"scX":1,"scY":1,"y":0,"pX":102.6,"pY":118.8,"skY":0}},{"name":"zhujue-sc/4_13-8","type":"image","transform":{"skX":0,"x":0,"scX":1,"scY":1,"y":0,"pX":104.4,"pY":140.4,"skY":0}},{"name":"zhujue-sc/4_13-9","type":"image","transform":{"skX":0,"x":0,"scX":1,"scY":1,"y":0,"pX":95.4,"pY":104.85,"skY":0}},{"name":"zhujue-sc/4_13-10","type":"image","transform":{"skX":0,"x":0,"scX":1,"scY":1,"y":0,"pX":89.1,"pY":107.1,"skY":0}},{"name":"zhujue-sc/renwujineng002","type":"image","transform":{"skX":0,"x":0,"scX":1,"scY":1,"y":0,"pX":58.5,"pY":72.45,"skY":0}},{"name":"zhujue-sc/renwujineng003","type":"image","transform":{"skX":0,"x":0,"scX":1,"scY":1,"y":0,"pX":58.5,"pY":72.45,"skY":0}},{"name":"zhujue-sc/renwujineng004","type":"image","transform":{"skX":0,"x":0,"scX":1,"scY":1,"y":0,"pX":56.7,"pY":68.4,"skY":0}},{"name":"zhujue-sc/renwujineng005","type":"image","transform":{"skX":0,"x":0,"scX":1,"scY":1,"y":0,"pX":56.7,"pY":66.6,"skY":0}},{"name":"zhujue-sc/renwujineng006","type":"image","transform":{"skX":0,"x":0,"scX":1,"scY":1,"y":0,"pX":42.75,"pY":95.4,"skY":0}},{"name":"zhujue-sc/renwujineng007","type":"image","transform":{"skX":0,"x":0,"scX":1,"scY":1,"y":0,"pX":48.15,"pY":104.4,"skY":0}},{"name":"zhujue-sc/renwujineng008","type":"image","transform":{"skX":0,"x":0,"scX":1,"scY":1,"y":0,"pX":61.65,"pY":93.6,"skY":0}},{"name":"zhujue-sc/renwujineng009","type":"image","transform":{"skX":0,"x":0,"scX":1,"scY":1,"y":0,"pX":63.9,"pY":96.75,"skY":0}},{"name":"zhujue-sc/renwujineng0010","type":"image","transform":{"skX":0,"x":0,"scX":1,"scY":1,"y":0,"pX":46.35,"pY":111.6,"skY":0}},{"name":"zhujue-sc/renwujineng0011","type":"image","transform":{"skX":0,"x":0,"scX":1,"scY":1,"y":0,"pX":38.7,"pY":119.25,"skY":0}}],"name":101,"z":1,"parent":101},{"display":[{"name":"zhujue-sc/zhujuezuojiao","type":"image","transform":{"skX":0,"x":1.71,"scX":1,"scY":1,"y":82.08,"pX":9.54,"pY":82.89,"skY":0}},{"name":"zhujue-sc/paost11","type":"image","transform":{"skX":0,"x":0,"scX":1,"scY":1,"y":0,"pX":48.74,"pY":49.41,"skY":0}},{"name":"zhujue-sc/zhujueyoujiao","type":"image","transform":{"skX":0,"x":1.8,"scX":1,"scY":1,"y":79.07,"pX":11.12,"pY":80.46,"skY":0}},{"name":"zhujue-sc/wandao1","type":"image","transform":{"skX":0,"x":0,"scX":1,"scY":1,"y":0,"pX":42.66,"pY":93.33,"skY":0}},{"name":"zhujue-sc/dao1","type":"image","transform":{"skX":0,"x":40.59,"scX":1,"scY":1,"y":37.67,"pX":54.18,"pY":55.35,"skY":0}},{"name":"zhujue-sc/dagao","type":"image","transform":{"skX":0,"x":-15.25,"scX":1,"scY":1,"y":69.89,"pX":39.24,"pY":87.08,"skY":0}}],"name":113,"z":2,"parent":113},{"display":[{"name":"zhujue-sc/zhujueyoujiao","type":"image","transform":{"skX":0,"x":1.85,"scX":1,"scY":1,"y":78.98,"pX":11.12,"pY":80.46,"skY":0}},{"name":"zhujue-sc/paobu112","type":"image","transform":{"skX":0,"x":0.05,"scX":1,"scY":1,"y":0.05,"pX":50.31,"pY":49.55,"skY":0}},{"name":"zhujue-sc/zhujuejiao1","type":"image","transform":{"skX":0,"x":0,"scX":1,"scY":1,"y":0,"pX":4.95,"pY":19.13,"skY":0}},{"name":"zhujue-sc/renwu3344","type":"image","transform":{"skX":0,"x":0.05,"scX":1,"scY":1,"y":0,"pX":41.18,"pY":82.35,"skY":0}},{"name":"zhujue-sc/dao1","type":"image","transform":{"skX":0,"x":40.59,"scX":1,"scY":1,"y":37.71,"pX":54.18,"pY":55.35,"skY":0}},{"name":"zhujue-sc/renwujineng001","type":"image","transform":{"skX":0,"x":0.05,"scX":1,"scY":1,"y":0.05,"pX":60.03,"pY":79.52,"skY":0}},{"name":"zhujue-sc/dagao","type":"image","transform":{"skX":0,"x":-15.25,"scX":1,"scY":1,"y":69.75,"pX":39.24,"pY":87.08,"skY":0}},{"name":"zhujue-sc/renwujineng0012","type":"image","transform":{"skX":0,"x":0,"scX":1,"scY":1,"y":0,"pX":62.19,"pY":119.7,"skY":0}},{"name":"zhujue-sc/renwujineng0013","type":"image","transform":{"skX":0,"x":0,"scX":1,"scY":1,"y":0,"pX":59.4,"pY":119.25,"skY":0}},{"name":"zhujue-sc/fukong001","type":"image","transform":{"skX":0,"x":0,"scX":1,"scY":1,"y":0,"pX":49.95,"pY":86.85,"skY":0}},{"name":"zhujue-sc/fukong002","type":"image","transform":{"skX":0,"x":0,"scX":1,"scY":1,"y":0,"pX":56.7,"pY":73.8,"skY":0}},{"name":"zhujue-sc/fukong003","type":"image","transform":{"skX":0,"x":0,"scX":1,"scY":1,"y":0,"pX":53.1,"pY":71.1,"skY":0}},{"name":"zhujue-sc/fukong004","type":"image","transform":{"skX":0,"x":0,"scX":1,"scY":1,"y":0,"pX":50.85,"pY":68.85,"skY":0}},{"name":"zhujue-sc/daodi001","type":"image","transform":{"skX":0,"x":0,"scX":1,"scY":1,"y":0,"pX":81,"pY":51.75,"skY":0}},{"name":"zhujue-sc/daodi002","type":"image","transform":{"skX":0,"x":0,"scX":1,"scY":1,"y":0,"pX":76.95,"pY":55.35,"skY":0}},{"name":"zhujue-sc/daodi003","type":"image","transform":{"skX":0,"x":0,"scX":1,"scY":1,"y":0,"pX":69.3,"pY":60.75,"skY":0}},{"name":"zhujue-sc/daodi004","type":"image","transform":{"skX":0,"x":0,"scX":1,"scY":1,"y":0,"pX":65.7,"pY":63,"skY":0}},{"name":"zhujue-sc/daodi005","type":"image","transform":{"skX":0,"x":0,"scX":1,"scY":1,"y":0,"pX":82.8,"pY":51.3,"skY":0}},{"name":"zhujue-sc/daodi006","type":"image","transform":{"skX":0,"x":0,"scX":1,"scY":1,"y":0,"pX":83.7,"pY":51.3,"skY":0}},{"name":"zhujue-sc/daodi007","type":"image","transform":{"skX":0,"x":0,"scX":1,"scY":1,"y":0,"pX":86.85,"pY":37.35,"skY":0}},{"name":"zhujue-sc/daodi008","type":"image","transform":{"skX":0,"x":0,"scX":1,"scY":1,"y":0,"pX":89.55,"pY":33.75,"skY":0}}],"name":114,"z":3,"parent":114},{"display":[{"name":"zhujue-sc/zuoshoupiaodong","type":"image","transform":{"skX":0,"x":2.93,"scX":1,"scY":1,"y":1.67,"pX":6.93,"pY":15.93,"skY":0}},{"name":"zhujue-sc/paobust33","type":"image","transform":{"skX":0,"x":0,"scX":1,"scY":1,"y":0.05,"pX":48.83,"pY":47.61,"skY":0}},{"name":"zhujue-sc/zhujuejiao2","type":"image","transform":{"skX":0,"x":0,"scX":1,"scY":1,"y":10.58,"pX":7.02,"pY":21.11,"skY":0}},{"name":"zhujue-sc/dao2","type":"image","transform":{"skX":0,"x":-0.13,"scX":1,"scY":1,"y":17.01,"pX":46.53,"pY":33.84,"skY":0}},{"name":"zhujue-sc/jiao444","type":"image","transform":{"skX":0,"x":0,"scX":1,"scY":1,"y":-32.67,"pX":15.75,"pY":32.67,"skY":0}}],"name":115,"z":4,"parent":115},{"display":[{"name":"zhujue-sc/youshoupiaod","type":"image","transform":{"skX":0,"x":-6.52,"scX":1,"scY":1,"y":5.85,"pX":6.12,"pY":19.35,"skY":0}},{"name":"zhujue-sc/paobust44","type":"image","transform":{"skX":0,"x":0.05,"scX":1,"scY":1,"y":0.05,"pX":51.44,"pY":46.85,"skY":0}},{"name":"zhujue-sc/wandao1","type":"image","transform":{"skX":0,"x":0,"scX":1,"scY":1,"y":0,"pX":42.66,"pY":93.33,"skY":0}},{"name":"zhujue-sc/renwugj2","type":"image","transform":{"skX":0,"x":0,"scX":1,"scY":1,"y":0,"pX":76.5,"pY":67.5,"skY":0}},{"name":"zhujue-sc/tui333","type":"image","transform":{"skX":0,"x":34.2,"scX":1,"scY":1,"y":-8.46,"pX":39.69,"pY":12.74,"skY":0}}],"name":116,"z":5,"parent":116},{"display":[{"name":"zhujue-sc/wandao1","type":"image","transform":{"skX":0,"x":0,"scX":1,"scY":1,"y":0,"pX":42.66,"pY":93.33,"skY":0}},{"name":"zhujue-sc/jiao11","type":"image","transform":{"skX":0,"x":0,"scX":1,"scY":1,"y":0.09,"pX":9.23,"pY":55.94,"skY":0}},{"name":"zhujue-sc/tui114","type":"image","transform":{"skX":0,"x":0,"scX":1,"scY":1,"y":0.05,"pX":25.11,"pY":39.78,"skY":0}},{"name":"zhujue-sc/shoujist1","type":"image","transform":{"skX":0,"x":0.05,"scX":1,"scY":1,"y":0,"pX":44.33,"pY":54.77,"skY":0}},{"name":"zhujue-sc/shoujist2","type":"image","transform":{"skX":0,"x":0,"scX":1,"scY":1,"y":0,"pX":67.95,"pY":71.55,"skY":0}},{"name":"zhujue-sc/shoujist3","type":"image","transform":{"skX":0,"x":0,"scX":1,"scY":1,"y":0,"pX":71.1,"pY":63.45,"skY":0}},{"name":"zhujue-sc/renwugjst2","type":"image","transform":{"skX":0,"x":0,"scX":1,"scY":1,"y":0.05,"pX":63.45,"pY":54.63,"skY":0}},{"name":"zhujue-sc/renwugjst3","type":"image","transform":{"skX":0,"x":0,"scX":1,"scY":1,"y":0,"pX":67.41,"pY":50.9,"skY":0}},{"name":"zhujue-sc/shento55","type":"image","transform":{"skX":0,"x":0,"scX":1,"scY":1,"y":0.05,"pX":40.46,"pY":54.59,"skY":0}}],"name":118,"z":6,"parent":118},{"display":[{"name":"zhujue-sc/budongjiegou","type":"image","transform":{"skX":0,"x":0.05,"scX":1,"scY":1,"y":52.43,"pX":34.65,"pY":104.85,"skY":0}},{"name":"zhujue-sc/shou23","type":"image","transform":{"skX":0,"x":13.28,"scX":1,"scY":1,"y":-2.92,"pX":14.67,"pY":12.83,"skY":0}}],"name":119,"z":7,"parent":119},{"display":[{"name":"zhujue-sc/yundongjiegou001","type":"image","transform":{"skX":0,"x":0.05,"scX":1,"scY":1,"y":26.46,"pX":27.5,"pY":52.92,"skY":0}},{"name":"zhujue-sc/yundongjiegou002","type":"image","transform":{"skX":0,"x":0,"scX":1,"scY":1,"y":0.05,"pX":27.23,"pY":26.28,"skY":0}},{"name":"zhujue-sc/yundongjiegou003","type":"image","transform":{"skX":0,"x":0.05,"scX":1,"scY":1,"y":0,"pX":27.63,"pY":26.46,"skY":0}},{"name":"zhujue-sc/yundongjiegou004","type":"image","transform":{"skX":0,"x":0.05,"scX":1,"scY":1,"y":0.05,"pX":26.33,"pY":25.56,"skY":0}},{"name":"zhujue-sc/yundongjiegou005","type":"image","transform":{"skX":0,"x":0,"scX":1,"scY":1,"y":0,"pX":25.74,"pY":25.47,"skY":0}},{"name":"zhujue-sc/yundongjiegou006","type":"image","transform":{"skX":0,"x":0,"scX":1,"scY":1,"y":0.05,"pX":27.59,"pY":25.61,"skY":0}},{"name":"zhujue-sc/yundongjiegou007","type":"image","transform":{"skX":0,"x":0.05,"scX":1,"scY":1,"y":0,"pX":26.28,"pY":24.75,"skY":0}},{"name":"zhujue-sc/yundongjiegou008","type":"image","transform":{"skX":0,"x":0,"scX":1,"scY":1,"y":0.05,"pX":26.64,"pY":25.16,"skY":0}},{"name":"zhujue-sc/yundongjiegou009","type":"image","transform":{"skX":0,"x":0.05,"scX":1,"scY":1,"y":0,"pX":26.37,"pY":25.2,"skY":0}},{"name":"zhujue-sc/yundongjiegou010","type":"image","transform":{"skX":0,"x":0,"scX":1,"scY":1,"y":0.05,"pX":26.87,"pY":25.38,"skY":0}},{"name":"zhujue-sc/yundongjiegou011","type":"image","transform":{"skX":0,"x":0.05,"scX":1,"scY":1,"y":0,"pX":26.51,"pY":26.15,"skY":0}},{"name":"zhujue-sc/yundongjiegou012","type":"image","transform":{"skX":0,"x":0,"scX":1,"scY":1,"y":0,"pX":26.46,"pY":26.06,"skY":0}},{"name":"zhujue-sc/tui334","type":"image","transform":{"skX":0,"x":0,"scX":1,"scY":1,"y":0.05,"pX":28.44,"pY":27.63,"skY":0}},{"name":"zhujue-sc/tui1333","type":"image","transform":{"skX":0,"x":0.05,"scX":1,"scY":1,"y":0,"pX":45.72,"pY":23.94,"skY":0}},{"name":"zhujue-sc/paobuj113","type":"image","transform":{"skX":0,"x":0,"scX":1,"scY":1,"y":0,"pX":40.19,"pY":38.84,"skY":0}},{"name":"zhujue-sc/paobujiao114","type":"image","transform":{"skX":0,"x":-0.05,"scX":1,"scY":1,"y":0.05,"pX":53.1,"pY":23.63,"skY":0}},{"name":"zhujue-sc/paobujiao115","type":"image","transform":{"skX":0,"x":0,"scX":1,"scY":1,"y":0,"pX":67.1,"pY":21.65,"skY":0}},{"name":"zhujue-sc/paobujiao116","type":"image","transform":{"skX":0,"x":0,"scX":1,"scY":1,"y":0,"pX":72.77,"pY":25.56,"skY":0}},{"name":"zhujue-sc/paobut66","type":"image","transform":{"skX":0,"x":0,"scX":1,"scY":1,"y":0,"pX":54.05,"pY":40.77,"skY":0}},{"name":"zhujue-sc/paobutui77","type":"image","transform":{"skX":0,"x":0.05,"scX":1,"scY":1,"y":0,"pX":35.69,"pY":40.46,"skY":0}},{"name":"zhujue-sc/paobut88","type":"image","transform":{"skX":0,"x":0,"scX":1,"scY":1,"y":0,"pX":30.15,"pY":61.79,"skY":0}},{"name":"zhujue-sc/paobut99","type":"image","transform":{"skX":0,"x":0,"scX":1,"scY":1,"y":0,"pX":70.83,"pY":27.45,"skY":0}},{"name":"zhujue-sc/shou444","type":"image","transform":{"skX":0,"x":0,"scX":1,"scY":1,"y":0.05,"pX":28.13,"pY":13.05,"skY":0}}],"name":121,"z":8,"parent":121},{"display":[{"name":"zhujue-sc/piaodai001","type":"image","transform":{"skX":0,"x":-5.89,"scX":1,"scY":1,"y":6.89,"pX":5.94,"pY":6.89,"skY":0}},{"name":"zhujue-sc/piaodai002","type":"image","transform":{"skX":0,"x":0,"scX":1,"scY":1,"y":0,"pX":12.24,"pY":0,"skY":0}},{"name":"zhujue-sc/piaodai003","type":"image","transform":{"skX":0,"x":0,"scX":1,"scY":1,"y":0,"pX":13.23,"pY":0.41,"skY":0}},{"name":"zhujue-sc/piaodai004","type":"image","transform":{"skX":0,"x":0,"scX":1,"scY":1,"y":0,"pX":14.4,"pY":0,"skY":0}},{"name":"zhujue-sc/piaodai005","type":"image","transform":{"skX":0,"x":0,"scX":1,"scY":1,"y":0,"pX":14.85,"pY":0.5,"skY":0}},{"name":"zhujue-sc/piaodai006","type":"image","transform":{"skX":0,"x":0,"scX":1,"scY":1,"y":0,"pX":15.75,"pY":0,"skY":0}},{"name":"zhujue-sc/piaodai007","type":"image","transform":{"skX":0,"x":0,"scX":1,"scY":1,"y":0,"pX":15.48,"pY":0,"skY":0}},{"name":"zhujue-sc/piaodai008","type":"image","transform":{"skX":0,"x":0,"scX":1,"scY":1,"y":0,"pX":15.75,"pY":0.59,"skY":0}},{"name":"zhujue-sc/piaodai009","type":"image","transform":{"skX":0,"x":0,"scX":1,"scY":1,"y":0,"pX":14.85,"pY":0,"skY":0}},{"name":"zhujue-sc/piaodai010","type":"image","transform":{"skX":0,"x":0,"scX":1,"scY":1,"y":0,"pX":13.82,"pY":0,"skY":0}},{"name":"zhujue-sc/piaodai011","type":"image","transform":{"skX":0,"x":0,"scX":1,"scY":1,"y":0,"pX":14.45,"pY":0,"skY":0}},{"name":"zhujue-sc/piaodai012","type":"image","transform":{"skX":0,"x":0,"scX":1,"scY":1,"y":0,"pX":13.28,"pY":0.77,"skY":0}}],"name":201,"z":9,"parent":201},{"display":[{"name":"zhujue-sc/zhujuejiao1","type":"image","transform":{"skX":0,"x":0,"scX":1,"scY":1,"y":0,"pX":4.95,"pY":19.13,"skY":0}}],"name":"zhujuejiao1","z":10,"parent":"zhujuejiao1"},{"display":[{"name":"zhujue-sc/zhujuejiao2","type":"image","transform":{"skX":0,"x":0,"scX":1,"scY":1,"y":10.58,"pX":7.02,"pY":21.11,"skY":0}}],"name":"zhujuejiao2","z":11,"parent":"zhujuejiao2"}]}],"name":"zhujue1","animation":[{"fadeInTime":0,"name":"daiji","loop":1,"timeline":[{"offset":0,"name":117,"scale":1,"frame":[{"duration":2,"z":0,"transform":{"skX":36.45,"x":9,"scX":-0.95,"scY":0.95,"y":-108.09,"pX":0,"pY":0,"skY":36.45}},{"duration":2,"z":0,"transform":{"skX":36.45,"x":9.05,"scX":-0.95,"scY":0.95,"y":-107.86,"pX":0,"pY":0,"skY":36.45}},{"duration":2,"z":0,"transform":{"skX":36.45,"x":9,"scX":-0.95,"scY":0.95,"y":-107.59,"pX":0,"pY":0,"skY":36.45}},{"duration":2,"z":0,"transform":{"skX":36.45,"x":9.05,"scX":-0.95,"scY":0.95,"y":-107.37,"pX":0,"pY":0,"skY":36.45}},{"duration":2,"z":0,"transform":{"skX":36.45,"x":9.09,"scX":-0.95,"scY":0.95,"y":-107.19,"pX":0,"pY":0,"skY":36.45}},{"duration":2,"z":0,"transform":{"skX":36.45,"x":9.09,"scX":-0.95,"scY":0.95,"y":-107.01,"pX":0,"pY":0,"skY":36.45}},{"duration":2,"z":0,"transform":{"skX":36.45,"x":9,"scX":-0.95,"scY":0.95,"y":-106.6,"pX":0,"pY":0,"skY":36.45}},{"duration":2,"z":0,"transform":{"skX":36.45,"x":9,"scX":-0.95,"scY":0.95,"y":-106.96,"pX":0,"pY":0,"skY":36.45}},{"duration":2,"z":0,"transform":{"skX":36.45,"x":9,"scX":-0.95,"scY":0.95,"y":-107.19,"pX":0,"pY":0,"skY":36.45}},{"duration":2,"z":0,"transform":{"skX":36.45,"x":9,"scX":-0.95,"scY":0.95,"y":-107.41,"pX":0,"pY":0,"skY":36.45}},{"duration":2,"z":0,"transform":{"skX":36.45,"x":9,"scX":-0.95,"scY":0.95,"y":-107.64,"pX":0,"pY":0,"skY":36.45}},{"duration":2,"z":0,"transform":{"skX":36.45,"x":9,"scX":-0.95,"scY":0.95,"y":-108.09,"pX":0,"pY":0,"skY":36.45}}]},{"offset":0,"name":101,"scale":1,"frame":[{"duration":2,"z":1,"transform":{"skX":0,"x":-14.72,"scX":1,"scY":1,"y":-121.68,"pX":0,"pY":0,"skY":0}},{"duration":2,"z":1,"transform":{"skX":0,"x":-14.72,"scX":1,"scY":1,"y":-121.45,"pX":0,"pY":0,"skY":0},"displayIndex":1},{"duration":2,"z":1,"transform":{"skX":0,"x":-18.36,"scX":1,"scY":1,"y":-121.41,"pX":0,"pY":0,"skY":0},"displayIndex":2},{"duration":2,"z":1,"transform":{"skX":0,"x":-20.16,"scX":1,"scY":1,"y":-121.9,"pX":0,"pY":0,"skY":0},"displayIndex":3},{"duration":2,"z":1,"transform":{"skX":0,"x":-20.16,"scX":1,"scY":1,"y":-121.68,"pX":0,"pY":0,"skY":0},"displayIndex":4},{"duration":2,"z":1,"transform":{"skX":0,"x":-21.33,"scX":1,"scY":1,"y":-121.36,"pX":0,"pY":0,"skY":0},"displayIndex":5},{"duration":2,"z":1,"transform":{"skX":0,"x":-22.54,"scX":1,"scY":1,"y":-120.87,"pX":0,"pY":0,"skY":0},"displayIndex":6},{"duration":2,"z":1,"transform":{"skX":0,"x":-22.54,"scX":1,"scY":1,"y":-121.1,"pX":0,"pY":0,"skY":0},"displayIndex":7},{"duration":2,"z":1,"transform":{"skX":0,"x":-21.78,"scX":1,"scY":1,"y":-122.04,"pX":0,"pY":0,"skY":0},"displayIndex":8},{"duration":2,"z":1,"transform":{"skX":0,"x":-18.9,"scX":1,"scY":1,"y":-122,"pX":0,"pY":0,"skY":0},"displayIndex":9},{"duration":2,"z":1,"transform":{"skX":0,"x":-18.9,"scX":1,"scY":1,"y":-122.22,"pX":0,"pY":0,"skY":0},"displayIndex":10},{"duration":2,"z":1,"transform":{"skX":0,"x":-16.65,"scX":1,"scY":1,"y":-122.08,"pX":0,"pY":0,"skY":0},"displayIndex":11}]},{"offset":0,"name":113,"scale":1,"frame":[{"duration":2,"z":2,"transform":{"skX":-24.94,"x":-2.16,"scX":1,"scY":1.01,"y":-86.31,"pX":0,"pY":0,"skY":-24.95}},{"duration":2,"z":2,"transform":{"skX":-24.94,"x":-2.25,"scX":1,"scY":1.01,"y":-86.22,"pX":0,"pY":0,"skY":-24.95}},{"duration":2,"z":2,"transform":{"skX":-24.94,"x":-2.25,"scX":1,"scY":1.01,"y":-86.13,"pX":0,"pY":0,"skY":-24.95}},{"duration":2,"z":2,"transform":{"skX":-24.94,"x":-2.25,"scX":1,"scY":1.01,"y":-86.04,"pX":0,"pY":0,"skY":-24.95}},{"duration":2,"z":2,"transform":{"skX":-24.94,"x":-2.25,"scX":1,"scY":1.01,"y":-85.86,"pX":0,"pY":0,"skY":-24.95}},{"duration":2,"z":2,"transform":{"skX":-24.94,"x":-2.25,"scX":1,"scY":1.01,"y":-85.77,"pX":0,"pY":0,"skY":-24.95}},{"duration":2,"z":2,"transform":{"skX":-24.94,"x":-2.25,"scX":1,"scY":1.01,"y":-85.59,"pX":0,"pY":0,"skY":-24.95}},{"duration":2,"z":2,"transform":{"skX":-24.94,"x":-2.25,"scX":1,"scY":1.01,"y":-85.77,"pX":0,"pY":0,"skY":-24.95}},{"duration":2,"z":2,"transform":{"skX":-24.94,"x":-2.25,"scX":1,"scY":1.01,"y":-85.86,"pX":0,"pY":0,"skY":-24.95}},{"duration":2,"z":2,"transform":{"skX":-24.94,"x":-2.25,"scX":1,"scY":1.01,"y":-85.95,"pX":0,"pY":0,"skY":-24.95}},{"duration":2,"z":2,"transform":{"skX":-24.94,"x":-2.25,"scX":1,"scY":1.01,"y":-86.04,"pX":0,"pY":0,"skY":-24.95}},{"duration":2,"z":2,"transform":{"skX":-24.94,"x":-2.25,"scX":1,"scY":1.01,"y":-86.13,"pX":0,"pY":0,"skY":-24.95}}]},{"offset":0,"name":114,"scale":1,"frame":[{"duration":2,"z":3,"transform":{"skX":21.76,"x":-12.91,"scX":1,"scY":1.01,"y":-87.43,"pX":0,"pY":0,"skY":21.76}},{"duration":2,"z":3,"transform":{"skX":21.76,"x":-13,"scX":1,"scY":1.01,"y":-87.34,"pX":0,"pY":0.05,"skY":21.76}},{"duration":2,"z":3,"transform":{"skX":21.76,"x":-13,"scX":1,"scY":1.01,"y":-87.26,"pX":0,"pY":0.09,"skY":21.76}},{"duration":2,"z":3,"transform":{"skX":21.76,"x":-13,"scX":1,"scY":1.01,"y":-87.16,"pX":0,"pY":0.09,"skY":21.76}},{"duration":2,"z":3,"transform":{"skX":21.76,"x":-13,"scX":1,"scY":1.01,"y":-86.99,"pX":0,"pY":0.09,"skY":21.76}},{"duration":2,"z":3,"transform":{"skX":21.76,"x":-13,"scX":1,"scY":1.01,"y":-86.89,"pX":0,"pY":0.05,"skY":21.76}},{"duration":2,"z":3,"transform":{"skX":21.76,"x":-13,"scX":1,"scY":1.01,"y":-86.71,"pX":0,"pY":0.05,"skY":21.76}},{"duration":2,"z":3,"transform":{"skX":21.76,"x":-13,"scX":1,"scY":1.01,"y":-86.89,"pX":0,"pY":0.05,"skY":21.76}},{"duration":2,"z":3,"transform":{"skX":21.76,"x":-13,"scX":1,"scY":1.01,"y":-86.99,"pX":0,"pY":0.09,"skY":21.76}},{"duration":2,"z":3,"transform":{"skX":21.76,"x":-13,"scX":1,"scY":1.01,"y":-87.07,"pX":0,"pY":0.09,"skY":21.76}},{"duration":2,"z":3,"transform":{"skX":21.76,"x":-13,"scX":1,"scY":1.01,"y":-87.16,"pX":0,"pY":0.09,"skY":21.76}},{"duration":2,"z":3,"transform":{"skX":21.76,"x":-13,"scX":1,"scY":1.01,"y":-87.26,"pX":0,"pY":0.09,"skY":21.76}}]},{"offset":0,"name":115,"scale":1,"frame":[{"duration":8,"tweenEasing":0,"z":4,"transform":{"skX":0,"x":7.65,"scX":1,"scY":1,"y":-134.37,"pX":0,"pY":0,"skY":0}},{"duration":4,"tweenEasing":0,"z":4,"transform":{"skX":-5.79,"x":7.61,"scX":1,"scY":1,"y":-132.84,"pX":0,"pY":0,"skY":-3.31}},{"duration":4,"tweenEasing":0,"z":4,"transform":{"skX":-8.83,"x":7.56,"scX":1,"scY":1,"y":-132.48,"pX":0,"pY":0,"skY":-5.22}},{"duration":7,"tweenEasing":0,"z":4,"transform":{"skX":-5.53,"x":7.61,"scX":1,"scY":1,"y":-132.89,"pX":-0.05,"pY":-0.09,"skY":-3.27}},{"duration":1,"z":4,"transform":{"skX":0,"x":7.65,"scX":1,"scY":1,"y":-134.37,"pX":0,"pY":0,"skY":0}}]},{"offset":0,"name":116,"scale":1,"frame":[{"duration":8,"tweenEasing":0,"z":5,"transform":{"skX":0,"x":-26.37,"scX":1,"scY":1,"y":-124.65,"pX":0,"pY":0,"skY":0}},{"duration":4,"tweenEasing":0,"z":5,"transform":{"skX":3.27,"x":-26.05,"scX":1,"scY":1,"y":-123.7,"pX":0,"pY":-0.09,"skY":3.27}},{"duration":4,"tweenEasing":0,"z":5,"transform":{"skX":5,"x":-25.92,"scX":1,"scY":1,"y":-123.39,"pX":0.05,"pY":0,"skY":5}},{"duration":7,"tweenEasing":0,"z":5,"transform":{"skX":3.05,"x":-26.05,"scX":1,"scY":1,"y":-123.8,"pX":0.05,"pY":-0.05,"skY":3.05}},{"duration":1,"z":5,"transform":{"skX":0,"x":-26.37,"scX":1,"scY":1,"y":-124.65,"pX":0,"pY":0,"skY":0}}]},{"offset":0,"name":118,"scale":1,"frame":[{"duration":2,"z":6,"transform":{"skX":1.98,"x":-37.8,"scX":0.95,"scY":0.95,"y":-80.32,"pX":0,"pY":0,"skY":1.98}},{"duration":2,"z":6,"transform":{"skX":1.98,"x":-37.76,"scX":0.95,"scY":0.95,"y":-80.1,"pX":0,"pY":0,"skY":1.98}},{"duration":2,"z":6,"transform":{"skX":1.98,"x":-37.76,"scX":0.95,"scY":0.95,"y":-79.6,"pX":0,"pY":0,"skY":1.98}},{"duration":2,"z":6,"transform":{"skX":1.98,"x":-37.58,"scX":0.95,"scY":0.95,"y":-79.38,"pX":0,"pY":0,"skY":1.98}},{"duration":2,"z":6,"transform":{"skX":1.98,"x":-37.58,"scX":0.95,"scY":0.95,"y":-79.11,"pX":0,"pY":0,"skY":1.98}},{"duration":2,"z":6,"transform":{"skX":1.98,"x":-37.58,"scX":0.95,"scY":0.95,"y":-79.2,"pX":0,"pY":0,"skY":1.98}},{"duration":2,"z":6,"transform":{"skX":1.98,"x":-37.58,"scX":0.95,"scY":0.95,"y":-78.98,"pX":0,"pY":0,"skY":1.98}},{"duration":2,"z":6,"transform":{"skX":1.98,"x":-37.58,"scX":0.95,"scY":0.95,"y":-79.2,"pX":0,"pY":0,"skY":1.98}},{"duration":2,"z":6,"transform":{"skX":1.98,"x":-37.58,"scX":0.95,"scY":0.95,"y":-79.42,"pX":0,"pY":0,"skY":1.98}},{"duration":2,"z":6,"transform":{"skX":1.98,"x":-37.58,"scX":0.95,"scY":0.95,"y":-79.87,"pX":0,"pY":0,"skY":1.98}},{"duration":2,"z":6,"transform":{"skX":1.98,"x":-37.58,"scX":0.95,"scY":0.95,"y":-80.1,"pX":0,"pY":0,"skY":1.98}},{"duration":2,"z":6,"transform":{"skX":1.98,"x":-37.58,"scX":0.95,"scY":0.95,"y":-80.55,"pX":0,"pY":0,"skY":1.98}}]},{"offset":0,"name":119,"scale":1,"frame":[{"duration":2,"z":7,"transform":{"skX":0,"x":-7.96,"scX":1,"scY":1,"y":-119.25,"pX":0,"pY":0,"skY":0}},{"duration":2,"z":7,"transform":{"skX":0,"x":-7.87,"scX":1,"scY":1,"y":-119.07,"pX":0,"pY":0,"skY":0}},{"duration":2,"z":7,"transform":{"skX":0,"x":-7.87,"scX":1,"scY":1,"y":-118.66,"pX":0,"pY":0,"skY":0}},{"duration":2,"z":7,"transform":{"skX":0,"x":-7.78,"scX":1,"scY":1,"y":-118.35,"pX":0,"pY":0,"skY":0}},{"duration":2,"z":7,"transform":{"skX":0,"x":-7.96,"scX":1,"scY":1,"y":-117.9,"pX":0,"pY":0,"skY":0}},{"duration":2,"z":7,"transform":{"skX":0,"x":-7.96,"scX":1,"scY":1,"y":-117.9,"pX":0,"pY":0,"skY":0}},{"duration":2,"z":7,"transform":{"skX":0,"x":-7.96,"scX":1,"scY":1,"y":-117.67,"pX":0,"pY":0,"skY":0}},{"duration":2,"z":7,"transform":{"skX":0,"x":-7.96,"scX":1,"scY":1,"y":-117.9,"pX":0,"pY":0,"skY":0}},{"duration":2,"z":7,"transform":{"skX":0,"x":-7.96,"scX":1,"scY":1,"y":-118.12,"pX":0,"pY":0,"skY":0}},{"duration":2,"z":7,"transform":{"skX":0,"x":-7.96,"scX":1,"scY":1,"y":-118.57,"pX":0,"pY":0,"skY":0}},{"duration":2,"z":7,"transform":{"skX":0,"x":-7.96,"scX":1,"scY":1,"y":-118.8,"pX":0,"pY":0,"skY":0}},{"duration":2,"z":7,"transform":{"skX":0,"x":-7.96,"scX":1,"scY":1,"y":-119.25,"pX":0,"pY":0,"skY":0}}]},{"offset":0,"name":121,"scale":1,"frame":[{"duration":2,"z":8,"transform":{"skX":0,"x":-4.09,"scX":1,"scY":1,"y":-105.75,"pX":0,"pY":0,"skY":0}},{"duration":2,"z":8,"transform":{"skX":0,"x":-4.54,"scX":1,"scY":1,"y":-105.93,"pX":0,"pY":0,"skY":0},"displayIndex":1},{"duration":2,"z":8,"transform":{"skX":0,"x":-4.28,"scX":1,"scY":1,"y":-105.79,"pX":0,"pY":0,"skY":0},"displayIndex":2},{"duration":2,"z":8,"transform":{"skX":0,"x":-6.57,"scX":1,"scY":1,"y":-106.56,"pX":0,"pY":0,"skY":0},"displayIndex":3},{"duration":2,"z":8,"transform":{"skX":0,"x":-6.43,"scX":1,"scY":1,"y":-106.56,"pX":0,"pY":0,"skY":0},"displayIndex":4},{"duration":2,"z":8,"transform":{"skX":0,"x":-6.48,"scX":1,"scY":1,"y":-107.05,"pX":0,"pY":0,"skY":0},"displayIndex":5},{"duration":2,"z":8,"transform":{"skX":0,"x":-6.03,"scX":1,"scY":1,"y":-107.19,"pX":0,"pY":0,"skY":0},"displayIndex":6},{"duration":2,"z":8,"transform":{"skX":0,"x":-6.43,"scX":1,"scY":1,"y":-107.28,"pX":0,"pY":0,"skY":0},"displayIndex":7},{"duration":2,"z":8,"transform":{"skX":0,"x":-6.61,"scX":1,"scY":1,"y":-107.1,"pX":0,"pY":0,"skY":0},"displayIndex":8},{"duration":2,"z":8,"transform":{"skX":0,"x":-5.76,"scX":1,"scY":1,"y":-106.83,"pX":0,"pY":0,"skY":0},"displayIndex":9},{"duration":2,"z":8,"transform":{"skX":0,"x":-6.3,"scX":1,"scY":1,"y":-106.24,"pX":0,"pY":0,"skY":0},"displayIndex":10},{"duration":2,"z":8,"transform":{"skX":0,"x":-5.35,"scX":1,"scY":1,"y":-106.24,"pX":0,"pY":0,"skY":0},"displayIndex":11}]},{"offset":0,"name":201,"scale":1,"frame":[{"duration":2,"z":9,"transform":{"skX":0,"x":-18.81,"scX":1,"scY":1,"y":-157.72,"pX":0,"pY":0,"skY":0}},{"duration":2,"z":9,"transform":{"skX":0,"x":-18.63,"scX":1,"scY":1,"y":-157.5,"pX":0,"pY":0,"skY":0},"displayIndex":1},{"duration":2,"z":9,"transform":{"skX":0,"x":-18.49,"scX":1,"scY":1,"y":-157.27,"pX":0,"pY":0,"skY":0},"displayIndex":2},{"duration":2,"z":9,"transform":{"skX":0,"x":-18.36,"scX":1,"scY":1,"y":-157.1,"pX":0,"pY":0,"skY":0},"displayIndex":3},{"duration":2,"z":9,"transform":{"skX":0,"x":-18.45,"scX":1,"scY":1,"y":-156.69,"pX":0,"pY":0,"skY":0},"displayIndex":4},{"duration":2,"z":9,"transform":{"skX":0,"x":-18.36,"scX":1,"scY":1,"y":-156.65,"pX":0,"pY":0,"skY":0},"displayIndex":5},{"duration":2,"z":9,"transform":{"skX":0,"x":-18.4,"scX":1,"scY":1,"y":-156.28,"pX":0,"pY":0,"skY":0},"displayIndex":6},{"duration":2,"z":9,"transform":{"skX":0,"x":-18.36,"scX":1,"scY":1,"y":-156.06,"pX":0,"pY":0,"skY":0},"displayIndex":7},{"duration":2,"z":9,"transform":{"skX":0,"x":-18.45,"scX":1,"scY":1,"y":-156.6,"pX":0,"pY":0,"skY":0},"displayIndex":8},{"duration":2,"z":9,"transform":{"skX":0,"x":-18.49,"scX":1,"scY":1,"y":-157.14,"pX":0,"pY":0,"skY":0},"displayIndex":9},{"duration":2,"z":9,"transform":{"skX":0,"x":-17.91,"scX":1,"scY":1,"y":-157.59,"pX":0,"pY":0,"skY":0},"displayIndex":10},{"duration":2,"z":9,"transform":{"skX":0,"x":-18.45,"scX":1,"scY":1,"y":-157.27,"pX":0,"pY":0,"skY":0},"displayIndex":11}]},{"offset":0,"name":"zhujuejiao1","scale":1,"frame":[{"duration":24,"z":10,"transform":{"skX":0,"x":-45.22,"scX":1,"scY":1,"y":1.26,"pX":0,"pY":0,"skY":0}}]},{"offset":0,"name":"zhujuejiao2","scale":1,"frame":[{"duration":24,"z":11,"transform":{"skX":0,"x":34.92,"scX":1,"scY":1,"y":-6.07,"pX":0,"pY":0,"skY":0}}]}],"autoTween":1,"duration":24,"tweenEasing":null,"scale":1},{"fadeInTime":0,"name":"yidong","loop":1,"timeline":[{"offset":0,"name":117,"scale":1,"frame":[{"duration":8,"displayIndex":-1},{"duration":2,"z":0,"transform":{"skX":0,"x":18.81,"scX":1,"scY":1,"y":-125.15,"pX":0,"pY":0,"skY":0},"displayIndex":1},{"duration":8,"displayIndex":-1},{"duration":2,"z":0,"transform":{"skX":0,"x":17.91,"scX":1,"scY":1,"y":-125.15,"pX":0,"pY":0,"skY":0},"displayIndex":1}]},{"offset":0,"name":101,"scale":1,"frame":[{"duration":2,"z":1,"transform":{"skX":-3,"x":-15.21,"scX":0.95,"scY":0.92,"y":-111.69,"pX":0,"pY":0,"skY":-3},"displayIndex":12},{"duration":2,"z":1,"transform":{"skX":-5.4,"x":-14.98,"scX":0.95,"scY":0.93,"y":-106.51,"pX":0,"pY":0,"skY":-5.4},"displayIndex":12},{"duration":2,"z":1,"transform":{"skX":-11.37,"x":-14.4,"scX":0.95,"scY":0.93,"y":-99.58,"pX":0,"pY":0,"skY":-11.37},"displayIndex":12},{"duration":2,"z":1,"transform":{"skX":-6.63,"x":-15.43,"scX":0.95,"scY":0.93,"y":-104.04,"pX":0,"pY":0,"skY":-6.63},"displayIndex":12},{"duration":2,"z":1,"transform":{"skX":-5.4,"x":-15.3,"scX":0.95,"scY":0.93,"y":-107.01,"pX":0,"pY":0,"skY":-5.4},"displayIndex":12},{"duration":2,"z":1,"transform":{"skX":-3,"x":-15.21,"scX":0.95,"scY":0.92,"y":-111.69,"pX":0,"pY":0,"skY":-3},"displayIndex":12},{"duration":2,"z":1,"transform":{"skX":-5.4,"x":-14.98,"scX":0.95,"scY":0.93,"y":-106.51,"pX":0,"pY":0,"skY":-5.4},"displayIndex":12},{"duration":2,"z":1,"transform":{"skX":-11.37,"x":-14.4,"scX":0.95,"scY":0.93,"y":-99.58,"pX":0,"pY":0,"skY":-11.37},"displayIndex":12},{"duration":2,"z":1,"transform":{"skX":-6.63,"x":-15.43,"scX":0.95,"scY":0.93,"y":-104.04,"pX":0,"pY":0,"skY":-6.63},"displayIndex":12},{"duration":2,"z":1,"transform":{"skX":-5.4,"x":-15.3,"scX":0.95,"scY":0.93,"y":-107.01,"pX":0,"pY":0,"skY":-5.4},"displayIndex":12}]},{"offset":0,"name":113,"scale":1,"frame":[{"duration":2,"z":2,"transform":{"skX":0,"x":24.26,"scX":1,"scY":1,"y":-125.37,"pX":0,"pY":0,"skY":0},"displayIndex":1},{"duration":8,"displayIndex":-1},{"duration":2,"z":2,"transform":{"skX":0,"x":24.71,"scX":1,"scY":1,"y":-124.92,"pX":0,"pY":0,"skY":0},"displayIndex":1},{"duration":8,"displayIndex":-1}]},{"offset":0,"name":114,"scale":1,"frame":[{"duration":2,"displayIndex":-1},{"duration":2,"z":3,"transform":{"skX":0,"x":20.38,"scX":1,"scY":1,"y":-123.03,"pX":0,"pY":0,"skY":0},"displayIndex":1},{"duration":8,"displayIndex":-1},{"duration":2,"z":3,"transform":{"skX":0,"x":19.26,"scX":1,"scY":1,"y":-123.25,"pX":0,"pY":0,"skY":0},"displayIndex":1},{"duration":6,"displayIndex":-1}]},{"offset":0,"name":115,"scale":1,"frame":[{"duration":4,"displayIndex":-1},{"duration":2,"z":4,"transform":{"skX":0,"x":19.4,"scX":1,"scY":1,"y":-122.26,"pX":0,"pY":0,"skY":0},"displayIndex":1},{"duration":8,"displayIndex":-1},{"duration":2,"z":4,"transform":{"skX":0,"x":19.62,"scX":1,"scY":1,"y":-123.16,"pX":0,"pY":0,"skY":0},"displayIndex":1},{"duration":4,"displayIndex":-1}]},{"offset":0,"name":116,"scale":1,"frame":[{"duration":6,"displayIndex":-1},{"duration":2,"z":5,"transform":{"skX":0,"x":16.34,"scX":1,"scY":1,"y":-125.05,"pX":0,"pY":0,"skY":0},"displayIndex":1},{"duration":8,"displayIndex":-1},{"duration":2,"z":5,"transform":{"skX":0,"x":17.01,"scX":1,"scY":1,"y":-124.83,"pX":0,"pY":0,"skY":0},"displayIndex":1},{"duration":2,"displayIndex":-1}]},{"offset":0,"name":118,"scale":1,"frame":[{"duration":2,"z":6,"transform":{"skX":50.49,"x":-29.88,"scX":1,"scY":1,"y":-52.24,"pX":0,"pY":0,"skY":50.49},"displayIndex":1},{"duration":2,"z":6,"transform":{"skX":0,"x":28.98,"scX":1,"scY":1,"y":-41.17,"pX":0,"pY":0,"skY":0},"displayIndex":2},{"duration":16,"displayIndex":-1}]},{"offset":0,"name":121,"scale":1,"frame":[{"duration":2,"z":8,"transform":{"skX":0,"x":39.74,"scX":1,"scY":1,"y":-65.11,"pX":0,"pY":0,"skY":0},"displayIndex":12},{"duration":2,"z":8,"transform":{"skX":0,"x":-25.83,"scX":1,"scY":1,"y":-57.74,"pX":0,"pY":0,"skY":0},"displayIndex":13},{"duration":2,"z":8,"transform":{"skX":0,"x":-4.59,"scX":1,"scY":1,"y":-40.41,"pX":0,"pY":0,"skY":0},"displayIndex":14},{"duration":2,"z":8,"transform":{"skX":-42.51,"x":-0.18,"scX":1,"scY":1,"y":-37.22,"pX":0,"pY":0,"skY":-42.51},"displayIndex":15},{"duration":2,"z":8,"transform":{"skX":-41.44,"x":-5.62,"scX":1,"scY":1,"y":-43.87,"pX":0,"pY":0,"skY":-41.44},"displayIndex":16},{"duration":2,"z":8,"transform":{"skX":-41.45,"x":-2.74,"scX":1,"scY":1,"y":-52.74,"pX":0,"pY":0,"skY":-41.45},"displayIndex":17},{"duration":2,"z":8,"transform":{"skX":0,"x":-6.07,"scX":1,"scY":1,"y":-41.26,"pX":0,"pY":0,"skY":0},"displayIndex":18},{"duration":2,"z":8,"transform":{"skX":0,"x":-4.59,"scX":1,"scY":1,"y":-40.95,"pX":0,"pY":0,"skY":0},"displayIndex":19},{"duration":2,"z":8,"transform":{"skX":51.22,"x":-1.3,"scX":1,"scY":1,"y":-47.92,"pX":0,"pY":0,"skY":51.22},"displayIndex":20},{"duration":2,"z":8,"transform":{"skX":-39.77,"x":-4.64,"scX":1,"scY":1,"y":-45.58,"pX":0,"pY":0,"skY":-39.77},"displayIndex":21}]}],"autoTween":1,"duration":20,"tweenEasing":null,"scale":1},{"fadeInTime":0,"name":"beiji","loop":1,"timeline":[{"offset":0,"name":117,"scale":1,"frame":[{"duration":2,"z":0,"transform":{"skX":-13.79,"x":29.48,"scX":-0.95,"scY":0.95,"y":-103.14,"pX":0,"pY":0,"skY":-13.79}},{"duration":11,"displayIndex":-1},{"duration":2,"z":0,"transform":{"skX":-13.79,"x":29.48,"scX":-0.95,"scY":0.95,"y":-103.14,"pX":0,"pY":0,"skY":-13.79}}]},{"offset":0,"name":101,"scale":1,"frame":[{"duration":2,"z":1,"transform":{"skX":-23.69,"x":-2.56,"scX":1.05,"scY":1.04,"y":-89.32,"pX":0,"pY":0,"skY":-24.71},"displayIndex":13},{"duration":11,"displayIndex":-1},{"duration":2,"z":1,"transform":{"skX":-23.69,"x":-2.56,"scX":1.05,"scY":1.04,"y":-89.32,"pX":0,"pY":0,"skY":-24.71},"displayIndex":13}]},{"offset":0,"name":113,"scale":1,"frame":[{"duration":2,"z":2,"transform":{"skX":19.78,"x":-16.24,"scX":1,"scY":1.01,"y":-87.48,"pX":0,"pY":0,"skY":18.81},"displayIndex":2},{"duration":11,"displayIndex":-1},{"duration":2,"z":2,"transform":{"skX":19.78,"x":-16.24,"scX":1,"scY":1.01,"y":-87.48,"pX":0,"pY":0,"skY":18.81},"displayIndex":2}]},{"offset":0,"name":114,"scale":1,"frame":[{"duration":2,"z":3,"transform":{"skX":0,"x":-45.9,"scX":1,"scY":1,"y":1.26,"pX":0,"pY":0,"skY":0},"displayIndex":2},{"duration":11,"displayIndex":-1},{"duration":2,"z":3,"transform":{"skX":0,"x":-45.9,"scX":1,"scY":1,"y":1.26,"pX":0,"pY":0,"skY":0},"displayIndex":2}]},{"offset":0,"name":115,"scale":1,"frame":[{"duration":2,"z":4,"transform":{"skX":0,"x":34.02,"scX":1,"scY":1,"y":-6.52,"pX":0,"pY":0,"skY":0},"displayIndex":2},{"duration":11,"displayIndex":-1},{"duration":2,"z":4,"transform":{"skX":0,"x":34.02,"scX":1,"scY":1,"y":-6.52,"pX":0,"pY":0,"skY":0},"displayIndex":2}]},{"offset":0,"name":116,"scale":1,"frame":[{"duration":2,"z":5,"transform":{"skX":-34.74,"x":-25.42,"scX":0.95,"scY":0.95,"y":-78.3,"pX":0,"pY":0,"skY":-34.74},"displayIndex":2},{"duration":11,"displayIndex":-1},{"duration":2,"z":5,"transform":{"skX":-34.74,"x":-25.42,"scX":0.95,"scY":0.95,"y":-78.3,"pX":0,"pY":0,"skY":-34.74},"displayIndex":2}]},{"offset":0,"name":118,"scale":1,"frame":[{"duration":2,"z":6,"transform":{"skX":0,"x":-8.95,"scX":1,"scY":1,"y":-113.8,"pX":0,"pY":0,"skY":0},"displayIndex":3},{"duration":2,"z":6,"transform":{"skX":0,"x":-25.87,"scX":1,"scY":1,"y":-71.78,"pX":0,"pY":0,"skY":0},"displayIndex":4},{"duration":7,"z":6,"transform":{"skX":0,"x":-35.14,"scX":1,"scY":1,"y":-63.63,"pX":0,"pY":0,"skY":0},"displayIndex":5},{"duration":2,"z":6,"transform":{"skX":0,"x":-25.87,"scX":1,"scY":1,"y":-71.78,"pX":0,"pY":0,"skY":0},"displayIndex":4},{"duration":2,"z":6,"transform":{"skX":0,"x":-8.95,"scX":1,"scY":1,"y":-113.8,"pX":0,"pY":0,"skY":0},"displayIndex":3}]}],"autoTween":1,"duration":15,"tweenEasing":null,"scale":1},{"fadeInTime":0,"name":"gongji1","loop":1,"timeline":[{"offset":0,"name":117,"scale":1,"frame":[{"duration":4,"displayIndex":-1},{"duration":2,"z":0,"transform":{"skX":0,"x":36.27,"scX":1,"scY":1,"y":-76.54,"pX":0,"pY":0,"skY":0},"displayIndex":2},{"duration":2,"z":0,"transform":{"skX":-15.45,"x":-23.26,"scX":-0.93,"scY":0.93,"y":-97.24,"pX":0,"pY":0,"skY":-15.45},"displayIndex":3},{"duration":2,"z":0,"transform":{"skX":-20.39,"x":-23.4,"scX":-0.93,"scY":0.93,"y":-93.91,"pX":-0.18,"pY":0.05,"skY":-20.39},"displayIndex":3},{"duration":2,"z":0,"transform":{"skX":-20.15,"x":-22,"scX":-0.93,"scY":0.93,"y":-92.79,"pX":-0.18,"pY":0.05,"skY":-20.15},"displayIndex":3},{"duration":2,"z":0,"transform":{"skX":-20.15,"x":-21.33,"scX":-0.93,"scY":0.93,"y":-91.44,"pX":-0.18,"pY":0,"skY":-20.15},"displayIndex":3},{"duration":2,"z":0,"transform":{"skX":-20.15,"x":-20.43,"scX":-0.93,"scY":0.93,"y":-90.81,"pX":-0.13,"pY":0.14,"skY":-20.15},"displayIndex":3}]},{"offset":0,"name":101,"scale":1,"frame":[{"duration":2,"z":1,"transform":{"skX":-177.7,"x":-38.97,"scX":-0.95,"scY":0.95,"y":-126.67,"pX":0,"pY":0,"skY":-177.7},"displayIndex":12},{"duration":4,"displayIndex":-1},{"duration":2,"z":1,"transform":{"skX":23.33,"x":99.72,"scX":0.93,"scY":0.93,"y":-83.52,"pX":0,"pY":0,"skY":23.33},"colorTransform":{"rM":100,"gO":0,"bM":100,"gM":100,"bO":0,"aO":0,"aM":40,"rO":0},"displayIndex":14},{"duration":2,"z":1,"transform":{"skX":5.63,"x":82.58,"scX":0.93,"scY":0.93,"y":-92.43,"pX":0.27,"pY":0.14,"skY":5.63},"colorTransform":{"rM":100,"gO":0,"bM":100,"gM":100,"bO":0,"aO":0,"aM":50,"rO":0},"displayIndex":14},{"duration":6,"displayIndex":-1}]},{"offset":0,"name":113,"scale":1,"frame":[{"duration":2,"z":2,"transform":{"skX":145.04,"x":9.4,"scX":0.95,"scY":0.95,"y":-138.6,"pX":0,"pY":0,"skY":145.04},"displayIndex":3},{"duration":4,"displayIndex":-1},{"duration":2,"z":2,"transform":{"skX":11.91,"x":93.87,"scX":0.93,"scY":0.93,"y":-92.47,"pX":0,"pY":0,"skY":11.91},"colorTransform":{"rM":100,"gO":0,"bM":100,"gM":100,"bO":0,"aO":0,"aM":70,"rO":0},"displayIndex":4},{"duration":8,"displayIndex":-1}]},{"offset":0,"name":114,"scale":1,"frame":[{"duration":2,"z":3,"transform":{"skX":0,"x":-11.25,"scX":1,"scY":1,"y":-80.1,"pX":0,"pY":0,"skY":0},"displayIndex":3},{"duration":4,"displayIndex":-1},{"duration":2,"z":3,"transform":{"skX":0.4,"x":84.47,"scX":0.93,"scY":0.93,"y":-99,"pX":0,"pY":0,"skY":0.4},"displayIndex":4},{"duration":2,"z":3,"transform":{"skX":-5.08,"x":79.52,"scX":0.93,"scY":0.88,"y":-96.79,"pX":-0.22,"pY":0.09,"skY":-5.08},"displayIndex":4},{"duration":2,"z":3,"transform":{"skX":-7,"x":77.94,"scX":0.93,"scY":0.88,"y":-95.89,"pX":-0.27,"pY":0.05,"skY":-7},"displayIndex":4},{"duration":2,"z":3,"transform":{"skX":-7.75,"x":76.91,"scX":0.93,"scY":0.86,"y":-95.4,"pX":-0.27,"pY":0.05,"skY":-7.75},"displayIndex":4},{"duration":2,"z":3,"transform":{"skX":-8.55,"x":76.36,"scX":0.93,"scY":0.86,"y":-94.9,"pX":-0.27,"pY":-0.05,"skY":-8.56},"displayIndex":4}]},{"offset":0,"name":115,"scale":1,"frame":[{"duration":2,"displayIndex":-1},{"duration":2,"z":4,"transform":{"skX":8.96,"x":36.09,"scX":0.93,"scY":0.93,"y":-66.24,"pX":0,"pY":0,"skY":8.96},"colorTransform":{"rM":100,"gO":0,"bM":100,"gM":100,"bO":0,"aO":0,"aM":40,"rO":0},"displayIndex":3},{"duration":2,"z":4,"transform":{"skX":5.2,"x":85.64,"scX":0.93,"scY":0.93,"y":-64.21,"pX":0.23,"pY":-0.31,"skY":5.2},"colorTransform":{"rM":100,"gO":0,"bM":100,"gM":100,"bO":0,"aO":0,"aM":70,"rO":0},"displayIndex":3},{"duration":2,"z":4,"transform":{"skX":0,"x":38.97,"scX":1,"scY":1,"y":3.02,"pX":0,"pY":0,"skY":0},"displayIndex":4,"event":"attack1"},{"duration":2,"z":4,"transform":{"skX":0.39,"x":38.97,"scX":1,"scY":1,"y":3.02,"pX":0,"pY":0,"skY":0},"displayIndex":4},{"duration":2,"z":4,"transform":{"skX":0.83,"x":39.06,"scX":1,"scY":1,"y":3.02,"pX":-0.13,"pY":0,"skY":0},"displayIndex":4},{"duration":2,"z":4,"transform":{"skX":2.1,"x":39.02,"scX":1,"scY":1,"y":3.02,"pX":0.09,"pY":0,"skY":0},"displayIndex":4},{"duration":2,"z":4,"transform":{"skX":3.01,"x":39.28,"scX":1,"scY":1,"y":3.02,"pX":-0.18,"pY":0,"skY":0},"displayIndex":4}]},{"offset":0,"name":116,"scale":1,"frame":[{"duration":2,"displayIndex":-1},{"duration":2,"z":5,"transform":{"skX":0,"x":8.01,"scX":1,"scY":1,"y":-63.31,"pX":0,"pY":0,"skY":0},"displayIndex":3},{"duration":2,"z":5,"transform":{"skX":-140.9,"x":-28.75,"scX":-0.95,"scY":0.95,"y":-109.12,"pX":0,"pY":0,"skY":-141.38},"displayIndex":2},{"duration":2,"z":5,"transform":{"skX":-24.71,"x":-60.03,"scX":1,"scY":1,"y":2.03,"pX":0,"pY":0,"skY":-24.85},"displayIndex":4},{"duration":2,"z":5,"transform":{"skX":-20.34,"x":-60.3,"scX":1,"scY":1,"y":1.94,"pX":0,"pY":0.14,"skY":-24.85},"displayIndex":4},{"duration":2,"z":5,"transform":{"skX":-16.61,"x":-60.07,"scX":1,"scY":1.01,"y":1.94,"pX":0,"pY":0.09,"skY":-24.85},"displayIndex":4},{"duration":2,"z":5,"transform":{"skX":-15.43,"x":-60.03,"scX":1.01,"scY":1,"y":1.94,"pX":0.09,"pY":0.18,"skY":-24.63},"displayIndex":4},{"duration":2,"z":5,"transform":{"skX":-14.58,"x":-59.85,"scX":1.01,"scY":1,"y":1.94,"pX":0,"pY":0.09,"skY":-24.47},"displayIndex":4}]},{"offset":0,"name":118,"scale":1,"frame":[{"duration":6,"displayIndex":-1},{"duration":2,"z":6,"transform":{"skX":0,"x":31.95,"scX":1,"scY":1,"y":-82.8,"pX":0,"pY":0,"skY":0},"displayIndex":6},{"duration":2,"z":6,"transform":{"skX":0,"x":36.9,"scX":1,"scY":1,"y":-79.06,"pX":0,"pY":0,"skY":0},"displayIndex":7},{"duration":2,"z":6,"transform":{"skX":0,"x":20.03,"scX":1,"scY":1,"y":-80.46,"pX":0,"pY":0,"skY":0},"displayIndex":8},{"duration":2,"z":6,"transform":{"skX":0,"x":20.7,"scX":1,"scY":1,"y":-80.46,"pX":0,"pY":0,"skY":0},"displayIndex":8},{"duration":2,"z":6,"transform":{"skX":0,"x":21.38,"scX":1,"scY":1,"y":-80.46,"pX":0,"pY":0,"skY":0},"displayIndex":8}]},{"offset":0,"name":119,"scale":1,"frame":[{"duration":10,"displayIndex":-1},{"duration":2,"z":7,"transform":{"skX":0,"x":70.56,"scX":1,"scY":1,"y":-86.22,"pX":0,"pY":0,"skY":0},"displayIndex":1},{"duration":2,"z":7,"transform":{"skX":0,"x":71.01,"scX":1,"scY":1,"y":-86.22,"pX":0,"pY":-0.05,"skY":-2.31},"displayIndex":1},{"duration":2,"z":7,"transform":{"skX":0,"x":71.69,"scX":1,"scY":1,"y":-86.22,"pX":0,"pY":0,"skY":-3.69},"displayIndex":1}]},{"offset":0,"name":121,"scale":1,"frame":[{"duration":10,"displayIndex":-1},{"duration":2,"z":8,"transform":{"skX":0,"x":-2.47,"scX":1,"scY":1,"y":-85.9,"pX":0,"pY":0,"skY":0},"displayIndex":22},{"duration":2,"z":8,"transform":{"skX":0,"x":26.33,"scX":1,"scY":1,"y":-85.95,"pX":-28.12,"pY":0.05,"skY":-0.92},"displayIndex":22},{"duration":2,"z":8,"transform":{"skX":0,"x":27,"scX":1,"scY":1,"y":-85.95,"pX":-28.12,"pY":0.05,"skY":-1.83},"displayIndex":22}]}],"autoTween":1,"duration":16,"tweenEasing":null,"scale":1},{"fadeInTime":0,"name":"gongji2","loop":1,"timeline":[{"offset":0,"name":101,"scale":1,"frame":[{"duration":2,"z":1,"transform":{"skX":0,"x":18.81,"scX":1,"scY":1,"y":-72.4,"pX":0,"pY":0,"skY":0},"displayIndex":15,"event":"advance1"},{"duration":2,"z":1,"transform":{"skX":0,"x":11.12,"scX":1,"scY":1,"y":-75.46,"pX":0,"pY":0,"skY":0},"displayIndex":16},{"duration":2,"z":1,"transform":{"skX":0,"x":-8.05,"scX":1,"scY":1,"y":-79.06,"pX":0,"pY":0,"skY":0},"displayIndex":17},{"duration":2,"z":1,"transform":{"skX":0,"x":64.17,"scX":1,"scY":1,"y":-84.55,"pX":0,"pY":0,"skY":0},"displayIndex":18},{"duration":2,"z":1,"transform":{"skX":0,"x":62.82,"scX":1,"scY":1,"y":-84.37,"pX":0,"pY":0,"skY":0},"displayIndex":19},{"duration":2,"z":1,"transform":{"skX":0,"x":57.42,"scX":1,"scY":1,"y":-85.32,"pX":0,"pY":0,"skY":0},"displayIndex":20,"event":"attack1"},{"duration":2,"z":1,"transform":{"skX":0,"x":14.4,"scX":1,"scY":1,"y":-74.11,"pX":0,"pY":0,"skY":0},"displayIndex":21},{"duration":2,"z":1,"transform":{"skX":0,"x":11.03,"scX":1,"scY":1,"y":-82.08,"pX":0,"pY":0,"skY":0},"displayIndex":22}]}],"autoTween":1,"duration":16,"tweenEasing":null,"scale":1},{"fadeInTime":0,"name":"gongji3","loop":1,"timeline":[{"offset":0,"name":101,"scale":1,"frame":[{"duration":2,"z":1,"transform":{"skX":0,"x":16.34,"scX":1,"scY":1,"y":-68.22,"pX":0,"pY":0,"skY":0},"displayIndex":23,"event":"advance1"},{"duration":2,"z":1,"transform":{"skX":0,"x":4.28,"scX":1,"scY":1,"y":-104.4,"pX":0,"pY":0,"skY":0},"displayIndex":24},{"duration":2,"z":1,"transform":{"skX":0,"x":5.94,"scX":1,"scY":1,"y":-112.41,"pX":0,"pY":0,"skY":0},"displayIndex":25},{"duration":2,"z":1,"transform":{"skX":0,"x":16.7,"scX":1,"scY":1,"y":-108.72,"pX":0,"pY":0,"skY":0},"displayIndex":26},{"duration":2,"z":1,"transform":{"skX":0,"x":71.78,"scX":1,"scY":1,"y":-94.01,"pX":0,"pY":0,"skY":0},"displayIndex":27},{"duration":2,"z":1,"transform":{"skX":0,"x":72.23,"scX":1,"scY":1,"y":-77.62,"pX":0,"pY":0,"skY":0},"displayIndex":28},{"duration":2,"z":1,"transform":{"skX":0,"x":60.08,"scX":1,"scY":1,"y":-80.46,"pX":0,"pY":0,"skY":0},"displayIndex":29,"event":"attack1"},{"duration":2,"z":1,"transform":{"skX":0,"x":60.53,"scX":1,"scY":1,"y":-80.37,"pX":0,"pY":0,"skY":0},"displayIndex":30},{"duration":2,"z":1,"transform":{"skX":0,"x":60.53,"scX":1,"scY":1,"y":-80.19,"pX":0,"pY":0,"skY":0},"displayIndex":31}]}],"autoTween":1,"duration":18,"tweenEasing":null,"scale":1},{"fadeInTime":0,"name":"gongji4","loop":1,"timeline":[{"offset":0,"name":101,"scale":1,"frame":[{"duration":2,"z":1,"transform":{"skX":0,"x":8.28,"scX":1,"scY":1,"y":-90.54,"pX":0,"pY":0,"skY":0},"displayIndex":32,"event":"advance1"},{"duration":2,"z":1,"transform":{"skX":0,"x":-7.56,"scX":1,"scY":1,"y":-76.09,"pX":0,"pY":0,"skY":0},"displayIndex":33,"event":"jump1"},{"duration":2,"z":1,"transform":{"skX":0,"x":-8.24,"scX":1,"scY":1,"y":-88.24,"pX":0,"pY":0,"skY":0},"displayIndex":34},{"duration":2,"z":1,"transform":{"skX":0,"x":12.69,"scX":1,"scY":1,"y":-80.55,"pX":0,"pY":0,"skY":0},"displayIndex":35},{"duration":2,"z":1,"transform":{"skX":0,"x":19.31,"scX":1,"scY":1,"y":-85.27,"pX":0,"pY":0,"skY":0},"displayIndex":36},{"duration":2,"z":1,"transform":{"skX":0,"x":35.55,"scX":1,"scY":1,"y":-101.56,"pX":0,"pY":0,"skY":0},"displayIndex":37,"event":"attack1_fly"},{"duration":2,"z":1,"transform":{"skX":0,"x":49.59,"scX":1,"scY":1,"y":-115.33,"pX":0,"pY":0,"skY":0},"displayIndex":38},{"duration":2,"z":1,"transform":{"skX":0,"x":52.52,"scX":1,"scY":1,"y":-137.56,"pX":0,"pY":0,"skY":0},"displayIndex":39},{"duration":2,"z":1,"transform":{"skX":0,"x":29.84,"scX":1,"scY":1,"y":-101.25,"pX":0,"pY":0,"skY":0},"displayIndex":40},{"duration":2,"z":1,"transform":{"skX":0,"x":18.27,"scX":1,"scY":1,"y":-105.61,"pX":0,"pY":0,"skY":0},"displayIndex":41,"event":"jumpLand"}]}],"autoTween":1,"duration":20,"tweenEasing":null,"scale":1},{"fadeInTime":0,"name":"jineng1","loop":1,"timeline":[{"offset":0,"name":101,"scale":1,"frame":[{"duration":2,"z":1,"transform":{"skX":23.2,"x":-63.4,"scX":0.95,"scY":0.95,"y":-80.1,"pX":0,"pY":0,"skY":23.2},"displayIndex":12},{"duration":2,"z":1,"transform":{"skX":0,"x":-18,"scX":1,"scY":1,"y":-71.37,"pX":0,"pY":0,"skY":0},"displayIndex":42},{"duration":2,"z":1,"transform":{"skX":0,"x":-17.68,"scX":1,"scY":1,"y":-71.37,"pX":0,"pY":0,"skY":0},"displayIndex":43},{"duration":2,"z":1,"transform":{"skX":0,"x":-16.11,"scX":1,"scY":1,"y":-65.92,"pX":0,"pY":0,"skY":0},"displayIndex":44},{"duration":2,"z":1,"transform":{"skX":0,"x":11.3,"scX":1,"scY":1,"y":-64.21,"pX":0,"pY":0,"skY":0},"displayIndex":45},{"duration":2,"z":1,"transform":{"skX":0,"x":34.78,"scX":1,"scY":1,"y":-95.31,"pX":0,"pY":0,"skY":0},"displayIndex":46,"event":"skill1"},{"duration":2,"z":1,"transform":{"skX":0,"x":42.48,"scX":1,"scY":1,"y":-100.44,"pX":0,"pY":0,"skY":0},"displayIndex":47,"event":"skill1"},{"duration":3,"z":1,"transform":{"skX":0,"x":50.18,"scX":1,"scY":1,"y":-90.81,"pX":0,"pY":0,"skY":0},"displayIndex":48,"event":"skill1"},{"duration":3,"z":1,"transform":{"skX":0,"x":44.1,"scX":1,"scY":1,"y":-94.23,"pX":0,"pY":0,"skY":0},"displayIndex":49,"event":"skill1"},{"duration":3,"z":1,"transform":{"skX":0,"x":16.74,"scX":1,"scY":1,"y":-109.35,"pX":0,"pY":0,"skY":0},"displayIndex":50,"event":"skill1"},{"duration":3,"z":1,"transform":{"skX":0,"x":16.29,"scX":1,"scY":1,"y":-116.41,"pX":0,"pY":0,"skY":0},"displayIndex":51,"event":"skill1"},{"duration":2,"z":1,"transform":{"skX":162.66,"x":60.57,"scX":0.95,"scY":0.95,"y":-165.24,"pX":0,"pY":0,"skY":162.66},"displayIndex":12,"event":"skill1"},{"duration":2,"z":1,"transform":{"skX":157.7,"x":54.27,"scX":0.95,"scY":0.95,"y":-169.74,"pX":0,"pY":0,"skY":157.7},"displayIndex":12,"event":"skill1_fly"}]},{"offset":0,"name":113,"scale":1,"frame":[{"duration":2,"z":2,"transform":{"skX":58.75,"x":-19.17,"scX":-0.95,"scY":0.95,"y":-84.42,"pX":0,"pY":0,"skY":58.75},"displayIndex":3},{"duration":2,"z":2,"transform":{"skX":-175.94,"x":-62.82,"scX":1,"scY":1,"y":-119.02,"pX":0,"pY":0,"skY":-175.94},"displayIndex":5},{"duration":2,"z":2,"transform":{"skX":-165.48,"x":-63.72,"scX":1,"scY":1,"y":-125.82,"pX":0,"pY":-0.09,"skY":-165.48},"displayIndex":5},{"duration":2,"z":2,"transform":{"skX":81.43,"x":2.03,"scX":1,"scY":1,"y":-65.52,"pX":0,"pY":-0.09,"skY":81.43},"displayIndex":5},{"duration":2,"z":2,"transform":{"skX":56.13,"x":52.43,"scX":1,"scY":1,"y":-60.44,"pX":0,"pY":-0.18,"skY":56.13},"displayIndex":5},{"duration":16,"displayIndex":-1},{"duration":2,"z":2,"transform":{"skX":165.56,"x":-45.09,"scX":-0.95,"scY":0.95,"y":-154.89,"pX":0,"pY":0,"skY":165.56},"displayIndex":3},{"duration":2,"z":2,"transform":{"skX":135.56,"x":-48.91,"scX":-0.95,"scY":0.95,"y":-132.39,"pX":0,"pY":0,"skY":135.56},"displayIndex":3}]},{"offset":0,"name":114,"scale":1,"frame":[{"duration":2,"z":3,"transform":{"skX":0,"x":-13.81,"scX":1,"scY":1,"y":-76.32,"pX":0,"pY":0,"skY":0},"displayIndex":5},{"duration":2,"z":3,"transform":{"skX":0,"x":-57.64,"scX":1,"scY":1,"y":-120.37,"pX":0,"pY":0,"skY":0},"displayIndex":6},{"duration":2,"z":3,"transform":{"skX":6.73,"x":-60.79,"scX":1,"scY":1,"y":-124.96,"pX":0,"pY":0.05,"skY":6.73},"displayIndex":6},{"duration":2,"z":3,"transform":{"skX":-100.52,"x":-2.25,"scX":1,"scY":1,"y":-68.67,"pX":0.09,"pY":-0.05,"skY":-100.52},"displayIndex":6},{"duration":2,"z":3,"transform":{"skX":-128.21,"x":48.65,"scX":1,"scY":1,"y":-62.86,"pX":0.14,"pY":-0.05,"skY":-128.21},"displayIndex":6},{"duration":16,"displayIndex":-1},{"duration":2,"z":3,"transform":{"skX":0,"x":6.89,"scX":1,"scY":1,"y":-114.52,"pX":0,"pY":0,"skY":0},"displayIndex":7},{"duration":2,"z":3,"transform":{"skX":0,"x":4.05,"scX":1,"scY":1,"y":-114.97,"pX":0,"pY":0,"skY":0},"displayIndex":8}]}],"autoTween":1,"duration":30,"tweenEasing":null,"scale":1},{"fadeInTime":0,"name":"jifei","loop":1,"timeline":[{"offset":0,"name":117,"scale":1,"frame":[{"duration":2,"z":0,"transform":{"skX":-13.79,"x":35.91,"scX":-0.95,"scY":0.95,"y":-103.5,"pX":0,"pY":0,"skY":-13.79}},{"duration":2,"z":0,"transform":{"skX":-50.01,"x":40.86,"scX":-0.95,"scY":0.95,"y":-109.35,"pX":0,"pY":0,"skY":-50.01}},{"duration":2,"z":0,"transform":{"skX":-50.01,"x":32.76,"scX":-0.95,"scY":0.95,"y":-102.6,"pX":0,"pY":0,"skY":-50.01}},{"duration":2,"z":0,"transform":{"skX":-51.52,"x":25.97,"scX":-0.95,"scY":0.95,"y":-99.45,"pX":0,"pY":0,"skY":-51.52}}]},{"offset":0,"name":101,"scale":1,"frame":[{"duration":2,"z":1,"transform":{"skX":-34.74,"x":-18.54,"scX":0.95,"scY":0.95,"y":-77.31,"pX":0,"pY":0,"skY":-34.74},"displayIndex":12},{"duration":2,"z":1,"transform":{"skX":-43.93,"x":-10.44,"scX":0.95,"scY":0.95,"y":-83.16,"pX":0,"pY":0,"skY":-43.93},"displayIndex":12},{"duration":2,"z":1,"transform":{"skX":-19.27,"x":-6.39,"scX":0.95,"scY":0.95,"y":-81.36,"pX":0,"pY":0,"skY":-19.27},"displayIndex":12},{"duration":2,"z":1,"transform":{"skX":-34.51,"x":3.06,"scX":0.95,"scY":0.95,"y":-85.86,"pX":0,"pY":0,"skY":-34.51},"displayIndex":12}]},{"offset":0,"name":114,"scale":1,"frame":[{"duration":2,"z":3,"transform":{"skX":0,"x":4.5,"scX":1,"scY":1,"y":-83.25,"pX":0,"pY":0,"skY":0},"displayIndex":9},{"duration":2,"z":3,"transform":{"skX":0,"x":2.7,"scX":1,"scY":1,"y":-72,"pX":0,"pY":0,"skY":0},"displayIndex":10},{"duration":2,"z":3,"transform":{"skX":0,"x":0,"scX":1,"scY":1,"y":-72.67,"pX":0,"pY":0,"skY":0},"displayIndex":11},{"duration":2,"z":3,"transform":{"skX":0,"x":-4.5,"scX":1,"scY":1,"y":-74.03,"pX":0,"pY":0,"skY":0},"displayIndex":12}]}],"autoTween":1,"duration":8,"tweenEasing":null,"scale":1},{"fadeInTime":0,"name":"daodi","loop":1,"timeline":[{"offset":0,"name":114,"scale":1,"frame":[{"duration":2,"z":3,"transform":{"skX":0,"x":28.44,"scX":1,"scY":1,"y":-39.11,"pX":0,"pY":0,"skY":0},"displayIndex":13},{"duration":2,"z":3,"transform":{"skX":0,"x":23.36,"scX":1,"scY":1,"y":-37.44,"pX":0,"pY":0,"skY":0},"displayIndex":14},{"duration":2,"z":3,"transform":{"skX":0,"x":18.18,"scX":1,"scY":1,"y":-31.01,"pX":0,"pY":0,"skY":0},"displayIndex":15},{"duration":2,"z":3,"transform":{"skX":0,"x":17.15,"scX":1,"scY":1,"y":-30.15,"pX":0,"pY":0,"skY":0},"displayIndex":16},{"duration":2,"z":3,"transform":{"skX":0,"x":29.79,"scX":1,"scY":1,"y":-32.89,"pX":0,"pY":0,"skY":0},"displayIndex":17},{"duration":2,"z":3,"transform":{"skX":0,"x":24.53,"scX":1,"scY":1,"y":-34.24,"pX":0,"pY":0,"skY":0},"displayIndex":18},{"duration":2,"z":3,"transform":{"skX":0,"x":24.35,"scX":1,"scY":1,"y":-10.71,"pX":0,"pY":0,"skY":0},"displayIndex":19},{"duration":2,"z":3,"transform":{"skX":0,"x":24.84,"scX":1,"scY":1,"y":2.52,"pX":0,"pY":0,"skY":0},"displayIndex":20}]}],"autoTween":1,"duration":16,"tweenEasing":null,"scale":1}],"bone":[{"transform":{"skX":36.45,"x":9,"scX":-0.95,"scY":0.95,"y":-108.09,"skY":36.45},"name":117},{"transform":{"skX":0,"x":-14.72,"scX":1,"scY":1,"y":-121.68,"skY":0},"name":101},{"transform":{"skX":-24.94,"x":-2.16,"scX":1,"scY":1.01,"y":-86.31,"skY":-24.95},"name":113},{"transform":{"skX":21.76,"x":-12.91,"scX":1,"scY":1.01,"y":-87.43,"skY":21.76},"name":114},{"transform":{"skX":0,"x":7.65,"scX":1,"scY":1,"y":-134.37,"skY":0},"name":115},{"transform":{"skX":0,"x":-26.37,"scX":1,"scY":1,"y":-124.65,"skY":0},"name":116},{"transform":{"skX":1.98,"x":-37.8,"scX":0.95,"scY":0.95,"y":-80.32,"skY":1.98},"name":118},{"transform":{"skX":0,"x":-7.96,"scX":1,"scY":1,"y":-119.25,"skY":0},"name":119},{"transform":{"skX":0,"x":-4.09,"scX":1,"scY":1,"y":-105.75,"skY":0},"name":121},{"transform":{"skX":0,"x":-18.81,"scX":1,"scY":1,"y":-157.72,"skY":0},"name":201},{"transform":{"skX":0,"x":-45.22,"scX":1,"scY":1,"y":1.26,"skY":0},"name":"zhujuejiao1"},{"transform":{"skX":0,"x":34.92,"scX":1,"scY":1,"y":-6.07,"skY":0},"name":"zhujuejiao2"}]}],"frameRate":24}