{"name":"zhujue1","imagePath":"texture.png","SubTexture":[{"name":"zhujue-sc/wandao1","x":847,"width":54,"y":315,"height":109},{"name":"zhujue-sc/paobust55","x":771,"width":102,"y":806,"height":98},{"name":"zhujue-sc/renwugj22","x":452,"width":211,"y":240,"height":161},{"name":"zhujue-sc/dao1","x":480,"width":108,"y":877,"height":56},{"name":"zhujue-sc/toufa001","x":1675,"width":62,"y":348,"height":74},{"name":"zhujue-sc/toufa002","x":1233,"width":62,"y":404,"height":74},{"name":"zhujue-sc/toufa003","x":1049,"width":59,"y":339,"height":74},{"name":"zhujue-sc/toufa004","x":1226,"width":57,"y":480,"height":73},{"name":"zhujue-sc/toufa005","x":1032,"width":57,"y":490,"height":73},{"name":"zhujue-sc/toufa006","x":1675,"width":57,"y":424,"height":73},{"name":"zhujue-sc/toufa007","x":1857,"width":56,"y":527,"height":73},{"name":"zhujue-sc/toufa008","x":1226,"width":56,"y":555,"height":73},{"name":"zhujue-sc/toufa009","x":1032,"width":56,"y":565,"height":72},{"name":"zhujue-sc/toufa0010","x":1675,"width":57,"y":499,"height":73},{"name":"zhujue-sc/toufa0011","x":847,"width":57,"y":426,"height":73},{"name":"zhujue-sc/toufa0012","x":1049,"width":59,"y":415,"height":73},{"name":"zhujue-sc/zhujuezuojiao","x":2025,"width":20,"y":124,"height":84},{"name":"zhujue-sc/2_11-1","x":673,"width":246,"y":164,"height":149},{"name":"zhujue-sc/2_11-2","x":0,"width":149,"y":474,"height":157},{"name":"zhujue-sc/2_11-3","x":1437,"width":126,"y":503,"height":159},{"name":"zhujue-sc/2_11-4","x":1774,"width":218,"y":168,"height":177},{"name":"zhujue-sc/2_11-5","x":1536,"width":216,"y":170,"height":176},{"name":"zhujue-sc/2_11-6","x":211,"width":205,"y":196,"height":178},{"name":"zhujue-sc/2_11-7","x":404,"width":115,"y":589,"height":156},{"name":"zhujue-sc/2_11-8","x":1110,"width":114,"y":454,"height":171},{"name":"zhujue-sc/3_12-1","x":1090,"width":129,"y":627,"height":140},{"name":"zhujue-sc/3_12-2","x":665,"width":180,"y":315,"height":161},{"name":"zhujue-sc/3_12-3","x":1492,"width":181,"y":348,"height":153},{"name":"zhujue-sc/3_12-4","x":1915,"width":111,"y":573,"height":167},{"name":"zhujue-sc/3_12-5","x":211,"width":252,"y":0,"height":194},{"name":"zhujue-sc/3_12-6","x":673,"width":253,"y":0,"height":162},{"name":"zhujue-sc/3_12-7","x":1543,"width":229,"y":0,"height":168},{"name":"zhujue-sc/3_12-8","x":1311,"width":230,"y":0,"height":168},{"name":"zhujue-sc/3_12-9","x":1774,"width":230,"y":0,"height":166},{"name":"zhujue-sc/4_13-1","x":0,"width":160,"y":283,"height":189},{"name":"zhujue-sc/4_13-2","x":1284,"width":111,"y":583,"height":165},{"name":"zhujue-sc/4_13-3","x":404,"width":134,"y":403,"height":184},{"name":"zhujue-sc/4_13-4","x":162,"width":160,"y":376,"height":171},{"name":"zhujue-sc/4_13-5","x":1754,"width":163,"y":347,"height":178},{"name":"zhujue-sc/4_13-6","x":1121,"width":188,"y":0,"height":211},{"name":"zhujue-sc/4_13-7","x":465,"width":206,"y":0,"height":238},{"name":"zhujue-sc/4_13-8","x":0,"width":209,"y":0,"height":281},{"name":"zhujue-sc/4_13-9","x":928,"width":191,"y":0,"height":210},{"name":"zhujue-sc/4_13-10","x":1311,"width":179,"y":170,"height":215},{"name":"zhujue-sc/renwujineng002","x":882,"width":117,"y":644,"height":145},{"name":"zhujue-sc/renwujineng003","x":0,"width":117,"y":633,"height":145},{"name":"zhujue-sc/renwujineng004","x":1733,"width":114,"y":689,"height":137},{"name":"zhujue-sc/renwujineng005","x":1277,"width":114,"y":750,"height":134},{"name":"zhujue-sc/renwujineng006","x":794,"width":86,"y":501,"height":191},{"name":"zhujue-sc/renwujineng007","x":540,"width":97,"y":403,"height":209},{"name":"zhujue-sc/renwujineng008","x":906,"width":124,"y":454,"height":188},{"name":"zhujue-sc/renwujineng009","x":1307,"width":128,"y":387,"height":194},{"name":"zhujue-sc/renwujineng0010","x":1919,"width":93,"y":347,"height":224},{"name":"zhujue-sc/renwujineng0011","x":324,"width":78,"y":376,"height":239},{"name":"zhujue-sc/paost11","x":248,"width":99,"y":870,"height":99},{"name":"zhujue-sc/zhujueyoujiao","x":1492,"width":23,"y":170,"height":81},{"name":"zhujue-sc/dagao","x":289,"width":80,"y":617,"height":175},{"name":"zhujue-sc/paobu112","x":0,"width":101,"y":780,"height":100},{"name":"zhujue-sc/zhujuejiao1","x":2027,"width":15,"y":0,"height":23},{"name":"zhujue-sc/renwu3344","x":1565,"width":83,"y":679,"height":165},{"name":"zhujue-sc/renwujineng001","x":1734,"width":121,"y":527,"height":160},{"name":"zhujue-sc/renwujineng0012","x":921,"width":126,"y":212,"height":240},{"name":"zhujue-sc/renwujineng0013","x":1112,"width":119,"y":213,"height":239},{"name":"zhujue-sc/fukong001","x":1565,"width":100,"y":503,"height":174},{"name":"zhujue-sc/fukong002","x":521,"width":114,"y":614,"height":148},{"name":"zhujue-sc/fukong003","x":371,"width":107,"y":747,"height":143},{"name":"zhujue-sc/fukong004","x":1393,"width":102,"y":769,"height":138},{"name":"zhujue-sc/daodi001","x":1057,"width":162,"y":769,"height":104},{"name":"zhujue-sc/daodi002","x":480,"width":154,"y":764,"height":111},{"name":"zhujue-sc/daodi003","x":1905,"width":139,"y":742,"height":122},{"name":"zhujue-sc/daodi004","x":637,"width":132,"y":744,"height":126},{"name":"zhujue-sc/daodi005","x":1397,"width":166,"y":664,"height":103},{"name":"zhujue-sc/daodi006","x":119,"width":168,"y":695,"height":103},{"name":"zhujue-sc/daodi007","x":879,"width":174,"y":791,"height":75},{"name":"zhujue-sc/daodi008","x":103,"width":180,"y":800,"height":68},{"name":"zhujue-sc/zuoshoupiaodong","x":2027,"width":15,"y":89,"height":17},{"name":"zhujue-sc/paobust33","x":636,"width":99,"y":872,"height":96},{"name":"zhujue-sc/zhujuejiao2","x":2027,"width":15,"y":25,"height":22},{"name":"zhujue-sc/dao2","x":349,"width":93,"y":892,"height":35},{"name":"zhujue-sc/jiao444","x":418,"width":32,"y":196,"height":66},{"name":"zhujue-sc/youshoupiaod","x":2027,"width":13,"y":49,"height":20},{"name":"zhujue-sc/paobust44","x":1879,"width":104,"y":866,"height":95},{"name":"zhujue-sc/renwugj2","x":639,"width":153,"y":478,"height":135},{"name":"zhujue-sc/tui333","x":1001,"width":81,"y":695,"height":27},{"name":"zhujue-sc/jiao11","x":2006,"width":19,"y":0,"height":113},{"name":"zhujue-sc/tui114","x":1994,"width":51,"y":239,"height":81},{"name":"zhujue-sc/shoujist1","x":1787,"width":90,"y":828,"height":110},{"name":"zhujue-sc/shoujist2","x":151,"width":136,"y":549,"height":144},{"name":"zhujue-sc/shoujist3","x":637,"width":143,"y":615,"height":127},{"name":"zhujue-sc/renwugjst2","x":1497,"width":128,"y":846,"height":110},{"name":"zhujue-sc/renwugjst3","x":1650,"width":135,"y":828,"height":103},{"name":"zhujue-sc/shento55","x":782,"width":95,"y":694,"height":110},{"name":"zhujue-sc/budongjiegou","x":1233,"width":70,"y":213,"height":106},{"name":"zhujue-sc/shou23","x":2009,"width":30,"y":210,"height":27},{"name":"zhujue-sc/yundongjiegou001","x":1857,"width":56,"y":602,"height":54},{"name":"zhujue-sc/yundongjiegou002","x":1032,"width":55,"y":639,"height":54},{"name":"zhujue-sc/yundongjiegou003","x":1221,"width":56,"y":630,"height":54},{"name":"zhujue-sc/yundongjiegou004","x":1221,"width":54,"y":742,"height":53},{"name":"zhujue-sc/yundongjiegou005","x":1437,"width":53,"y":387,"height":52},{"name":"zhujue-sc/yundongjiegou006","x":1667,"width":56,"y":632,"height":54},{"name":"zhujue-sc/yundongjiegou007","x":1497,"width":54,"y":769,"height":52},{"name":"zhujue-sc/yundongjiegou008","x":1857,"width":54,"y":658,"height":55},{"name":"zhujue-sc/yundongjiegou009","x":1849,"width":54,"y":715,"height":53},{"name":"zhujue-sc/yundongjiegou010","x":1650,"width":54,"y":769,"height":52},{"name":"zhujue-sc/yundongjiegou011","x":1221,"width":54,"y":686,"height":54},{"name":"zhujue-sc/yundongjiegou012","x":1001,"width":54,"y":724,"height":53},{"name":"zhujue-sc/tui334","x":1667,"width":58,"y":574,"height":56},{"name":"zhujue-sc/tui1333","x":0,"width":92,"y":882,"height":49},{"name":"zhujue-sc/paobuj113","x":1650,"width":81,"y":688,"height":79},{"name":"zhujue-sc/paobujiao114","x":1271,"width":110,"y":886,"height":48},{"name":"zhujue-sc/paobujiao115","x":1134,"width":135,"y":875,"height":45},{"name":"zhujue-sc/paobujiao116","x":875,"width":146,"y":868,"height":52},{"name":"zhujue-sc/paobut66","x":1023,"width":109,"y":875,"height":82},{"name":"zhujue-sc/paobutui77","x":1233,"width":72,"y":321,"height":81},{"name":"zhujue-sc/paobut88","x":1049,"width":61,"y":212,"height":125},{"name":"zhujue-sc/paobut99","x":103,"width":143,"y":870,"height":55},{"name":"zhujue-sc/shou444","x":289,"width":57,"y":794,"height":27},{"name":"zhujue-sc/piaodai001","x":1994,"width":13,"y":195,"height":15},{"name":"zhujue-sc/piaodai002","x":1754,"width":13,"y":186,"height":15},{"name":"zhujue-sc/piaodai003","x":2006,"width":15,"y":130,"height":15},{"name":"zhujue-sc/piaodai004","x":1754,"width":15,"y":170,"height":14},{"name":"zhujue-sc/piaodai005","x":2027,"width":17,"y":108,"height":14},{"name":"zhujue-sc/piaodai006","x":1517,"width":17,"y":170,"height":12},{"name":"zhujue-sc/piaodai007","x":1994,"width":17,"y":182,"height":11},{"name":"zhujue-sc/piaodai008","x":2006,"width":17,"y":115,"height":13},{"name":"zhujue-sc/piaodai009","x":1517,"width":16,"y":184,"height":12},{"name":"zhujue-sc/piaodai010","x":2006,"width":15,"y":147,"height":15},{"name":"zhujue-sc/piaodai011","x":2027,"width":16,"y":71,"height":16},{"name":"zhujue-sc/piaodai012","x":2006,"width":14,"y":164,"height":16}]}