{"armature":[{"name":"guaiwu003_effect","bone":[{"transform":{"x":38.95,"scY":4,"scX":4,"y":-6,"skX":0,"skY":0},"name":10},{"transform":{"x":37,"scY":4,"scX":4,"y":-68.15,"skX":0,"skY":0},"name":11},{"transform":{"x":94.35,"scY":4,"scX":4,"y":-196.05,"skX":0,"skY":0},"name":23}],"skin":[{"slot":[{"z":0,"parent":10,"display":[{"name":"AS69338_54319/jiaoxiaguang001","transform":{"x":0,"scY":1,"scX":1,"pX":42,"y":0,"skX":0,"pY":20,"skY":0},"type":"image"},{"name":"AS69338_54319/jiaoxiaguang002","transform":{"x":0,"scY":1,"scX":1,"pX":50,"y":0,"skX":0,"pY":23,"skY":0},"type":"image"},{"name":"AS69338_54319/jiaoxiaguang003","transform":{"x":0,"scY":1,"scX":1,"pX":56.5,"y":0,"skX":0,"pY":26.5,"skY":0},"type":"image"},{"name":"AS69338_54319/llkk","transform":{"x":0,"scY":1,"scX":1,"pX":27.5,"y":0,"skX":0,"pY":18.5,"skY":0},"type":"image"}],"name":10},{"z":1,"parent":11,"display":[{"name":"AS69338_54319/xuedguang001","transform":{"x":0,"scY":1,"scX":1,"pX":115,"y":0,"skX":0,"pY":48,"skY":0},"type":"image"},{"name":"AS69338_54319/xuedguang002","transform":{"x":0,"scY":1,"scX":1,"pX":135,"y":0,"skX":0,"pY":81.5,"skY":0},"type":"image"},{"name":"AS69338_54319/xuedguang003","transform":{"x":0,"scY":1,"scX":1,"pX":88.75,"y":0,"skX":0,"pY":21.25,"skY":0},"type":"image"}],"name":11},{"z":2,"parent":23,"display":[{"name":"AS69338_54319/daoguang001","transform":{"x":0,"scY":1,"scX":1,"pX":126.5,"y":0,"skX":0,"pY":61,"skY":0},"type":"image"},{"name":"AS69338_54319/daoguang002","transform":{"x":0,"scY":1,"scX":1,"pX":118,"y":0,"skX":0,"pY":61,"skY":0},"type":"image"},{"name":"AS69338_54319/daoguang003","transform":{"x":0,"scY":1,"scX":1,"pX":104,"y":0,"skX":0,"pY":67,"skY":0},"type":"image"},{"name":"AS69338_54319/daoguang004","transform":{"x":0,"scY":1,"scX":1,"pX":99,"y":0,"skX":0,"pY":35,"skY":0},"type":"image"},{"name":"AS69338_54319/daoguang005","transform":{"x":0,"scY":1,"scX":1,"pX":125,"y":0,"skX":0,"pY":60.5,"skY":0},"type":"image"},{"name":"AS69338_54319/daoguang006","transform":{"x":0,"scY":1,"scX":1,"pX":118.5,"y":0,"skX":0,"pY":50.5,"skY":0},"type":"image"},{"name":"AS69338_54319/daoguang007","transform":{"x":0,"scY":1,"scX":1,"pX":94.5,"y":0,"skX":0,"pY":67.5,"skY":0},"type":"image"},{"name":"AS69338_54319/daoguang008","transform":{"x":0,"scY":1,"scX":1,"pX":103.5,"y":0,"skX":0,"pY":66.5,"skY":0},"type":"image"},{"name":"AS69338_54319/daoguang009","transform":{"x":0,"scY":1,"scX":1,"pX":117,"y":0,"skX":0,"pY":60.5,"skY":0},"type":"image"},{"name":"AS69338_54319/daoguang0010","transform":{"x":0,"scY":1,"scX":1,"pX":77.5,"y":0,"skX":0,"pY":32.5,"skY":0},"type":"image"},{"name":"AS69338_54319/baolie001","transform":{"x":0,"scY":1,"scX":1,"pX":54,"y":0,"skX":0,"pY":82,"skY":0},"type":"image"},{"name":"AS69338_54319/baolie002","transform":{"x":0,"scY":1,"scX":1,"pX":67,"y":0,"skX":0,"pY":79,"skY":0},"type":"image"},{"name":"AS69338_54319/baolie003","transform":{"x":0,"scY":1,"scX":1,"pX":68,"y":0,"skX":0,"pY":81.5,"skY":0},"type":"image"},{"name":"AS69338_54319/baolie004","transform":{"x":0,"scY":1,"scX":1,"pX":70.5,"y":0,"skX":0,"pY":70,"skY":0},"type":"image"}],"name":23}],"name":"default"}],"animation":[{"tweenEasing":null,"timeline":[{"frame":[{"displayIndex":-1,"duration":9},{"z":0,"transform":{"x":38.95,"scY":4,"scX":4,"pX":0,"y":-6,"skX":0,"pY":0,"skY":0},"duration":2},{"duration":2,"transform":{"x":58.85,"scY":4,"scX":4,"pX":0,"y":-8.2,"skX":0,"pY":0,"skY":0},"displayIndex":1,"z":0},{"duration":2,"transform":{"x":89.75,"scY":4,"scX":4,"pX":0,"y":-7.3,"skX":0,"pY":0,"skY":0},"displayIndex":2,"z":0},{"z":0,"transform":{"x":77.15,"scY":5.40564,"scX":5.40564,"pX":0,"y":-5,"skX":0,"pY":0,"skY":0},"duration":2},{"duration":2,"transform":{"x":99,"scY":5.170258,"scX":5.170258,"pX":0,"y":-8.2,"skX":0,"pY":0,"skY":0},"displayIndex":1,"z":0},{"duration":2,"transform":{"x":134.75,"scY":4.725281,"scX":4.725281,"pX":0,"y":-7.3,"skX":0,"pY":0,"skY":0},"displayIndex":2,"z":0},{"z":0,"transform":{"x":119,"scY":5.829803,"scX":5.829803,"pX":0,"y":-5,"skX":0,"pY":0,"skY":0},"duration":2},{"duration":2,"transform":{"x":145.05,"scY":5.213806,"scX":5.213806,"pX":0,"y":-9.2,"skX":0,"pY":0,"skY":0},"displayIndex":1,"z":0},{"duration":2,"transform":{"x":180.75,"scY":4.604919,"scX":4.604919,"pX":0,"y":-7.3,"skX":0,"pY":0,"skY":0},"displayIndex":2,"z":0},{"z":0,"transform":{"x":162.95,"scY":6,"scX":6,"pX":0,"y":-6.45,"skX":0,"pY":0,"skY":0},"duration":2},{"duration":2,"transform":{"x":188.1,"scY":5.427734,"scX":5.427734,"pX":0,"y":-13.2,"skX":0,"pY":0,"skY":0},"displayIndex":1,"z":0},{"displayIndex":-1,"duration":7},{"duration":11,"transform":{"x":463.7,"scY":2,"scX":2,"pX":0,"y":59.2,"skX":0,"pY":0,"skY":0},"displayIndex":3,"z":0},{"duration":6,"transform":{"x":463.7,"scY":2,"scX":2,"pX":0,"y":59.2,"skX":0,"pY":0,"skY":0},"tweenEasing":0,"displayIndex":3,"z":0},{"duration":1,"transform":{"x":463.7,"scY":2,"scX":2,"pX":0,"y":59.2,"skX":0,"pY":0,"skY":0},"colorTransform":{"gM":100,"bO":0,"aO":0,"bM":100,"aM":0,"rO":0,"rM":100,"gO":0},"displayIndex":3,"z":0},{"displayIndex":-1,"duration":7}],"scale":1,"offset":0,"name":10},{"frame":[{"displayIndex":-1,"duration":10},{"z":1,"transform":{"x":37,"scY":4,"scX":4,"pX":0,"y":-68.15,"skX":0,"pY":0,"skY":0},"duration":2},{"duration":2,"transform":{"x":131,"scY":4,"scX":4,"pX":0,"y":-199.4,"skX":0,"pY":0,"skY":0},"displayIndex":1,"z":1},{"duration":1,"transform":{"x":-3,"scY":4,"scX":4,"pX":0,"y":-439.4,"skX":0,"pY":0,"skY":0},"displayIndex":2,"z":1},{"displayIndex":-1,"duration":48}],"scale":1,"offset":0,"name":11},{"frame":[{"displayIndex":-1,"duration":10},{"z":2,"transform":{"x":94.35,"scY":4,"scX":4,"pX":0,"y":-196.05,"skX":0,"pY":0,"skY":0},"duration":1},{"duration":1,"transform":{"x":133.1,"scY":4,"scX":4,"pX":0,"y":-202.05,"skX":0,"pY":0,"skY":0},"displayIndex":1,"z":2},{"duration":1,"transform":{"x":130,"scY":4,"scX":4,"pX":0,"y":-235.65,"skX":0,"pY":0,"skY":0},"displayIndex":2,"z":2},{"duration":2,"transform":{"x":-26.95,"scY":4,"scX":4,"pX":0,"y":-404.15,"skX":0,"pY":0,"skY":0},"displayIndex":3,"z":2},{"displayIndex":-1,"duration":2},{"duration":1,"transform":{"x":190.35,"scY":4,"scX":4,"pX":0,"y":-182.8,"skX":0,"pY":0,"skY":0},"displayIndex":4,"z":2},{"duration":1,"transform":{"x":204.65,"scY":4,"scX":4,"pX":0,"y":-136.8,"skX":0,"pY":0,"skY":0},"displayIndex":5,"z":2},{"duration":1,"transform":{"x":300.45,"scY":4,"scX":4,"pX":0,"y":-212.8,"skX":0,"pY":0,"skY":0},"displayIndex":6,"z":2},{"duration":1,"transform":{"x":226.45,"scY":4,"scX":4,"pX":0,"y":-252.05,"skX":0,"pY":0,"skY":0},"displayIndex":7,"z":2},{"duration":1,"transform":{"x":124.35,"scY":4,"scX":4,"pX":0,"y":-296.15,"skX":0,"pY":0,"skY":0},"displayIndex":8,"z":2},{"duration":1,"transform":{"x":-53.7,"scY":4,"scX":4,"pX":0,"y":-428.85,"skX":0,"pY":0,"skY":0},"displayIndex":9,"z":2},{"displayIndex":-1,"duration":15},{"duration":2,"transform":{"x":650.45,"scY":4,"scX":4,"pX":0,"y":-226.8,"skX":0,"pY":0,"skY":0},"displayIndex":10,"z":2},{"duration":2,"transform":{"x":743.45,"scY":4,"scX":4,"pX":0,"y":-215.55,"skX":0,"pY":0,"skY":0},"displayIndex":11,"z":2},{"duration":2,"transform":{"x":759.2,"scY":4,"scX":4,"pX":0,"y":-231.55,"skX":0,"pY":0,"skY":0},"displayIndex":12,"z":2},{"duration":2,"transform":{"x":773.45,"scY":4,"scX":4,"pX":0,"y":-220.8,"skX":0,"pY":0,"skY":0},"displayIndex":13,"z":2},{"displayIndex":-1,"duration":17}],"scale":1,"offset":0,"name":23}],"loop":1,"fadeInTime":0,"duration":63,"scale":1,"autoTween":0,"name":"jineng2"}]}],"frameRate":24,"version":2.3,"name":"guaiwu003_effect"}