{"version":2.3,"armature":[{"animation":[{"timeline":[{"offset":0,"scale":1,"name":101,"frame":[{"transform":{"pX":0,"scY":1,"pY":0,"x":-0.36,"skY":0,"y":-84.15,"scX":1,"skX":0},"z":0,"duration":2},{"transform":{"pX":0,"scY":1,"pY":0,"x":-18.27,"skY":0,"y":-81.14,"scX":1,"skX":0},"z":0,"displayIndex":1,"event":"skill2","duration":2},{"transform":{"pX":0,"scY":1,"pY":0,"x":-35.23,"skY":0,"y":-61.96,"scX":1,"skX":0},"z":0,"displayIndex":2,"duration":2},{"transform":{"pX":0,"scY":1,"pY":0,"x":-42.07,"skY":0,"y":-55.26,"scX":1,"skX":0},"z":0,"displayIndex":3,"event":"skill2","duration":2},{"transform":{"pX":0,"scY":1,"pY":0,"x":-39.33,"skY":0,"y":-49.82,"scX":1,"skX":0},"z":0,"displayIndex":4,"duration":2},{"transform":{"pX":0,"scY":1,"pY":0,"x":14.31,"skY":0,"y":-51.71,"scX":1,"skX":0},"z":0,"displayIndex":5,"event":"skill2","duration":2},{"transform":{"pX":0,"scY":1,"pY":0,"x":-10.08,"skY":0,"y":-47.47,"scX":1,"skX":0},"z":0,"displayIndex":6,"duration":2},{"transform":{"pX":0,"scY":1,"pY":0,"x":27.36,"skY":0,"y":-71.06,"scX":1,"skX":0},"z":0,"displayIndex":7,"duration":2},{"transform":{"pX":0,"scY":1,"pY":0,"x":-3.51,"skY":0,"y":-75.51,"scX":1,"skX":0},"z":0,"displayIndex":8,"event":"skill2","duration":2},{"transform":{"pX":0,"scY":1,"pY":0,"x":-13.99,"skY":0,"y":-57.37,"scX":1,"skX":0},"z":0,"displayIndex":9,"duration":2},{"transform":{"pX":0,"scY":1,"pY":0,"x":0.81,"skY":0,"y":-75.96,"scX":1,"skX":0},"z":0,"displayIndex":10,"duration":2},{"transform":{"pX":0,"scY":1,"pY":0,"x":-15.97,"skY":0,"y":-61.42,"scX":1,"skX":0},"z":0,"displayIndex":11,"event":"skill2","duration":2},{"transform":{"pX":0,"scY":1,"pY":0,"x":-3.51,"skY":0,"y":-75.51,"scX":1,"skX":0},"z":0,"displayIndex":8,"duration":2},{"transform":{"pX":0,"scY":1,"pY":0,"x":-13.99,"skY":0,"y":-57.37,"scX":1,"skX":0},"z":0,"displayIndex":9,"duration":2},{"transform":{"pX":0,"scY":1,"pY":0,"x":0.81,"skY":0,"y":-75.96,"scX":1,"skX":0},"z":0,"displayIndex":10,"event":"skill2","duration":2},{"transform":{"pX":0,"scY":1,"pY":0,"x":-15.97,"skY":0,"y":-61.42,"scX":1,"skX":0},"z":0,"displayIndex":11,"duration":2},{"transform":{"pX":0,"scY":1,"pY":0,"x":-3.51,"skY":0,"y":-75.51,"scX":1,"skX":0},"z":0,"displayIndex":8,"duration":2},{"transform":{"pX":0,"scY":1,"pY":0,"x":-13.99,"skY":0,"y":-57.37,"scX":1,"skX":0},"z":0,"displayIndex":9,"event":"skill2","duration":2},{"transform":{"pX":0,"scY":1,"pY":0,"x":0.81,"skY":0,"y":-75.96,"scX":1,"skX":0},"z":0,"displayIndex":10,"duration":2},{"transform":{"pX":0,"scY":1,"pY":0,"x":-15.97,"skY":0,"y":-61.42,"scX":1,"skX":0},"z":0,"displayIndex":11,"duration":2},{"transform":{"pX":0,"scY":1,"pY":0,"x":-3.51,"skY":0,"y":-75.51,"scX":1,"skX":0},"z":0,"displayIndex":8,"event":"skill2","duration":2},{"transform":{"pX":0,"scY":1,"pY":0,"x":-13.99,"skY":0,"y":-57.37,"scX":1,"skX":0},"z":0,"displayIndex":9,"duration":2},{"transform":{"pX":0,"scY":1,"pY":0,"x":0.81,"skY":0,"y":-75.96,"scX":1,"skX":0},"z":0,"displayIndex":10,"duration":2},{"transform":{"pX":0,"scY":1,"pY":0,"x":-15.97,"skY":0,"y":-61.42,"scX":1,"skX":0},"z":0,"displayIndex":11,"event":"skill2","duration":2},{"transform":{"pX":0,"scY":1,"pY":0,"x":10.89,"skY":0,"y":-91.08,"scX":1,"skX":0},"z":0,"displayIndex":12,"duration":2},{"transform":{"pX":0,"scY":1,"pY":0,"x":3.11,"skY":0,"y":-116.82,"scX":1,"skX":0},"z":0,"displayIndex":13,"duration":2},{"transform":{"pX":0,"scY":1,"pY":0,"x":14.04,"skY":0,"y":-128.93,"scX":1,"skX":0},"z":0,"displayIndex":14,"event":"skill2_fly","duration":2},{"transform":{"pX":0,"scY":1,"pY":0,"x":13.82,"skY":0,"y":-196.51,"scX":1,"skX":0},"z":0,"displayIndex":15,"duration":2},{"transform":{"pX":0,"scY":1,"pY":0,"x":8.46,"skY":0,"y":-188.91,"scX":1,"skX":0},"z":0,"displayIndex":16,"duration":2},{"transform":{"pX":0,"scY":1,"pY":0,"x":3.11,"skY":0,"y":-128.93,"scX":1,"skX":0},"z":0,"displayIndex":17,"event":"skill2","duration":2},{"transform":{"pX":0,"scY":1,"pY":0,"x":43.25,"skY":0,"y":-141.97,"scX":1,"skX":0},"z":0,"displayIndex":18,"duration":2},{"transform":{"pX":0,"scY":1,"pY":0,"x":29.57,"skY":0,"y":-118.66,"scX":1,"skX":0},"z":0,"displayIndex":19,"duration":2},{"transform":{"pX":0,"scY":1,"pY":0,"x":27.27,"skY":0,"y":-113.17,"scX":1,"skX":0},"z":0,"displayIndex":20,"duration":2}]}],"scale":1,"tweenEasing":null,"name":"jineng2","duration":66,"autoTween":1,"fadeInTime":0,"loop":1},{"timeline":[{"offset":0,"scale":1,"name":101,"frame":[{"duration":3,"displayIndex":-1},{"transform":{"pX":0,"scY":2,"pY":0,"x":-55.66,"skY":0,"y":-91.66,"scX":2,"skX":0},"z":0,"colorTransform":{"rM":100,"gO":0,"gM":100,"bO":0,"aO":0,"bM":100,"aM":41,"rO":0},"displayIndex":21,"duration":1},{"transform":{"pX":0,"scY":2,"pY":0,"x":-55.66,"skY":0,"y":-91.66,"scX":2,"skX":0},"z":0,"displayIndex":21,"duration":1},{"transform":{"pX":0,"scY":2,"pY":0,"x":-15.12,"skY":0,"y":-64.44,"scX":2,"skX":0},"z":0,"displayIndex":22,"duration":2},{"transform":{"pX":0,"scY":2,"pY":0,"x":-14.04,"skY":0,"y":-68.76,"scX":2,"skX":0},"z":0,"displayIndex":23,"duration":1},{"transform":{"pX":0,"scY":2,"pY":0,"x":-40.54,"skY":0,"y":-73.35,"scX":2,"skX":0},"z":0,"displayIndex":24,"duration":2},{"transform":{"pX":0,"scY":2,"pY":0,"x":-40.54,"skY":0,"y":-81.18,"scX":2,"skX":0},"z":0,"displayIndex":25,"duration":1},{"transform":{"pX":0,"scY":2,"pY":0,"x":-94.27,"skY":0,"y":-78.7,"scX":2,"skX":0},"z":0,"displayIndex":26,"duration":2},{"transform":{"pX":0,"scY":2,"pY":0,"x":-72.59,"skY":0,"y":-100.17,"scX":2,"skX":0},"z":0,"displayIndex":27,"duration":2},{"transform":{"pX":0,"scY":2,"pY":0,"x":-111.24,"skY":0,"y":-72.09,"scX":2,"skX":0},"z":0,"displayIndex":28,"duration":7},{"duration":20,"displayIndex":-1}]},{"offset":0,"scale":1,"name":113,"frame":[{"transform":{"pX":0,"scY":1,"pY":0,"x":-9.72,"skY":0,"y":-83.52,"scX":1,"skX":0},"z":1,"duration":2},{"transform":{"pX":0,"scY":1,"pY":0,"x":-31.23,"skY":0,"y":-84.91,"scX":1,"skX":0},"z":1,"displayIndex":1,"duration":2},{"transform":{"pX":0,"scY":1,"pY":0,"x":3.65,"skY":0,"y":-61.6,"scX":1,"skX":0},"z":1,"displayIndex":2,"duration":2},{"transform":{"pX":0,"scY":1,"pY":0,"x":-8.1,"skY":0,"y":-64.98,"scX":1,"skX":0},"z":1,"displayIndex":3,"duration":2},{"transform":{"pX":0,"scY":1,"pY":0,"x":20.3,"skY":0,"y":-73.8,"scX":1,"skX":0},"z":1,"displayIndex":4,"event":"advance2","duration":2},{"transform":{"pX":0,"scY":1,"pY":0,"x":11.84,"skY":0,"y":-85.05,"scX":1,"skX":0},"z":1,"displayIndex":5,"duration":2},{"transform":{"pX":0,"scY":1,"pY":0,"x":20.84,"skY":0,"y":-92.38,"scX":1,"skX":0},"z":1,"displayIndex":6,"event":"skill3","duration":2},{"transform":{"pX":0,"scY":1,"pY":0,"x":20.84,"skY":0,"y":-89.14,"scX":1,"skX":0},"z":1,"displayIndex":7,"duration":2},{"transform":{"pX":0,"scY":1,"pY":0,"x":20.84,"skY":0,"y":-92.38,"scX":1,"skX":0},"z":1,"displayIndex":6,"event":"skill3","duration":2},{"transform":{"pX":0,"scY":1,"pY":0,"x":20.84,"skY":0,"y":-89.14,"scX":1,"skX":0},"z":1,"displayIndex":7,"duration":2},{"transform":{"pX":0,"scY":1,"pY":0,"x":20.84,"skY":0,"y":-92.38,"scX":1,"skX":0},"z":1,"displayIndex":6,"event":"skill3","duration":2},{"transform":{"pX":0,"scY":1,"pY":0,"x":19.93,"skY":0,"y":-96.79,"scX":1,"skX":0},"z":1,"displayIndex":8,"duration":2},{"transform":{"pX":0,"scY":1,"pY":0,"x":-10.03,"skY":0,"y":-80.91,"scX":1,"skX":0},"z":1,"displayIndex":9,"event":"skill3","duration":2},{"transform":{"pX":0,"scY":1,"pY":0,"x":-12.51,"skY":0,"y":-74.2,"scX":1,"skX":0},"z":1,"displayIndex":10,"duration":2},{"transform":{"pX":0,"scY":1,"pY":0,"x":23.72,"skY":0,"y":-74.7,"scX":1,"skX":0},"z":1,"displayIndex":11,"event":"skill3","duration":2},{"transform":{"pX":0,"scY":1,"pY":0,"x":15.62,"skY":0,"y":-97.15,"scX":1,"skX":0},"z":1,"displayIndex":12,"duration":2},{"transform":{"pX":0,"scY":1,"pY":0,"x":11.03,"skY":0,"y":-104.54,"scX":1,"skX":0},"z":1,"displayIndex":13,"duration":2},{"transform":{"pX":0,"scY":1,"pY":0,"x":7.2,"skY":0,"y":-108.4,"scX":1,"skX":0},"z":1,"displayIndex":14,"duration":2},{"transform":{"pX":0,"scY":1,"pY":0,"x":6.03,"skY":0,"y":-109.71,"scX":1,"skX":0},"z":1,"displayIndex":15,"duration":2},{"transform":{"pX":0,"scY":1,"pY":0,"x":29.84,"skY":0,"y":-101.25,"scX":1,"skX":0},"z":1,"displayIndex":16,"event":"skill3_fly","duration":2},{"transform":{"pX":0,"scY":1,"pY":0,"x":18.27,"skY":0,"y":-101.11,"scX":1,"skX":0},"z":1,"displayIndex":17,"duration":2}]}],"scale":1,"tweenEasing":null,"name":"jineng3","duration":42,"autoTween":1,"fadeInTime":0,"loop":1},{"timeline":[{"offset":0,"scale":1,"name":101,"frame":[{"transform":{"pX":0,"scY":1,"pY":0,"x":3.51,"skY":0,"y":-97.69,"scX":1,"skX":0},"z":0,"displayIndex":29,"duration":2},{"transform":{"pX":0,"scY":1,"pY":0,"x":-10.71,"skY":0,"y":-69.53,"scX":1,"skX":0},"z":0,"displayIndex":30,"event":"skill4","duration":2},{"transform":{"pX":0,"scY":1,"pY":0,"x":17.82,"skY":0,"y":-76.99,"scX":1,"skX":0},"z":0,"displayIndex":31,"event":"jump2","duration":2},{"transform":{"pX":0,"scY":1,"pY":0,"x":19.53,"skY":0,"y":-90.63,"scX":1,"skX":0},"z":0,"displayIndex":32,"duration":2},{"transform":{"pX":0,"scY":1,"pY":0,"x":11.48,"skY":0,"y":-101.34,"scX":1,"skX":0},"z":0,"displayIndex":33,"duration":2},{"transform":{"pX":0,"scY":1,"pY":0,"x":19.8,"skY":0,"y":-102.69,"scX":1,"skX":0},"z":0,"displayIndex":34,"event":"skill4","duration":2},{"transform":{"pX":0,"scY":1,"pY":0,"x":27.45,"skY":0,"y":-96.61,"scX":1,"skX":0},"z":0,"displayIndex":35,"duration":2},{"transform":{"pX":0,"scY":1,"pY":0,"x":27.54,"skY":0,"y":-101.52,"scX":1,"skX":0},"z":0,"displayIndex":36,"event":"skill4","duration":2},{"transform":{"pX":0,"scY":1,"pY":0,"x":38.16,"skY":0,"y":-103.99,"scX":1,"skX":0},"z":0,"displayIndex":37,"event":"skill4","duration":2},{"transform":{"pX":0,"scY":1,"pY":0,"x":27.18,"skY":0,"y":-105.48,"scX":1,"skX":0},"z":0,"displayIndex":38,"event":"skill4","duration":2},{"transform":{"pX":0,"scY":1,"pY":0,"x":16.79,"skY":0,"y":-105.21,"scX":1,"skX":0},"z":0,"displayIndex":39,"event":"skill4","duration":2},{"transform":{"pX":0,"scY":1,"pY":0,"x":3.56,"skY":0,"y":-107.28,"scX":1,"skX":0},"z":0,"displayIndex":40,"event":"skill4","duration":2},{"transform":{"pX":0,"scY":1,"pY":0,"x":-10.89,"skY":0,"y":-110.74,"scX":1,"skX":0},"z":0,"displayIndex":41,"event":"skill4","duration":2},{"transform":{"pX":0,"scY":1,"pY":0,"x":-25.06,"skY":0,"y":-115.38,"scX":1,"skX":0},"z":0,"displayIndex":42,"event":"skill4","duration":2},{"transform":{"pX":0,"scY":1,"pY":0,"x":-21.06,"skY":0,"y":-107.28,"scX":1,"skX":0},"z":0,"displayIndex":43,"event":"jumpLand","duration":2}]}],"scale":1,"tweenEasing":null,"name":"jineng4","duration":30,"autoTween":1,"fadeInTime":0,"loop":1}],"skin":[{"name":"default","slot":[{"z":0,"parent":101,"display":[{"transform":{"pX":77.85,"scY":1,"pY":90,"x":0,"skY":0,"y":0,"scX":1,"skX":0},"type":"image","name":"zhujue-sc/1_16-1"},{"transform":{"pX":72.9,"scY":1,"pY":82.8,"x":0,"skY":0,"y":0,"scX":1,"skX":0},"type":"image","name":"zhujue-sc/1_16-2"},{"transform":{"pX":85.95,"scY":1,"pY":66.15,"x":0,"skY":0,"y":0,"scX":1,"skX":0},"type":"image","name":"zhujue-sc/1_16-3"},{"transform":{"pX":118.35,"scY":1,"pY":59.85,"x":0,"skY":0,"y":0,"scX":1,"skX":0},"type":"image","name":"zhujue-sc/1_16-4"},{"transform":{"pX":88.2,"scY":1,"pY":75.6,"x":0,"skY":0,"y":0,"scX":1,"skX":0},"type":"image","name":"zhujue-sc/1_16-5"},{"transform":{"pX":124.2,"scY":1,"pY":53.1,"x":0,"skY":0,"y":0,"scX":1,"skX":0},"type":"image","name":"zhujue-sc/1_16-6"},{"transform":{"pX":102.6,"scY":1,"pY":67.5,"x":0,"skY":0,"y":0,"scX":1,"skX":0},"type":"image","name":"zhujue-sc/1_16-7"},{"transform":{"pX":100.35,"scY":1,"pY":55.8,"x":0,"skY":0,"y":0,"scX":1,"skX":0},"type":"image","name":"zhujue-sc/1_16-8"},{"transform":{"pX":109.35,"scY":1,"pY":58.95,"x":0,"skY":0,"y":0,"scX":1,"skX":0},"type":"image","name":"zhujue-sc/1_16-9"},{"transform":{"pX":59.85,"scY":1,"pY":80.1,"x":0,"skY":0,"y":0,"scX":1,"skX":0},"type":"image","name":"zhujue-sc/1_16-10"},{"transform":{"pX":109.35,"scY":1,"pY":66.6,"x":0,"skY":0,"y":0,"scX":1,"skX":0},"type":"image","name":"zhujue-sc/1_16-11"},{"transform":{"pX":57.15,"scY":1,"pY":72,"x":0,"skY":0,"y":0,"scX":1,"skX":0},"type":"image","name":"zhujue-sc/1_16-12"},{"transform":{"pX":94.95,"scY":1,"pY":89.55,"x":0,"skY":0,"y":0,"scX":1,"skX":0},"type":"image","name":"zhujue-sc/1_16-25"},{"transform":{"pX":79.65,"scY":1,"pY":100.8,"x":0,"skY":0,"y":0,"scX":1,"skX":0},"type":"image","name":"zhujue-sc/1_16-26"},{"transform":{"pX":56.7,"scY":1,"pY":100.8,"x":0,"skY":0,"y":0,"scX":1,"skX":0},"type":"image","name":"zhujue-sc/1_16-27"},{"transform":{"pX":43.65,"scY":1,"pY":106.2,"x":0,"skY":0,"y":0,"scX":1,"skX":0},"type":"image","name":"zhujue-sc/1_16-28"},{"transform":{"pX":42.3,"scY":1,"pY":117.9,"x":0,"skY":0,"y":0,"scX":1,"skX":0},"type":"image","name":"zhujue-sc/1_16-29"},{"transform":{"pX":88.65,"scY":1,"pY":99.9,"x":0,"skY":0,"y":0,"scX":1,"skX":0},"type":"image","name":"zhujue-sc/1_16-30"},{"transform":{"pX":101.25,"scY":1,"pY":88.65,"x":0,"skY":0,"y":0,"scX":1,"skX":0},"type":"image","name":"zhujue-sc/1_16-31"},{"transform":{"pX":93.15,"scY":1,"pY":123.75,"x":0,"skY":0,"y":0,"scX":1,"skX":0},"type":"image","name":"zhujue-sc/1_16-32"},{"transform":{"pX":89.1,"scY":1,"pY":119.25,"x":0,"skY":0,"y":0,"scX":1,"skX":0},"type":"image","name":"zhujue-sc/1_16-33"},{"transform":{"pX":46.13,"scY":1,"pY":55.58,"x":0,"skY":0,"y":0,"scX":1,"skX":0},"type":"image","name":"sucai/2_17-body2-1"},{"transform":{"pX":60.75,"scY":1,"pY":46.8,"x":0,"skY":0,"y":0,"scX":1,"skX":0},"type":"image","name":"sucai/2_17-body2-2"},{"transform":{"pX":50.63,"scY":1,"pY":42.75,"x":0,"skY":0,"y":0,"scX":1,"skX":0},"type":"image","name":"sucai/2_17-body2-3"},{"transform":{"pX":100.35,"scY":1,"pY":39.83,"x":0,"skY":0,"y":0,"scX":1,"skX":0},"type":"image","name":"sucai/2_17-body2-5"},{"transform":{"pX":105.98,"scY":1,"pY":40.95,"x":0,"skY":0,"y":0,"scX":1,"skX":0},"type":"image","name":"sucai/2_17-body2-6"},{"transform":{"pX":106.88,"scY":1,"pY":46.35,"x":0,"skY":0,"y":0,"scX":1,"skX":0},"type":"image","name":"sucai/2_17-body2-7"},{"transform":{"pX":117.45,"scY":1,"pY":39.83,"x":0,"skY":0,"y":0,"scX":1,"skX":0},"type":"image","name":"sucai/2_17-body2-8"},{"transform":{"pX":79.88,"scY":1,"pY":34.43,"x":0,"skY":0,"y":0,"scX":1,"skX":0},"type":"image","name":"sucai/2_17-body2-9"},{"transform":{"pX":81,"scY":1,"pY":98.1,"x":0,"skY":0,"y":0,"scX":1,"skX":0},"type":"image","name":"sucai/3_18-renwu-1"},{"transform":{"pX":68.4,"scY":1,"pY":72.9,"x":0,"skY":0,"y":0,"scX":1,"skX":0},"type":"image","name":"sucai/3_18-renwu-2"},{"transform":{"pX":82.35,"scY":1,"pY":81,"x":0,"skY":0,"y":0,"scX":1,"skX":0},"type":"image","name":"sucai/3_18-renwu-3"},{"transform":{"pX":88.65,"scY":1,"pY":93.15,"x":0,"skY":0,"y":0,"scX":1,"skX":0},"type":"image","name":"sucai/3_18-renwu-4"},{"transform":{"pX":82.35,"scY":1,"pY":103.5,"x":0,"skY":0,"y":0,"scX":1,"skX":0},"type":"image","name":"sucai/3_18-renwu-5"},{"transform":{"pX":67.05,"scY":1,"pY":104.85,"x":0,"skY":0,"y":0,"scX":1,"skX":0},"type":"image","name":"sucai/3_18-renwu-6"},{"transform":{"pX":52.65,"scY":1,"pY":102.15,"x":0,"skY":0,"y":0,"scX":1,"skX":0},"type":"image","name":"sucai/3_18-renwu-7"},{"transform":{"pX":62.55,"scY":1,"pY":105.75,"x":0,"skY":0,"y":0,"scX":1,"skX":0},"type":"image","name":"sucai/3_18-renwu-8"},{"transform":{"pX":80.1,"scY":1,"pY":107.1,"x":0,"skY":0,"y":0,"scX":1,"skX":0},"type":"image","name":"sucai/3_18-renwu-9"},{"transform":{"pX":80.55,"scY":1,"pY":107.55,"x":0,"skY":0,"y":0,"scX":1,"skX":0},"type":"image","name":"sucai/3_18-renwu-10"},{"transform":{"pX":85.05,"scY":1,"pY":108.45,"x":0,"skY":0,"y":0,"scX":1,"skX":0},"type":"image","name":"sucai/3_18-renwu-11"},{"transform":{"pX":89.1,"scY":1,"pY":108.9,"x":0,"skY":0,"y":0,"scX":1,"skX":0},"type":"image","name":"sucai/3_18-renwu-12"},{"transform":{"pX":79.2,"scY":1,"pY":113.4,"x":0,"skY":0,"y":0,"scX":1,"skX":0},"type":"image","name":"sucai/3_18-renwu-13"},{"transform":{"pX":63,"scY":1,"pY":119.25,"x":0,"skY":0,"y":0,"scX":1,"skX":0},"type":"image","name":"sucai/3_18-renwu-14"},{"transform":{"pX":75.6,"scY":1,"pY":110.25,"x":0,"skY":0,"y":0,"scX":1,"skX":0},"type":"image","name":"sucai/3_18-renwu-15"}],"name":101},{"z":1,"parent":113,"display":[{"transform":{"pX":76.5,"scY":1,"pY":86.85,"x":0,"skY":0,"y":0,"scX":1,"skX":0},"type":"image","name":"sucai/2_17-1"},{"transform":{"pX":71.55,"scY":1,"pY":86.85,"x":0,"skY":0,"y":0,"scX":1,"skX":0},"type":"image","name":"sucai/2_17-2"},{"transform":{"pX":94.95,"scY":1,"pY":72.9,"x":0,"skY":0,"y":0,"scX":1,"skX":0},"type":"image","name":"sucai/2_17-3"},{"transform":{"pX":79.2,"scY":1,"pY":65.7,"x":0,"skY":0,"y":0,"scX":1,"skX":0},"type":"image","name":"sucai/2_17-4"},{"transform":{"pX":101.25,"scY":1,"pY":65.25,"x":0,"skY":0,"y":0,"scX":1,"skX":0},"type":"image","name":"sucai/2_17-5"},{"transform":{"pX":110.7,"scY":1,"pY":60.3,"x":0,"skY":0,"y":0,"scX":1,"skX":0},"type":"image","name":"sucai/2_17-6"},{"transform":{"pX":139.05,"scY":1,"pY":63.9,"x":0,"skY":0,"y":0,"scX":1,"skX":0},"type":"image","name":"sucai/2_17-7"},{"transform":{"pX":139.05,"scY":1,"pY":60.75,"x":0,"skY":0,"y":0,"scX":1,"skX":0},"type":"image","name":"sucai/2_17-8"},{"transform":{"pX":88.2,"scY":1,"pY":84.15,"x":0,"skY":0,"y":0,"scX":1,"skX":0},"type":"image","name":"sucai/2_17-12"},{"transform":{"pX":55.35,"scY":1,"pY":76.5,"x":0,"skY":0,"y":0,"scX":1,"skX":0},"type":"image","name":"sucai/2_17-13"},{"transform":{"pX":64.35,"scY":1,"pY":63,"x":0,"skY":0,"y":0,"scX":1,"skX":0},"type":"image","name":"sucai/2_17-14"},{"transform":{"pX":89.55,"scY":1,"pY":62.1,"x":0,"skY":0,"y":0,"scX":1,"skX":0},"type":"image","name":"sucai/2_17-15"},{"transform":{"pX":80.55,"scY":1,"pY":100.35,"x":0,"skY":0,"y":0,"scX":1,"skX":0},"type":"image","name":"sucai/2_17-16"},{"transform":{"pX":72,"scY":1,"pY":108,"x":0,"skY":0,"y":0,"scX":1,"skX":0},"type":"image","name":"sucai/2_17-17"},{"transform":{"pX":63.45,"scY":1,"pY":112.95,"x":0,"skY":0,"y":0,"scX":1,"skX":0},"type":"image","name":"sucai/2_17-18"},{"transform":{"pX":61.65,"scY":1,"pY":115.2,"x":0,"skY":0,"y":0,"scX":1,"skX":0},"type":"image","name":"sucai/2_17-19"},{"transform":{"pX":95.4,"scY":1,"pY":104.85,"x":0,"skY":0,"y":0,"scX":1,"skX":0},"type":"image","name":"sucai/2_17-20"},{"transform":{"pX":89.1,"scY":1,"pY":107.1,"x":0,"skY":0,"y":0,"scX":1,"skX":0},"type":"image","name":"sucai/2_17-21"}],"name":113}]}],"bone":[{"transform":{"scY":1,"x":-0.36,"skY":0,"y":-84.15,"scX":1,"skX":0},"name":101},{"transform":{"scY":1,"x":-9.72,"skY":0,"y":-83.52,"scX":1,"skX":0},"name":113}],"name":"zhujue2"}],"frameRate":24,"name":"zhujue2"}