{"imagePath":"texture.png","name":"zhujue2","SubTexture":[{"height":180,"width":156,"y":454,"name":"zhujue-sc/1_16-1","x":0},{"height":166,"width":146,"y":636,"name":"zhujue-sc/1_16-2","x":0},{"height":133,"width":172,"y":636,"name":"zhujue-sc/1_16-3","x":1422},{"height":120,"width":237,"y":397,"name":"zhujue-sc/1_16-4","x":1781},{"height":152,"width":177,"y":470,"name":"zhujue-sc/1_16-5","x":1602},{"height":107,"width":249,"y":519,"name":"zhujue-sc/1_16-6","x":1781},{"height":135,"width":206,"y":628,"name":"zhujue-sc/1_16-7","x":1769},{"height":112,"width":201,"y":767,"name":"zhujue-sc/1_16-8","x":774},{"height":118,"width":219,"y":647,"name":"zhujue-sc/1_16-9","x":794},{"height":161,"width":120,"y":541,"name":"zhujue-sc/1_16-10","x":517},{"height":134,"width":219,"y":547,"name":"zhujue-sc/1_16-11","x":290},{"height":144,"width":115,"y":804,"name":"zhujue-sc/1_16-12","x":0},{"height":180,"width":190,"y":220,"name":"zhujue-sc/1_16-25","x":1072},{"height":202,"width":160,"y":250,"name":"zhujue-sc/1_16-26","x":0},{"height":202,"width":114,"y":130,"name":"zhujue-sc/1_16-27","x":534},{"height":213,"width":88,"y":362,"name":"zhujue-sc/1_16-28","x":796},{"height":236,"width":85,"y":124,"name":"zhujue-sc/1_16-29","x":831},{"height":200,"width":178,"y":124,"name":"zhujue-sc/1_16-30","x":651},{"height":178,"width":203,"y":0,"name":"zhujue-sc/1_16-31","x":1821},{"height":248,"width":187,"y":0,"name":"zhujue-sc/1_16-32","x":0},{"height":239,"width":179,"y":0,"name":"zhujue-sc/1_16-33","x":189},{"height":112,"width":93,"y":402,"name":"sucai/2_17-body2-1","x":1198},{"height":94,"width":122,"y":848,"name":"sucai/2_17-body2-2","x":1752},{"height":86,"width":102,"y":848,"name":"sucai/2_17-body2-3","x":1876},{"height":84,"width":165,"y":811,"name":"sucai/2_17-body2-5","x":977},{"height":82,"width":199,"y":831,"name":"sucai/2_17-body2-6","x":248},{"height":84,"width":215,"y":771,"name":"sucai/2_17-body2-7","x":1374},{"height":81,"width":235,"y":765,"name":"sucai/2_17-body2-8","x":1769},{"height":62,"width":161,"y":847,"name":"sucai/2_17-body2-9","x":592},{"height":197,"width":162,"y":348,"name":"sucai/3_18-renwu-1","x":353},{"height":146,"width":137,"y":658,"name":"sucai/3_18-renwu-2","x":148},{"height":162,"width":165,"y":624,"name":"sucai/3_18-renwu-3","x":1602},{"height":187,"width":178,"y":219,"name":"sucai/3_18-renwu-4","x":1473},{"height":207,"width":165,"y":217,"name":"sucai/3_18-renwu-5","x":1306},{"height":210,"width":135,"y":435,"name":"sucai/3_18-renwu-6","x":886},{"height":205,"width":106,"y":334,"name":"sucai/3_18-renwu-7","x":534},{"height":212,"width":126,"y":444,"name":"sucai/3_18-renwu-8","x":162},{"height":215,"width":161,"y":180,"name":"sucai/3_18-renwu-9","x":1821},{"height":216,"width":162,"y":130,"name":"sucai/3_18-renwu-10","x":370},{"height":217,"width":171,"y":0,"name":"sucai/3_18-renwu-11","x":1487},{"height":218,"width":179,"y":0,"name":"sucai/3_18-renwu-12","x":1125},{"height":227,"width":159,"y":0,"name":"sucai/3_18-renwu-13","x":1660},{"height":239,"width":126,"y":229,"name":"sucai/3_18-renwu-14","x":1653},{"height":221,"width":152,"y":212,"name":"sucai/3_18-renwu-15","x":918},{"height":174,"width":153,"y":544,"name":"sucai/2_17-1","x":639},{"height":174,"width":144,"y":635,"name":"sucai/2_17-2","x":1023},{"height":146,"width":190,"y":683,"name":"sucai/2_17-3","x":287},{"height":132,"width":159,"y":788,"name":"sucai/2_17-4","x":1591},{"height":131,"width":203,"y":720,"name":"sucai/2_17-5","x":1169},{"height":121,"width":222,"y":597,"name":"sucai/2_17-6","x":1198},{"height":128,"width":279,"y":0,"name":"sucai/2_17-7","x":370},{"height":122,"width":279,"y":0,"name":"sucai/2_17-8","x":651},{"height":169,"width":177,"y":426,"name":"sucai/2_17-12","x":1293},{"height":153,"width":111,"y":704,"name":"sucai/2_17-13","x":479},{"height":126,"width":129,"y":806,"name":"sucai/2_17-14","x":117},{"height":125,"width":180,"y":720,"name":"sucai/2_17-15","x":592},{"height":201,"width":162,"y":241,"name":"sucai/2_17-16","x":189},{"height":216,"width":144,"y":326,"name":"sucai/2_17-17","x":650},{"height":226,"width":127,"y":408,"name":"sucai/2_17-18","x":1473},{"height":231,"width":124,"y":402,"name":"sucai/2_17-19","x":1072},{"height":210,"width":191,"y":0,"name":"sucai/2_17-20","x":932},{"height":215,"width":179,"y":0,"name":"sucai/2_17-21","x":1306}]}