{"version":2.3,"name":"jineng1","armature":[{"skin":[{"name":"default","slot":[{"display":[{"name":"zhujue-sc/gongjijineng001","type":"image","transform":{"skX":0,"x":0,"pX":30.6,"pY":10.17,"y":0,"scX":1,"skY":0,"scY":1}},{"name":"zhujue-sc/gongjijineng002","type":"image","transform":{"skX":0,"x":0,"pX":89.1,"pY":27.9,"y":0,"scX":1,"skY":0,"scY":1}},{"name":"zhujue-sc/gongjijineng003","type":"image","transform":{"skX":0,"x":0,"pX":89.55,"pY":41.4,"y":0,"scX":1,"skY":0,"scY":1}},{"name":"zhujue-sc/gongjijineng004","type":"image","transform":{"skX":0,"x":0,"pX":100.8,"pY":47.7,"y":0,"scX":1,"skY":0,"scY":1}},{"name":"zhujue-sc/gongjijineng005","type":"image","transform":{"skX":0,"x":0,"pX":110.25,"pY":48.15,"y":0,"scX":1,"skY":0,"scY":1}},{"name":"zhujue-sc/gongjijineng006","type":"image","transform":{"skX":0,"x":0,"pX":111.6,"pY":48.15,"y":0,"scX":1,"skY":0,"scY":1}},{"name":"zhujue-sc/gongjijineng007","type":"image","transform":{"skX":0,"x":0,"pX":58.95,"pY":44.1,"y":0,"scX":1,"skY":0,"scY":1}},{"name":"sucai/2_11-t-1","type":"image","transform":{"skX":0,"x":0,"pX":71.1,"pY":33.3,"y":0,"scX":1,"skY":0,"scY":1}},{"name":"sucai/2_11-t-2","type":"image","transform":{"skX":0,"x":0,"pX":144.5,"pY":92.3,"y":0,"scX":1,"skY":0,"scY":1}},{"name":"sucai/2_11-t-3","type":"image","transform":{"skX":0,"x":0,"pX":140,"pY":132.35,"y":0,"scX":1,"skY":0,"scY":1}},{"name":"sucai/2_11-t-4","type":"image","transform":{"skX":0,"x":0,"pX":158.45,"pY":146.75,"y":0,"scX":1,"skY":0,"scY":1}},{"name":"sucai/2_11-t-5","type":"image","transform":{"skX":0,"x":0,"pX":176.9,"pY":151.65,"y":0,"scX":1,"skY":0,"scY":1}},{"name":"sucai/2_11-t-6","type":"image","transform":{"skX":0,"x":0,"pX":176,"pY":153,"y":0,"scX":1,"skY":0,"scY":1}},{"name":"sucai/2_11-t-7","type":"image","transform":{"skX":0,"x":0,"pX":104.67,"pY":122.85,"y":0,"scX":1,"skY":0,"scY":1}},{"name":"sucai/new-yuanjian- 10","type":"image","transform":{"skX":0,"x":0,"pX":65.03,"pY":20.03,"y":0,"scX":1,"skY":0,"scY":1}},{"name":"sucai/new-new- yuanjian- 1","type":"image","transform":{"skX":0,"x":0,"pX":112.73,"pY":90.45,"y":0,"scX":1,"skY":0,"scY":1}},{"name":"sucai/new-yuanjian- 1","type":"image","transform":{"skX":0,"x":0,"pX":106.65,"pY":108.68,"y":0.05,"scX":1,"skY":0,"scY":1}},{"name":"sucai/new-yuanjian- 2","type":"image","transform":{"skX":0,"x":0,"pX":141.3,"pY":118.35,"y":0,"scX":1,"skY":0,"scY":1}},{"name":"sucai/new-yuanjian- 3","type":"image","transform":{"skX":0,"x":0,"pX":93.42,"pY":118.53,"y":0,"scX":1,"skY":0,"scY":1}},{"name":"sucai/new-yuanjian- 4","type":"image","transform":{"skX":0,"x":0,"pX":78.93,"pY":118.58,"y":0,"scX":1,"skY":0,"scY":1}},{"name":"sucai/new-yuanjian- 5","type":"image","transform":{"skX":0,"x":0,"pX":101.93,"pY":110.7,"y":0,"scX":1,"skY":0,"scY":1}},{"name":"sucai/new-yuanjian- 6","type":"image","transform":{"skX":0,"x":0,"pX":78.08,"pY":111.38,"y":0,"scX":1,"skY":0,"scY":1}},{"name":"zhujue-sc/yyyj3","type":"image","transform":{"skX":0,"x":0,"pX":131.22,"pY":127.53,"y":0,"scX":1,"skY":0,"scY":1}}],"name":"图层 3","z":0,"parent":"图层 3"}]}],"name":"jineng1","animation":[{"fadeInTime":0,"name":"daiji","loop":1,"autoTween":1,"duration":24,"tweenEasing":null,"scale":1},{"fadeInTime":0,"name":"yidong","loop":1,"autoTween":1,"duration":20,"tweenEasing":null,"scale":1},{"fadeInTime":0,"name":"beiji","loop":1,"autoTween":1,"duration":15,"tweenEasing":null,"scale":1},{"fadeInTime":0,"name":"gongji1","loop":1,"timeline":[{"offset":0,"name":"图层 3","scale":1,"frame":[{"duration":3,"displayIndex":-1},{"duration":1,"z":0,"transform":{"skX":15,"x":-33.75,"pX":0,"pY":0,"y":-36.09,"scX":2,"skY":15,"scY":2}},{"duration":1,"z":0,"transform":{"skX":0,"x":49.91,"pX":0,"pY":0,"y":-37.44,"scX":2,"skY":0,"scY":2},"displayIndex":1},{"duration":1,"z":0,"transform":{"skX":0,"x":78.71,"pX":0,"pY":0,"y":-46.66,"scX":2,"skY":0,"scY":2},"displayIndex":2},{"duration":2,"z":0,"transform":{"skX":0,"x":72.41,"pX":0,"pY":0,"y":-49.14,"scX":2,"skY":0,"scY":2},"displayIndex":3},{"duration":2,"z":0,"transform":{"skX":0,"x":107.73,"pX":0,"pY":0,"y":-47.11,"scX":2,"skY":0,"scY":2},"displayIndex":4,"event":"attack1"},{"duration":2,"z":0,"transform":{"skX":0,"x":133.16,"pX":0,"pY":0,"y":-46.89,"scX":2,"skY":0,"scY":2},"displayIndex":5},{"duration":2,"z":0,"transform":{"skX":0,"x":230.85,"pX":0,"pY":0,"y":-55.89,"scX":2,"skY":0,"scY":2},"displayIndex":6},{"duration":2,"displayIndex":-1}]}],"autoTween":1,"duration":16,"tweenEasing":null,"scale":1},{"fadeInTime":0,"name":"gongji2","loop":1,"timeline":[{"offset":0,"name":"图层 3","scale":1,"frame":[{"duration":5,"displayIndex":-1},{"duration":1,"z":0,"transform":{"skX":0,"x":-53.1,"pX":0,"pY":0,"y":-158.35,"scX":1,"skY":0,"scY":1},"displayIndex":7},{"duration":1,"z":0,"transform":{"skX":0,"x":31.99,"pX":0,"pY":0,"y":-101.2,"scX":1,"skY":0,"scY":1},"displayIndex":8},{"duration":1,"z":0,"transform":{"skX":0,"x":63.5,"pX":0,"pY":0,"y":-88.15,"scX":1,"skY":0,"scY":1},"displayIndex":9},{"duration":2,"z":0,"transform":{"skX":0,"x":55.85,"pX":0,"pY":0,"y":-89.95,"scX":1,"skY":0,"scY":1},"displayIndex":10},{"duration":2,"z":0,"transform":{"skX":0,"x":84.2,"pX":0,"pY":0,"y":-90.4,"scX":1,"skY":0,"scY":1},"displayIndex":11},{"duration":2,"z":0,"transform":{"skX":0,"x":109.4,"pX":0,"pY":0,"y":-90.85,"scX":1,"skY":0,"scY":1},"displayIndex":12},{"duration":2,"z":0,"transform":{"skX":0,"x":179.42,"pX":0,"pY":0,"y":-59.81,"scX":1,"skY":0,"scY":1},"displayIndex":13}]}],"autoTween":1,"duration":16,"tweenEasing":null,"scale":1},{"fadeInTime":0,"name":"gongji3","loop":1,"timeline":[{"offset":0,"name":"图层 3","scale":1,"frame":[{"duration":4,"displayIndex":-1},{"duration":1,"z":0,"transform":{"skX":-10.22,"x":-100.71,"pX":0,"pY":0,"y":-144.27,"scX":1,"skY":-10.22,"scY":1},"displayIndex":7},{"duration":1,"z":0,"transform":{"skX":-10.22,"x":-6.84,"pX":0,"pY":0,"y":-103.09,"scX":1,"skY":-10.22,"scY":1},"displayIndex":8},{"duration":1,"z":0,"transform":{"skX":-10.22,"x":26.46,"pX":0,"pY":0,"y":-95.85,"scX":1,"skY":-10.22,"scY":1},"displayIndex":9},{"duration":2,"z":0,"transform":{"skX":-10.22,"x":18.63,"pX":0,"pY":0,"y":-96.26,"scX":1,"skY":-10.22,"scY":1},"displayIndex":10},{"duration":2,"z":0,"transform":{"skX":-10.22,"x":46.49,"pX":0,"pY":0,"y":-101.74,"scX":1,"skY":-10.22,"scY":1},"displayIndex":11},{"duration":2,"z":0,"transform":{"skX":-10.22,"x":71.19,"pX":0,"pY":0,"y":-106.65,"scX":1,"skY":-10.22,"scY":1},"displayIndex":12},{"duration":4,"z":0,"transform":{"skX":-10.22,"x":145.62,"pX":0,"pY":0,"y":-88.51,"scX":1,"skY":-10.22,"scY":1},"displayIndex":13},{"duration":1,"displayIndex":-1}]}],"autoTween":1,"duration":18,"tweenEasing":null,"scale":1},{"fadeInTime":0,"name":"gongji4","loop":1,"timeline":[{"offset":0,"name":"图层 3","scale":1,"frame":[{"duration":3,"displayIndex":-1},{"duration":2,"z":0,"transform":{"skX":0,"x":-16.42,"pX":0,"pY":0,"y":-3.11,"scX":2,"skY":0,"scY":2},"displayIndex":14},{"duration":2,"z":0,"transform":{"skX":0,"x":30.19,"pX":0,"pY":0,"y":-93.6,"scX":2,"skY":0,"scY":2},"displayIndex":15},{"duration":2,"z":0,"transform":{"skX":0,"x":29.34,"pX":0,"pY":0,"y":-142.02,"scX":2,"skY":0,"scY":2},"displayIndex":16},{"duration":2,"z":0,"transform":{"skX":0,"x":74.66,"pX":0,"pY":0,"y":-136.44,"scX":2,"skY":0,"scY":2},"displayIndex":17},{"duration":2,"z":0,"transform":{"skX":0,"x":38.39,"pX":0,"pY":0,"y":-145.66,"scX":2,"skY":0,"scY":2},"displayIndex":18},{"duration":2,"z":0,"transform":{"skX":0,"x":58.01,"pX":0,"pY":0,"y":-142.74,"scX":2,"skY":0,"scY":2},"displayIndex":19},{"duration":2,"z":0,"transform":{"skX":0,"x":90.27,"pX":0,"pY":0,"y":-120.96,"scX":2,"skY":0,"scY":2},"colorTransform":{"bO":0,"rM":100,"gO":0,"aM":70,"aO":0,"rO":0,"gM":100,"bM":100},"displayIndex":20},{"duration":2,"z":0,"transform":{"skX":0,"x":137.93,"pX":0,"pY":0,"y":-122.8,"scX":2,"skY":0,"scY":2},"colorTransform":{"bO":0,"rM":100,"gO":0,"aM":30,"aO":0,"rO":0,"gM":100,"bM":100},"displayIndex":21},{"duration":1,"displayIndex":-1}]}],"autoTween":1,"duration":20,"tweenEasing":null,"scale":1},{"fadeInTime":0,"name":"jineng1","loop":1,"timeline":[{"offset":0,"name":"图层 3","scale":1,"frame":[{"duration":10,"displayIndex":-1},{"duration":2,"z":0,"transform":{"skX":19.38,"x":89.15,"pX":0,"pY":0,"y":-219.55,"scX":1.97,"skY":14.89,"scY":1.36},"displayIndex":22,"event":"skill1"},{"duration":2,"z":0,"transform":{"skX":-75.11,"x":89.15,"pX":0,"pY":0,"y":-219.55,"scX":1.36,"skY":-70.61,"scY":1.97},"displayIndex":22,"event":"skill1"},{"duration":2,"z":0,"transform":{"skX":-160.62,"x":89.15,"pX":0,"pY":0,"y":-219.55,"scX":1.97,"skY":-165.11,"scY":1.36},"displayIndex":22,"event":"skill1"},{"duration":2,"z":0,"transform":{"skX":104.88,"x":89.15,"pX":0,"pY":0,"y":-219.55,"scX":1.36,"skY":109.38,"scY":1.97},"displayIndex":22,"event":"skill1"},{"duration":2,"z":0,"transform":{"skX":19.38,"x":89.15,"pX":0,"pY":0,"y":-219.55,"scX":1.97,"skY":14.89,"scY":1.36},"displayIndex":22,"event":"skill1"},{"duration":2,"z":0,"transform":{"skX":-75.11,"x":89.15,"pX":0,"pY":0,"y":-219.55,"scX":1.36,"skY":-70.61,"scY":1.97},"displayIndex":22,"event":"skill1"},{"duration":2,"z":0,"transform":{"skX":-160.62,"x":89.15,"pX":0,"pY":0,"y":-219.55,"scX":1.82,"skY":-165.11,"scY":1.26},"displayIndex":22,"event":"skill1"},{"duration":2,"z":0,"transform":{"skX":104.88,"x":69.35,"pX":0,"pY":0,"y":-219.55,"scX":0.97,"skY":109.37,"scY":1.41},"displayIndex":22,"event":"skill1_fly"},{"duration":4,"displayIndex":-1}]}],"autoTween":1,"duration":30,"tweenEasing":null,"scale":1}],"bone":[{"transform":{"skX":15,"x":-33.75,"y":-36.09,"scX":2,"skY":15,"scY":2},"name":"图层 3"}]}],"frameRate":24}