{"imagePath":"texture.png","name":"jineng1","SubTexture":[{"name":"zhujue-sc/gongjijineng001","x":568,"width":62,"y":453,"height":21},{"name":"zhujue-sc/gongjijineng002","x":0,"width":179,"y":1027,"height":56},{"name":"zhujue-sc/gongjijineng003","x":0,"width":180,"y":942,"height":83},{"name":"zhujue-sc/gongjijineng004","x":0,"width":202,"y":844,"height":96},{"name":"zhujue-sc/gongjijineng005","x":182,"width":221,"y":1021,"height":97},{"name":"zhujue-sc/gongjijineng006","x":645,"width":224,"y":972,"height":97},{"name":"zhujue-sc/gongjijineng007","x":568,"width":118,"y":309,"height":89},{"name":"sucai/2_11-t-1","x":871,"width":144,"y":972,"height":67},{"name":"sucai/2_11-t-2","x":568,"width":290,"y":526,"height":186},{"name":"sucai/2_11-t-3","x":712,"width":281,"y":0,"height":266},{"name":"sucai/2_11-t-4","x":0,"width":318,"y":307,"height":295},{"name":"sucai/2_11-t-5","x":0,"width":355,"y":0,"height":305},{"name":"sucai/2_11-t-6","x":357,"width":353,"y":0,"height":307},{"name":"sucai/2_11-t-7","x":320,"width":210,"y":548,"height":247},{"name":"sucai/new-yuanjian- 10","x":568,"width":98,"y":400,"height":51},{"name":"sucai/new-new- yuanjian- 1","x":417,"width":226,"y":954,"height":181},{"name":"sucai/new-yuanjian- 1","x":730,"width":214,"y":752,"height":218},{"name":"sucai/new-yuanjian- 2","x":320,"width":246,"y":309,"height":237},{"name":"sucai/new-yuanjian- 3","x":0,"width":208,"y":604,"height":238},{"name":"sucai/new-yuanjian- 4","x":532,"width":196,"y":714,"height":238},{"name":"sucai/new-yuanjian- 5","x":210,"width":205,"y":797,"height":222},{"name":"sucai/new-yuanjian- 6","x":860,"width":157,"y":526,"height":224},{"name":"zhujue-sc/yyyj3","x":712,"width":263,"y":268,"height":256}]}