{"imagePath":"texture.png","name":"guaiwu001","SubTexture":[{"width":42,"y":544,"name":"guaiwu-sc/weoba101","height":73,"x":363},{"width":47,"y":680,"name":"guaiwu-sc/weiba102","height":66,"x":778},{"width":41,"y":467,"name":"guaiwu-sc/weiba103","height":75,"x":363},{"width":42,"y":192,"name":"guaiwu-sc/weiba104","height":77,"x":882},{"width":38,"y":691,"name":"guaiwu-sc/weiba105","height":72,"x":358},{"width":35,"y":154,"name":"guaiwu-sc/weiba106","height":82,"x":196},{"width":34,"y":0,"name":"guaiwu-sc/weib a107","height":87,"x":988},{"width":39,"y":520,"name":"guaiwu-sc/weiba108","height":77,"x":796},{"width":56,"y":251,"name":"guaiwu-sc/zuoshou","height":117,"x":602},{"width":118,"y":528,"name":"guaiwu-sc/shenti331","height":111,"x":903},{"width":105,"y":705,"name":"guaiwu-sc/shenti333","height":100,"x":222},{"width":55,"y":0,"name":"guaiwu-sc/youshoubi11","height":157,"x":931},{"width":52,"y":599,"name":"guaiwu-sc/weiba555","height":79,"x":778},{"width":88,"y":882,"name":"guaiwu-sc/weiba44","height":54,"x":808},{"width":42,"y":717,"name":"guaiwu-sc/zuoyou1","height":56,"x":100},{"width":117,"y":869,"name":"guaiwu-sc/beijijiao1","height":61,"x":0},{"width":64,"y":656,"name":"guaiwu-sc/jifeiguaiwujiao","height":75,"x":832},{"width":64,"y":570,"name":"guaiwu-sc/daodijiao","height":84,"x":837},{"width":38,"y":736,"name":"guaiwu-sc/jiao1","height":12,"x":738},{"width":120,"y":567,"name":"guaiwu-sc/xingzou002","height":144,"x":656},{"width":66,"y":489,"name":"guaiwu-sc/xingou003","height":88,"x":159},{"width":53,"y":487,"name":"guaiwu-sc/xingzou005","height":81,"x":848},{"width":91,"y":843,"name":"guaiwu-sc/xingzou007","height":81,"x":715},{"width":57,"y":765,"name":"guaiwu-sc/xingzou00811","height":65,"x":329},{"width":89,"y":812,"name":"guaiwu-sc/xingzou11","height":92,"x":533},{"width":59,"y":380,"name":"guaiwu-sc/xingzou13","height":105,"x":851},{"width":42,"y":110,"name":"guaiwu-sc/xiungzou15","height":80,"x":882},{"width":73,"y":773,"name":"guaiwu-sc/qzweiba1","height":59,"x":144},{"width":194,"y":154,"name":"guaiwu-sc/gongji7","height":157,"x":0},{"width":189,"y":267,"name":"guaiwu-sc/gongji8","height":151,"x":660},{"width":189,"y":187,"name":"guaiwu-sc/gongji6","height":158,"x":233},{"width":157,"y":475,"name":"guaiwu-sc/gongji9","height":112,"x":0},{"width":203,"y":110,"name":"guaiwu-sc/gongji11","height":155,"x":677},{"width":237,"y":0,"name":"guaiwu-sc/gongji12","height":152,"x":0},{"width":180,"y":313,"name":"guaiwu-sc/gongji13","height":160,"x":0},{"width":175,"y":117,"name":"guaiwu-sc/gongji14","height":178,"x":425},{"width":180,"y":347,"name":"guaiwu-sc/jifeiguaiwu","height":118,"x":233},{"width":143,"y":589,"name":"guaiwu-sc/daodishenti1","height":126,"x":0},{"width":143,"y":599,"name":"guaiwu-sc/daodishenti2","height":115,"x":407},{"width":252,"y":0,"name":"guaiwu-sc/daodi44","height":108,"x":677},{"width":250,"y":0,"name":"guaiwu-sc/daodi55","height":115,"x":425},{"width":89,"y":825,"name":"guaiwu-sc/shenti1","height":89,"x":624},{"width":35,"y":238,"name":"guaiwu-sc/xingzou001","height":77,"x":196},{"width":85,"y":594,"name":"guaiwu-sc/xingzou003","height":118,"x":557},{"width":75,"y":658,"name":"guaiwu-sc/xingzou006","height":113,"x":145},{"width":81,"y":370,"name":"guaiwu-sc/xingzou008","height":110,"x":575},{"width":18,"y":89,"name":"guaiwu-sc/xingzou009","height":36,"x":988},{"width":60,"y":271,"name":"guaiwu-sc/xingzou12","height":107,"x":851},{"width":49,"y":317,"name":"guaiwu-sc/xingzou14","height":92,"x":182},{"width":79,"y":159,"name":"guaiwu-sc/xingzou16","height":126,"x":926},{"width":35,"y":713,"name":"guaiwu-sc/beimao","height":21,"x":738},{"width":44,"y":619,"name":"guaiwu-sc/qiangzhuangjiao1","height":70,"x":358},{"width":150,"y":716,"name":"guaiwu-sc/gongji10","height":80,"x":398},{"width":92,"y":713,"name":"guaiwu-sc/liguang001","height":110,"x":644},{"width":106,"y":287,"name":"guaiwu-sc/liguang002","height":120,"x":913},{"width":87,"y":750,"name":"guaiwu-sc/liguang003","height":91,"x":738},{"width":133,"y":834,"name":"guaiwu-sc/guangquan003","height":46,"x":887},{"width":136,"y":821,"name":"guaiwu-sc/guangquan004","height":46,"x":0},{"width":129,"y":608,"name":"guaiwu-sc/xingzou010","height":95,"x":227},{"width":58,"y":809,"name":"guaiwu-sc/shoubi333","height":48,"x":827},{"width":149,"y":297,"name":"guaiwu-sc/shent33","height":158,"x":424},{"width":184,"y":0,"name":"guaiwu-sc/gongji55","height":185,"x":239},{"width":191,"y":849,"name":"guaiwu-sc/guangquan001","height":66,"x":323},{"width":143,"y":798,"name":"guaiwu-sc/guangquan002","height":49,"x":388},{"width":133,"y":467,"name":"guaiwu-sc/baozha103","height":139,"x":228},{"width":136,"y":420,"name":"guaiwu-sc/baozha104","height":145,"x":658},{"width":103,"y":748,"name":"guaiwu-sc/toubugongji","height":84,"x":899},{"width":44,"y":411,"name":"guaiwu-sc/qiangzhuangjiao2","height":76,"x":182},{"width":105,"y":409,"name":"guaiwu-sc/baozha101","height":117,"x":912},{"width":140,"y":457,"name":"guaiwu-sc/baozha102","height":140,"x":415},{"width":9,"y":89,"name":"guaiwu-sc/jiao2","height":8,"x":1008},{"width":50,"y":420,"name":"guaiwu-sc/quantou11","height":98,"x":796},{"width":61,"y":117,"name":"guaiwu-sc/quantou22","height":132,"x":602},{"width":102,"y":807,"name":"guaiwu-sc/toubu","height":84,"x":219},{"width":70,"y":733,"name":"guaiwu-sc/bazhao001","height":74,"x":827},{"width":88,"y":714,"name":"guaiwu-sc/bazhao002","height":96,"x":552},{"width":98,"y":717,"name":"guaiwu-sc/bazhao003","height":102,"x":0},{"width":108,"y":641,"name":"guaiwu-sc/bazhao004","height":105,"x":903},{"width":97,"y":482,"name":"guaiwu-sc/bazhao005","height":110,"x":557},{"width":89,"y":869,"name":"guaiwu-sc/bazhao006","height":82,"x":119},{"width":66,"y":579,"name":"guaiwu-sc/bazhao007","height":77,"x":159}]}