{"SubTexture":[{"x":192,"height":103,"y":550,"name":"guaiwu-sc/weoba101","width":60},{"x":471,"height":94,"y":596,"name":"guaiwu-sc/weiba102","width":67},{"x":793,"height":107,"y":523,"name":"guaiwu-sc/weiba103","width":58},{"x":271,"height":109,"y":332,"name":"guaiwu-sc/weiba104","width":60},{"x":1513,"height":102,"y":601,"name":"guaiwu-sc/weiba105","width":54},{"x":1801,"height":116,"y":481,"name":"guaiwu-sc/weiba106","width":50},{"x":1812,"height":124,"y":255,"name":"guaiwu-sc/weib a107","width":48},{"x":1235,"height":110,"y":521,"name":"guaiwu-sc/weiba108","width":55},{"x":873,"height":167,"y":354,"name":"guaiwu-sc/zuoshou","width":80},{"x":1862,"height":158,"y":206,"name":"guaiwu-sc/shenti331","width":168},{"x":0,"height":142,"y":634,"name":"guaiwu-sc/shenti333","width":150},{"x":1237,"height":223,"y":156,"name":"guaiwu-sc/youshoubi11","width":78},{"x":863,"height":112,"y":522,"name":"guaiwu-sc/weiba555","width":74},{"x":252,"height":76,"y":868,"name":"guaiwu-sc/weiba44","width":125},{"x":1428,"height":79,"y":632,"name":"guaiwu-sc/zuoyou1","width":59},{"x":410,"height":87,"y":853,"name":"guaiwu-sc/beijijiao1","width":166},{"x":1731,"height":107,"y":867,"name":"guaiwu-sc/jifeiguaiwujiao","width":91},{"x":1141,"height":119,"y":626,"name":"guaiwu-sc/daodijiao","width":91},{"x":1233,"height":16,"y":632,"name":"guaiwu-sc/jiao1","width":54},{"x":1862,"height":205,"y":0,"name":"guaiwu-sc/xingzou002","width":171},{"x":1741,"height":125,"y":741,"name":"guaiwu-sc/xingou003","width":94},{"x":192,"height":115,"y":434,"name":"guaiwu-sc/xingzou005","width":75},{"x":577,"height":115,"y":863,"name":"guaiwu-sc/xingzou007","width":129},{"x":1149,"height":92,"y":533,"name":"guaiwu-sc/xingzou00811","width":81},{"x":0,"height":131,"y":777,"name":"guaiwu-sc/xingzou11","width":126},{"x":1513,"height":149,"y":451,"name":"guaiwu-sc/xingzou13","width":83},{"x":271,"height":113,"y":218,"name":"guaiwu-sc/xiungzou15","width":60},{"x":1366,"height":84,"y":874,"name":"guaiwu-sc/qzweiba1","width":103},{"x":960,"height":223,"y":156,"name":"guaiwu-sc/gongji7","width":276},{"x":0,"height":215,"y":218,"name":"guaiwu-sc/gongji8","width":270},{"x":602,"height":225,"y":165,"name":"guaiwu-sc/gongji6","width":270},{"x":332,"height":160,"y":434,"name":"guaiwu-sc/gongji9","width":223},{"x":1321,"height":221,"y":0,"name":"guaiwu-sc/gongji11","width":290},{"x":0,"height":217,"y":0,"name":"guaiwu-sc/gongji12","width":338},{"x":1316,"height":228,"y":222,"name":"guaiwu-sc/gongji13","width":256},{"x":1612,"height":253,"y":0,"name":"guaiwu-sc/gongji14","width":249},{"x":333,"height":168,"y":265,"name":"guaiwu-sc/jifeiguaiwu","width":257},{"x":1308,"height":180,"y":451,"name":"guaiwu-sc/daodishenti1","width":204},{"x":1597,"height":163,"y":481,"name":"guaiwu-sc/daodishenti2","width":203},{"x":960,"height":154,"y":0,"name":"guaiwu-sc/daodi44","width":359},{"x":602,"height":163,"y":0,"name":"guaiwu-sc/daodi55","width":356},{"x":1238,"height":127,"y":791,"name":"guaiwu-sc/shenti1","width":126},{"x":1090,"height":110,"y":588,"name":"guaiwu-sc/xingzou001","width":49},{"x":1842,"height":168,"y":674,"name":"guaiwu-sc/xingzou003","width":121},{"x":1428,"height":161,"y":712,"name":"guaiwu-sc/xingzou006","width":107},{"x":612,"height":156,"y":706,"name":"guaiwu-sc/xingzou008","width":115},{"x":1573,"height":51,"y":222,"name":"guaiwu-sc/xingzou009","width":25},{"x":1149,"height":152,"y":380,"name":"guaiwu-sc/xingzou12","width":85},{"x":793,"height":131,"y":391,"name":"guaiwu-sc/xingzou14","width":69},{"x":151,"height":179,"y":654,"name":"guaiwu-sc/xingzou16","width":112},{"x":1801,"height":29,"y":598,"name":"guaiwu-sc/beimao","width":49},{"x":253,"height":100,"y":551,"name":"guaiwu-sc/qiangzhuangjiao1","width":62},{"x":557,"height":113,"y":592,"name":"guaiwu-sc/gongji10","width":214},{"x":772,"height":156,"y":701,"name":"guaiwu-sc/liguang001","width":131},{"x":1861,"height":171,"y":365,"name":"guaiwu-sc/liguang002","width":151},{"x":127,"height":129,"y":834,"name":"guaiwu-sc/liguang003","width":124},{"x":1836,"height":65,"y":843,"name":"guaiwu-sc/guangquan003","width":189},{"x":1536,"height":65,"y":813,"name":"guaiwu-sc/guangquan004","width":193},{"x":1853,"height":135,"y":537,"name":"guaiwu-sc/xingzou010","width":184},{"x":772,"height":68,"y":631,"name":"guaiwu-sc/shoubi333","width":82},{"x":1599,"height":225,"y":255,"name":"guaiwu-sc/shent33","width":212},{"x":339,"height":263,"y":0,"name":"guaiwu-sc/gongji55","width":262},{"x":1568,"height":94,"y":645,"name":"guaiwu-sc/guangquan001","width":272},{"x":1536,"height":70,"y":741,"name":"guaiwu-sc/guangquan002","width":203},{"x":0,"height":198,"y":434,"name":"guaiwu-sc/baozha103","width":190},{"x":954,"height":206,"y":380,"name":"guaiwu-sc/baozha104","width":193},{"x":1090,"height":119,"y":746,"name":"guaiwu-sc/toubugongji","width":147},{"x":268,"height":108,"y":442,"name":"guaiwu-sc/qiangzhuangjiao2","width":62},{"x":938,"height":166,"y":588,"name":"guaiwu-sc/baozha101","width":150},{"x":592,"height":199,"y":391,"name":"guaiwu-sc/baozha102","width":199},{"x":2034,"height":11,"y":0,"name":"guaiwu-sc/jiao2","width":12},{"x":1235,"height":140,"y":380,"name":"guaiwu-sc/quantou11","width":71},{"x":873,"height":188,"y":165,"name":"guaiwu-sc/quantou22","width":86},{"x":264,"height":120,"y":747,"name":"guaiwu-sc/toubu","width":145},{"x":1031,"height":105,"y":866,"name":"guaiwu-sc/bazhao001","width":99},{"x":904,"height":137,"y":756,"name":"guaiwu-sc/bazhao002","width":125},{"x":471,"height":145,"y":706,"name":"guaiwu-sc/bazhao003","width":139},{"x":316,"height":149,"y":596,"name":"guaiwu-sc/bazhao004","width":153},{"x":1288,"height":157,"y":632,"name":"guaiwu-sc/bazhao005","width":138},{"x":728,"height":117,"y":858,"name":"guaiwu-sc/bazhao006","width":127},{"x":1132,"height":110,"y":866,"name":"guaiwu-sc/bazhao007","width":93}],"name":"guaiwu001","imagePath":"guaiwu001_texture.png"}