{"name":"guaiwu002","imagePath":"guaiwu002_texture.png","SubTexture":[{"name":"sc/AS45778_74319","x":1323,"y":199,"height":8,"width":10},{"name":"sc/AS26595_8723","x":1317,"y":209,"height":16,"width":18},{"name":"sc/AS33535_27334","x":0,"y":1069,"height":164,"width":249},{"name":"sc/AS83812_41111","x":364,"y":1348,"height":45,"width":60},{"name":"sc/AS28701_43839","x":1741,"y":1362,"height":53,"width":66},{"name":"sc/AS26808_72636","x":844,"y":609,"height":80,"width":77},{"name":"sc/AS49748_19258","x":1076,"y":937,"height":97,"width":106},{"name":"sc/AS75222_18715","x":844,"y":504,"height":104,"width":82},{"name":"sc/AS96185_74715","x":814,"y":939,"height":65,"width":111},{"name":"sc/AS80877_48433","x":1183,"y":994,"height":66,"width":112},{"name":"sc/AS78439_5323","x":299,"y":1128,"height":59,"width":125},{"name":"sc/AS49401_99040","x":1194,"y":1265,"height":45,"width":57},{"name":"sc/AS24053_98473","x":1194,"y":1312,"height":43,"width":56},{"name":"sc/AS49971_66744","x":1323,"y":189,"height":8,"width":12},{"name":"sc/AS65155_98634","x":1673,"y":567,"height":112,"width":70},{"name":"sc/AS39431_57707","x":1698,"y":176,"height":120,"width":56},{"name":"sc/AS82832_99542","x":2013,"y":0,"height":125,"width":31},{"name":"sc/AS27986_38115","x":2013,"y":206,"height":21,"width":16},{"name":"sc/AS78323_9070","x":1740,"y":867,"height":204,"width":137},{"name":"sc/AS30253_10493","x":1296,"y":189,"height":17,"width":25},{"name":"sc/AS48797_48433","x":1745,"y":634,"height":231,"width":169},{"name":"sc/AS97412_65468","x":872,"y":1192,"height":89,"width":178},{"name":"sc/AS75564_87441","x":237,"y":1268,"height":78,"width":173},{"name":"sc/AS40118_87559","x":697,"y":896,"height":98,"width":115},{"name":"sc/AS30602_42472","x":349,"y":644,"height":71,"width":81},{"name":"sc/AS39156_27178","x":338,"y":795,"height":70,"width":90},{"name":"sc/AS22633_87429","x":1600,"y":1281,"height":59,"width":70},{"name":"sc/AS61298_38372","x":1640,"y":752,"height":141,"width":98},{"name":"sc/AS19900_83532","x":1092,"y":471,"height":202,"width":122},{"name":"sc/AS87609_90871","x":350,"y":399,"height":126,"width":81},{"name":"sc/AS18500_32954","x":1961,"y":337,"height":148,"width":85},{"name":"sc/AS16960_24259","x":1961,"y":605,"height":100,"width":66},{"name":"sc/AS90153_25291","x":840,"y":691,"height":76,"width":75},{"name":"sc/AS48029_9230","x":1659,"y":681,"height":69,"width":82},{"name":"sc/AS90384_81376","x":2013,"y":126,"height":78,"width":28},{"name":"sc/009","x":426,"y":1388,"height":68,"width":201},{"name":"sc/AS54629_39438","x":1179,"y":1120,"height":69,"width":72},{"name":"sc/AS95411_64818","x":304,"y":937,"height":102,"width":109},{"name":"sc/AS57523_64545","x":1673,"y":450,"height":115,"width":79},{"name":"sc/AS46673_52548","x":1113,"y":1265,"height":52,"width":79},{"name":"sc/AS1353_88261","x":829,"y":859,"height":78,"width":96},{"name":"sc/006","x":251,"y":1188,"height":78,"width":173},{"name":"sc/AS3353_63522","x":803,"y":1119,"height":41,"width":101},{"name":"sc/AS53258_97328","x":251,"y":1134,"height":50,"width":46},{"name":"sc/ttyyt","x":697,"y":996,"height":65,"width":111},{"name":"sc/AS28166_58157","x":338,"y":867,"height":68,"width":90},{"name":"sc/AS30237_80704","x":697,"y":1170,"height":56,"width":81},{"name":"sc/AS1444_46369","x":652,"y":1340,"height":29,"width":95},{"name":"sc/007 1","x":1000,"y":1299,"height":50,"width":77},{"name":"sc/AS74036_15659","x":1150,"y":1357,"height":24,"width":95},{"name":"sc/AS26548_30936","x":1640,"y":895,"height":65,"width":82},{"name":"sc/AS15006_49478","x":0,"y":1235,"height":156,"width":236},{"name":"sc/AS95730_88855","x":930,"y":189,"height":281,"width":289},{"name":"sc/AS98619_71055","x":0,"y":902,"height":166,"width":302},{"name":"sc/AS61553_78241","x":1297,"y":899,"height":166,"width":302},{"name":"sc/AS98546_19580","x":430,"y":866,"height":187,"width":265},{"name":"sc/AS51242_49610","x":1313,"y":412,"height":183,"width":359},{"name":"sc/AS22804_36272","x":1340,"y":176,"height":234,"width":356},{"name":"sc/dfgg","x":1056,"y":1106,"height":49,"width":121},{"name":"sc/AS44110_23004","x":1758,"y":0,"height":335,"width":253},{"name":"sc/AS32709_32826","x":426,"y":1203,"height":183,"width":224},{"name":"sc/AS45024_13076","x":928,"y":471,"height":325,"width":162},{"name":"sc/AS29431_45340","x":432,"y":685,"height":179,"width":291},{"name":"sc/AS88782_80857","x":1305,"y":596,"height":151,"width":353},{"name":"sc/AS25937_11449","x":428,"y":1055,"height":146,"width":267},{"name":"sc/AS66571_29832","x":1810,"y":1313,"height":140,"width":209},{"name":"sc/AS84284_497","x":433,"y":488,"height":196,"width":317},{"name":"sc/gge4","x":1600,"y":1167,"height":57,"width":80},{"name":"sc/AS28827_15001","x":809,"y":1068,"height":50,"width":105},{"name":"sc/yyk","x":697,"y":1119,"height":50,"width":105},{"name":"sc/AS20296_41827","x":1600,"y":1080,"height":86,"width":123},{"name":"sc/yyyyk","x":304,"y":1041,"height":86,"width":123},{"name":"sc/AS2190_15069","x":1079,"y":1319,"height":21,"width":105},{"name":"sc/sdbb","x":652,"y":1318,"height":21,"width":105},{"name":"sc/AS33565_19771","x":1741,"y":1302,"height":58,"width":67},{"name":"sc/AS30922_17384","x":304,"y":1348,"height":64,"width":58},{"name":"sc/AS17648_38330","x":1079,"y":1341,"height":56,"width":70},{"name":"sc/AS10002_36695","x":1600,"y":1226,"height":53,"width":79},{"name":"sc/AS13229_98360","x":0,"y":1408,"height":127,"width":278},{"name":"sc/AS44730_43988","x":1293,"y":1066,"height":110,"width":305},{"name":"sc/AS9617_33689","x":1253,"y":1310,"height":99,"width":323},{"name":"sc/AS33163_93576","x":782,"y":1409,"height":111,"width":286},{"name":"sc/AS4185_81630","x":434,"y":338,"height":149,"width":416},{"name":"sc/AS12153_74639","x":0,"y":604,"height":152,"width":348},{"name":"sc/AS41274_96697","x":0,"y":757,"height":144,"width":337},{"name":"sc/AS2633_67706","x":1298,"y":748,"height":150,"width":341},{"name":"sc/pp9","x":1253,"y":1178,"height":130,"width":345},{"name":"sc/AS43233_64112","x":1215,"y":596,"height":138,"width":88},{"name":"sc/AS60307_80969","x":751,"y":647,"height":117,"width":87},{"name":"sc/AS54291_51878","x":725,"y":766,"height":129,"width":103},{"name":"sc/AS35165_74429","x":1056,"y":1157,"height":65,"width":75},{"name":"sc/AS12770_20029","x":927,"y":798,"height":196,"width":148},{"name":"sc/AS77355_68759","x":1916,"y":707,"height":117,"width":123},{"name":"sc/AS89480_95265","x":1842,"y":1202,"height":109,"width":202},{"name":"sc/AS33629_78838","x":434,"y":0,"height":191,"width":494},{"name":"sc/AS19122_8780","x":1340,"y":0,"height":174,"width":416},{"name":"sc/AS23636_13287","x":1644,"y":1363,"height":51,"width":66},{"name":"sc/AS90416_70132","x":793,"y":1235,"height":68,"width":64},{"name":"sc/AS31074_39530","x":1755,"y":337,"height":295,"width":204},{"name":"sc/232323","x":434,"y":193,"height":144,"width":440},{"name":"sc/AS13163_15348","x":1577,"y":1342,"height":58,"width":65},{"name":"sc/AS63783_57139","x":237,"y":1348,"height":58,"width":65},{"name":"sc/AS53264_14088","x":1698,"y":390,"height":58,"width":55},{"name":"sc/AS18892_35901","x":875,"y":259,"height":60,"width":52},{"name":"sc/AS45925_9393","x":803,"y":1162,"height":71,"width":67},{"name":"sc/AS26723_80723","x":1062,"y":1035,"height":70,"width":117},{"name":"sc/AS67242_47332","x":1916,"y":826,"height":102,"width":122},{"name":"sc/3254235","x":1180,"y":1062,"height":57,"width":112},{"name":"sc/AS44158_90603","x":349,"y":717,"height":77,"width":74},{"name":"sc/AS77433_70641","x":782,"y":1371,"height":28,"width":59},{"name":"sc/AS14124_80568","x":793,"y":1305,"height":64,"width":61},{"name":"sc/AS85187_74628","x":697,"y":1063,"height":54,"width":110},{"name":"sc/AS42275_31012","x":0,"y":0,"height":398,"width":433},{"name":"sc/AS92768_8231","x":875,"y":193,"height":64,"width":50},{"name":"sc/yysb","x":717,"y":1371,"height":47,"width":63},{"name":"sc/AS22267_47830","x":1296,"y":208,"height":17,"width":19},{"name":"sc/AS98657_44581","x":1192,"y":882,"height":110,"width":103},{"name":"sc/daodishou","x":1739,"y":1073,"height":95,"width":133},{"name":"sc/AS59911_87245","x":0,"y":399,"height":203,"width":348},{"name":"sc/AS38574_45172","x":1221,"y":408,"height":186,"width":90},{"name":"sc/AS1011_30130","x":652,"y":1371,"height":50,"width":63},{"name":"sc/AS3968_55450","x":1209,"y":817,"height":64,"width":85},{"name":"sc/AS28860_88371","x":915,"y":1099,"height":91,"width":139},{"name":"sc/AS94706_53119","x":829,"y":768,"height":90,"width":97},{"name":"sc/AS22985_80495","x":1092,"y":675,"height":145,"width":116},{"name":"sc/AS46138_94317","x":927,"y":995,"height":102,"width":133},{"name":"sc/AS22974_66833","x":1000,"y":1351,"height":56,"width":65},{"name":"sc/lly7","x":810,"y":1006,"height":60,"width":109},{"name":"sc/AS18037_83398","x":1601,"y":962,"height":116,"width":136},{"name":"sc/AS46297_86379","x":751,"y":488,"height":157,"width":91},{"name":"sc/AS71499_99636","x":1209,"y":736,"height":79,"width":87},{"name":"sc/AS31258_90785","x":1051,"y":1224,"height":74,"width":60},{"name":"sc/AS7046_97353","x":350,"y":527,"height":115,"width":68},{"name":"sc/AS23697_44394","x":1698,"y":298,"height":90,"width":55},{"name":"sc/AS58057_66006","x":1961,"y":487,"height":117,"width":76},{"name":"sc/AS14048_96535","x":851,"y":386,"height":117,"width":76},{"name":"sc/005","x":1076,"y":821,"height":114,"width":114},{"name":"sc/008","x":1671,"y":1302,"height":59,"width":68},{"name":"sc/004","x":930,"y":0,"height":187,"width":408},{"name":"sc/AS35198_36533","x":1133,"y":1191,"height":72,"width":64},{"name":"sc/003","x":652,"y":1227,"height":89,"width":139},{"name":"sc/222","x":251,"y":1069,"height":63,"width":46},{"name":"sc/001","x":1682,"y":1170,"height":130,"width":158},{"name":"sc/AS18456_34449","x":1879,"y":930,"height":138,"width":162},{"name":"sc/007","x":1221,"y":189,"height":217,"width":73},{"name":"sc/dfggg","x":859,"y":1282,"height":89,"width":139},{"name":"sc/位图 47","x":875,"y":321,"height":63,"width":46},{"name":"sc/ffff","x":1879,"y":1070,"height":130,"width":158}]}