{"armature":[{"animation":[{"loop":0,"scale":1,"tweenEasing":null,"name":"daiji","duration":30,"autoTween":1,"fadeInTime":0},{"loop":1,"scale":1,"tweenEasing":null,"name":"yidong","duration":30,"autoTween":1,"fadeInTime":0},{"loop":1,"scale":1,"tweenEasing":null,"name":"beiji","duration":18,"autoTween":1,"fadeInTime":0},{"loop":1,"scale":1,"tweenEasing":null,"name":"jifei","duration":12,"autoTween":1,"fadeInTime":0},{"loop":0,"scale":1,"tweenEasing":null,"name":"daodi","duration":27,"autoTween":1,"fadeInTime":0},{"loop":1,"scale":1,"tweenEasing":null,"name":"qishen","duration":11,"autoTween":1,"fadeInTime":0},{"loop":1,"timeline":[{"offset":0,"scale":1,"frame":[{"duration":10,"displayIndex":-1},{"duration":2,"z":7,"transform":{"pY":0,"scY":2.5,"skY":0,"pX":0,"y":-165.48,"skX":0,"x":205.8,"scX":2.5}},{"duration":11,"displayIndex":-1}],"name":9},{"offset":0,"scale":1,"frame":[{"duration":12,"displayIndex":-1},{"duration":2,"z":8,"transform":{"pY":0,"scY":2.5,"skY":0,"pX":0,"y":-165.72,"skX":0,"x":227.2,"scX":2.5}},{"duration":9,"displayIndex":-1}],"name":10},{"offset":0,"scale":1,"frame":[{"duration":14,"displayIndex":-1},{"duration":2,"z":9,"transform":{"pY":0,"scY":2.5,"skY":0,"pX":0,"y":-146.88,"skX":0,"x":224.4,"scX":2.5}},{"duration":7,"displayIndex":-1}],"name":11}],"scale":1,"tweenEasing":null,"name":"gongji","duration":23,"autoTween":1,"fadeInTime":0},{"loop":1,"timeline":[{"offset":0,"scale":1,"frame":[{"duration":16,"displayIndex":-1},{"duration":5,"z":0,"tweenEasing":0,"transform":{"pY":0,"scY":7.65,"skY":0,"pX":0,"y":1342.6,"skX":0,"x":5539.96,"scX":7.65}},{"duration":1,"z":0,"tweenEasing":0,"transform":{"pY":-0.28,"scY":0.14,"skY":0,"pX":0.04,"y":22.24,"skX":0,"x":20.56,"scX":0.14}},{"duration":19,"displayIndex":-1}],"name":2},{"offset":0,"scale":1,"frame":[{"duration":18,"displayIndex":-1},{"duration":1,"z":1,"colorTransform":{"rM":100,"gO":0,"gM":100,"bO":0,"aO":0,"bM":100,"aM":50,"rO":0},"transform":{"pY":0,"scY":4.11,"skY":0,"pX":0,"y":1277.6,"skX":0,"x":1029.12,"scX":4.11}},{"duration":7,"z":1,"transform":{"pY":0,"scY":4.11,"skY":0,"pX":0.04,"y":959.64,"skX":0,"x":1050.88,"scX":4.11}},{"duration":5,"z":1,"tweenEasing":0,"colorTransform":{"rM":100,"gO":0,"gM":100,"bO":0,"aO":0,"bM":100,"aM":80,"rO":0},"transform":{"pY":0,"scY":4.11,"skY":0,"pX":0.04,"y":959.64,"skX":0,"x":1050.88,"scX":4.11}},{"duration":1,"z":1,"colorTransform":{"rM":100,"gO":0,"gM":100,"bO":0,"aO":0,"bM":100,"aM":0,"rO":0},"transform":{"pY":0,"scY":4.11,"skY":0,"pX":0.04,"y":959.64,"skX":0,"x":1050.88,"scX":4.11}},{"duration":9,"displayIndex":-1}],"name":3},{"offset":0,"scale":1,"frame":[{"duration":16,"displayIndex":-1},{"duration":1,"z":2,"transform":{"pY":0,"scY":3.74,"skY":0,"pX":0,"y":868.68,"skX":0,"x":2036.24,"scX":3.74}},{"duration":3,"z":2,"tweenEasing":0,"transform":{"pY":-320.36,"scY":3.94,"skY":0,"pX":9.6,"y":2178.68,"skX":0,"x":2109.84,"scX":3.94}},{"duration":1,"z":2,"tweenEasing":0,"transform":{"pY":-320.32,"scY":1.97,"skY":0,"pX":9.6,"y":1108.12,"skX":0,"x":995.08,"scX":1.97}},{"duration":20,"displayIndex":-1}],"name":4},{"offset":0,"scale":1,"frame":[{"duration":16,"displayIndex":-1},{"duration":1,"z":3,"tweenEasing":0,"transform":{"pY":0,"scY":2.13,"skY":0,"pX":0,"y":772.92,"skX":0,"x":617.2,"scX":2.13}},{"duration":2,"z":3,"tweenEasing":0,"transform":{"pY":0.04,"scY":2.26,"skY":0,"pX":-0.04,"y":814.24,"skX":0,"x":653.08,"scX":2.26}},{"duration":2,"z":3,"transform":{"pY":0.04,"scY":2.36,"skY":0,"pX":0,"y":825.76,"skX":0,"x":663,"scX":2.36}},{"duration":1,"z":3,"displayIndex":1,"transform":{"pY":0,"scY":3.48,"skY":0,"pX":0,"y":709.8,"skX":0,"x":1175.52,"scX":3.48}},{"duration":1,"z":3,"displayIndex":2,"transform":{"pY":0,"scY":4.07,"skY":0,"pX":0,"y":872.8,"skX":0,"x":1310.96,"scX":4.07}},{"duration":18,"displayIndex":-1}],"name":5},{"offset":0,"scale":1,"frame":[{"duration":1,"displayIndex":-1},{"duration":2,"z":4,"transform":{"pY":0,"scY":1.54,"skY":0,"pX":0,"y":25.52,"skX":0,"x":-27.52,"scX":1.54}},{"duration":2,"z":4,"displayIndex":1,"transform":{"pY":0,"scY":3.86,"skY":0,"pX":0,"y":2.32,"skX":0,"x":17.24,"scX":3.86}},{"duration":2,"z":4,"displayIndex":2,"transform":{"pY":0,"scY":3.86,"skY":0,"pX":0,"y":2.64,"skX":0,"x":48.28,"scX":3.86}},{"duration":2,"z":4,"displayIndex":3,"transform":{"pY":0,"scY":3.86,"skY":0,"pX":0,"y":1.36,"skX":0,"x":37.36,"scX":3.86}},{"duration":2,"z":4,"displayIndex":4,"transform":{"pY":0,"scY":3.86,"skY":0,"pX":0,"y":46.64,"skX":0,"x":31.16,"scX":3.86}},{"duration":2,"z":4,"displayIndex":5,"transform":{"pY":0,"scY":3.86,"skY":0,"pX":0,"y":47.08,"skX":0,"x":31.76,"scX":3.86}},{"duration":2,"z":4,"displayIndex":6,"transform":{"pY":0,"scY":3.86,"skY":0,"pX":0,"y":47.52,"skX":0,"x":31.48,"scX":3.86}},{"duration":26,"displayIndex":-1}],"name":6},{"offset":0,"scale":1,"frame":[{"duration":2,"displayIndex":-1},{"duration":2,"z":5,"transform":{"pY":0,"scY":3.86,"skY":0,"pX":0,"y":-136.48,"skX":0,"x":-27.52,"scX":3.86}},{"duration":2,"z":5,"displayIndex":1,"transform":{"pY":0,"scY":3.86,"skY":0,"pX":0,"y":-49.32,"skX":0,"x":-38.56,"scX":3.86}},{"duration":2,"z":5,"displayIndex":2,"transform":{"pY":0,"scY":3.86,"skY":0,"pX":0,"y":-129.52,"skX":0,"x":-38.52,"scX":3.86}},{"duration":2,"z":5,"displayIndex":3,"transform":{"pY":0,"scY":3.86,"skY":0,"pX":0,"y":-113.24,"skX":0,"x":-32.36,"scX":3.86}},{"duration":2,"z":5,"displayIndex":4,"transform":{"pY":0,"scY":3.86,"skY":0,"pX":0,"y":-115.68,"skX":0,"x":-3.92,"scX":3.86}},{"duration":2,"z":5,"displayIndex":5,"transform":{"pY":0,"scY":3.86,"skY":0,"pX":0,"y":-81.08,"skX":0,"x":34.96,"scX":3.86}},{"duration":2,"z":5,"displayIndex":6,"transform":{"pY":0,"scY":3.86,"skY":0,"pX":0,"y":-65.04,"skX":0,"x":36.88,"scX":3.86}},{"duration":25,"displayIndex":-1}],"name":7},{"offset":0,"scale":1,"frame":[{"duration":1,"displayIndex":-1},{"duration":2,"z":6,"transform":{"pY":0,"scY":0.77,"skY":0,"pX":0,"y":-117.52,"skX":0,"x":346.2,"scX":0.77}},{"duration":2,"z":6,"displayIndex":1,"transform":{"pY":0,"scY":3.86,"skY":0,"pX":0,"y":-124,"skX":0,"x":283.76,"scX":3.86}},{"duration":2,"z":6,"displayIndex":2,"transform":{"pY":0,"scY":7.71,"skY":0,"pX":0,"y":-213.04,"skX":0,"x":111.64,"scX":7.71}},{"duration":2,"z":6,"displayIndex":3,"transform":{"pY":0,"scY":7.38,"skY":0,"pX":0,"y":-177.68,"skX":0,"x":39.56,"scX":7.38}},{"duration":2,"z":6,"displayIndex":4,"transform":{"pY":0,"scY":7.71,"skY":0,"pX":0,"y":-90.76,"skX":0,"x":12.52,"scX":7.71}},{"duration":2,"z":6,"displayIndex":5,"transform":{"pY":0,"scY":7.71,"skY":0,"pX":0,"y":3.32,"skX":0,"x":37.52,"scX":7.71}},{"duration":2,"z":6,"displayIndex":6,"transform":{"pY":0,"scY":3.86,"skY":0,"pX":0,"y":-26.56,"skX":0,"x":-37.84,"scX":3.86}},{"duration":2,"z":6,"displayIndex":7,"transform":{"pY":0,"scY":3.86,"skY":0,"pX":0,"y":-103.6,"skX":0,"x":-20.84,"scX":3.86}},{"duration":24,"displayIndex":-1}],"name":8}],"scale":1,"tweenEasing":null,"name":"jineng","duration":41,"autoTween":0,"fadeInTime":0},{"loop":1,"scale":1,"tweenEasing":null,"name":"die","duration":25,"autoTween":1,"fadeInTime":0}],"skin":[{"name":"default","slot":[{"parent":9,"z":7,"display":[{"type":"image","name":"AS69338_54319/AS68681_87488","transform":{"pY":72.8,"scY":1,"skY":0,"pX":106.4,"y":0,"skX":0,"x":0,"scX":1}}],"name":9},{"parent":10,"z":8,"display":[{"type":"image","name":"AS69338_54319/AS39416_1003","transform":{"pY":71.68,"scY":1,"skY":0,"pX":95.36,"y":0,"skX":0,"x":0,"scX":1}}],"name":10},{"parent":11,"z":9,"display":[{"type":"image","name":"AS69338_54319/AS34148_35757","transform":{"pY":65.6,"scY":1,"skY":0,"pX":98.88,"y":0,"skX":0,"x":0,"scX":1}}],"name":11},{"parent":2,"z":0,"display":[{"type":"image","name":"AS69338_54319/AS57139_647","transform":{"pY":0,"scY":1,"skY":0,"pX":0,"y":-191.96,"skX":0,"x":-802.4,"scX":1}}],"name":2},{"parent":3,"z":1,"display":[{"type":"image","name":"AS69338_54319/AS16379_67104","transform":{"pY":0,"scY":1,"skY":0,"pX":0,"y":-401.6,"skX":0,"x":-358.04,"scX":1}}],"name":3},{"parent":4,"z":2,"display":[{"type":"image","name":"AS69338_54319/AS59283_82571","transform":{"pY":0,"scY":1,"skY":0,"pX":0,"y":-365.6,"skX":0,"x":-680,"scX":1}}],"name":4},{"parent":5,"z":3,"blendMode":"add","display":[{"type":"image","name":"AS69338_54319/AS51261_28892","transform":{"pY":0,"scY":1,"skY":0,"pX":0,"y":-516.76,"skX":0,"x":-447.6,"scX":1}},{"type":"image","name":"AS69338_54319/AS20015_42050","transform":{"pY":0,"scY":1,"skY":0,"pX":0,"y":-319.16,"skX":0,"x":-451.6,"scX":1}},{"type":"image","name":"AS69338_54319/AS90815_37907","transform":{"pY":0,"scY":1,"skY":0,"pX":0,"y":-320,"skX":0,"x":-421.16,"scX":1}}],"name":5},{"parent":6,"z":4,"display":[{"type":"image","name":"AS69338_54319/AS26002_46820","transform":{"pY":8.4,"scY":1,"skY":0,"pX":14,"y":0,"skX":0,"x":0,"scX":1}},{"type":"image","name":"AS69338_54319/AS73178_86351","transform":{"pY":16,"scY":1,"skY":0,"pX":29.6,"y":0,"skX":0,"x":0,"scX":1}},{"type":"image","name":"AS69338_54319/AS24936_29925","transform":{"pY":16,"scY":1,"skY":0,"pX":37.12,"y":0,"skX":0,"x":0,"scX":1}},{"type":"image","name":"AS69338_54319/AS63038_41971","transform":{"pY":16,"scY":1,"skY":0,"pX":57.28,"y":0,"skX":0,"x":0,"scX":1}},{"type":"image","name":"AS69338_54319/AS93082_892","transform":{"pY":16.4,"scY":1,"skY":0,"pX":59.2,"y":0,"skX":0,"x":0,"scX":1}},{"type":"image","name":"AS69338_54319/AS45612_72659","transform":{"pY":16.32,"scY":1,"skY":0,"pX":59.84,"y":0,"skX":0,"x":0,"scX":1}},{"type":"image","name":"AS69338_54319/AS23751_5345","transform":{"pY":16,"scY":1,"skY":0,"pX":59.84,"y":0,"skX":0,"x":0,"scX":1}}],"name":6},{"parent":7,"z":5,"display":[{"type":"image","name":"AS69338_54319/AS77851_1182","transform":{"pY":74.4,"scY":1,"skY":0,"pX":76,"y":0,"skX":0,"x":0,"scX":1}},{"type":"image","name":"AS69338_54319/AS30719_42254","transform":{"pY":62.08,"scY":1,"skY":0,"pX":72.64,"y":0,"skX":0,"x":0,"scX":1}},{"type":"image","name":"AS69338_54319/AS27715_89805","transform":{"pY":67.6,"scY":1,"skY":0,"pX":65.6,"y":0,"skX":0,"x":0,"scX":1}},{"type":"image","name":"AS69338_54319/AS14804_62498","transform":{"pY":68.48,"scY":1,"skY":0,"pX":65.6,"y":0,"skX":0,"x":0,"scX":1}},{"type":"image","name":"AS69338_54319/AS864_23513","transform":{"pY":69.12,"scY":1,"skY":0,"pX":65.6,"y":0,"skX":0,"x":0,"scX":1}},{"type":"image","name":"AS69338_54319/AS13027_31641","transform":{"pY":67.6,"scY":1,"skY":0,"pX":62.8,"y":0,"skX":0,"x":0,"scX":1}},{"type":"image","name":"AS69338_54319/AS6277_70198","transform":{"pY":65.92,"scY":1,"skY":0,"pX":58.88,"y":0,"skX":0,"x":0,"scX":1}}],"name":7},{"parent":8,"z":6,"blendMode":"add","display":[{"type":"image","name":"AS69338_54319/AS22650_35299","transform":{"pY":30.4,"scY":1,"skY":0,"pX":48.8,"y":0,"skX":0,"x":0,"scX":1}},{"type":"image","name":"AS69338_54319/AS4203_46938","transform":{"pY":6.4,"scY":1,"skY":0,"pX":24.8,"y":0,"skX":0,"x":0,"scX":1}},{"type":"image","name":"AS69338_54319/AS64229_70852","transform":{"pY":46.88,"scY":1,"skY":0,"pX":45.6,"y":0,"skX":0,"x":0,"scX":1}},{"type":"image","name":"AS69338_54319/AS96463_39190","transform":{"pY":53.12,"scY":1,"skY":0,"pX":45.6,"y":0,"skX":0,"x":0,"scX":1}},{"type":"image","name":"AS69338_54319/AS71081_38981","transform":{"pY":47.68,"scY":1,"skY":0,"pX":46.72,"y":0,"skX":0,"x":0,"scX":1}},{"type":"image","name":"AS69338_54319/AS73192_2527","transform":{"pY":35.36,"scY":1,"skY":0,"pX":46.88,"y":0,"skX":0,"x":0,"scX":1}},{"type":"image","name":"AS69338_54319/AS78165_27926","transform":{"pY":52.16,"scY":1,"skY":0,"pX":76.48,"y":0,"skX":0,"x":0,"scX":1}},{"type":"image","name":"AS69338_54319/AS65703_3016","transform":{"pY":24,"scY":1,"skY":0,"pX":40.96,"y":0,"skX":0,"x":0,"scX":1}}],"name":8}]}],"bone":[{"name":9,"transform":{"scY":2.5,"skY":0,"y":-165.48,"skX":0,"x":205.8,"scX":2.5}},{"name":10,"transform":{"scY":2.5,"skY":0,"y":-165.72,"skX":0,"x":227.2,"scX":2.5}},{"name":11,"transform":{"scY":2.5,"skY":0,"y":-146.88,"skX":0,"x":224.4,"scX":2.5}},{"name":2,"transform":{"scY":7.65,"skY":0,"y":1342.6,"skX":0,"x":5539.96,"scX":7.65}},{"name":3,"transform":{"scY":4.11,"skY":0,"y":1277.6,"skX":0,"x":1029.12,"scX":4.11}},{"name":4,"transform":{"scY":3.74,"skY":0,"y":868.68,"skX":0,"x":2036.24,"scX":3.74}},{"name":5,"transform":{"scY":2.13,"skY":0,"y":772.92,"skX":0,"x":617.2,"scX":2.13}},{"name":6,"transform":{"scY":1.54,"skY":0,"y":25.52,"skX":0,"x":-27.52,"scX":1.54}},{"name":7,"transform":{"scY":3.86,"skY":0,"y":-136.48,"skX":0,"x":-27.52,"scX":3.86}},{"name":8,"transform":{"scY":0.77,"skY":0,"y":-117.52,"skX":0,"x":346.2,"scX":0.77}}],"name":"guaiwu002_effect"}],"frameRate":24,"name":"guaiwu002_effect","version":2.3}