{"version":2.3,"frameRate":24,"armature":[{"skin":[{"name":"default","slot":[{"parent":"图层 3","display":[{"name":"sucai/1_16-t-yuanjian- 30","transform":{"pY":96,"skY":0,"x":0,"skX":0,"pX":40,"scX":1,"scY":1,"y":0},"type":"image"},{"name":"sucai/2_17-texiao-2","transform":{"pY":25,"skY":0,"x":0,"skX":0,"pX":116.5,"scX":1,"scY":1,"y":0},"type":"image"},{"name":"sucai/2_17-texiao-3","transform":{"pY":35.05,"skY":0,"x":0,"skX":0,"pX":119.95,"scX":1,"scY":1,"y":0},"type":"image"},{"name":"sucai/2_17-texiao-4","transform":{"pY":53.5,"skY":0,"x":0,"skX":0,"pX":153,"scX":1,"scY":1,"y":0},"type":"image"},{"name":"sucai/2_17-texiao-5","transform":{"pY":57.25,"skY":0,"x":0,"skX":0,"pX":149.5,"scX":1,"scY":1,"y":0},"type":"image"},{"name":"sucai/2_17-texiao-11","transform":{"pY":51.5,"skY":0,"x":0,"skX":0,"pX":131.25,"scX":1,"scY":1,"y":0},"type":"image"},{"name":"sucai/2_17-texiao-12","transform":{"pY":51.5,"skY":0,"x":0,"skX":0,"pX":96.75,"scX":1,"scY":1,"y":0},"type":"image"},{"name":"sucai/2_17-texiao-13","transform":{"pY":29.5,"skY":0,"x":0,"skX":0,"pX":63.75,"scX":1,"scY":1,"y":0},"type":"image"},{"name":"sucai/new-yuanjian- 10","transform":{"pY":22.25,"skY":0,"x":0,"skX":0,"pX":72.25,"scX":1,"scY":1,"y":0},"type":"image"},{"name":"sucai/new-new- yuanjian- 1","transform":{"pY":100.5,"skY":0,"x":0,"skX":0,"pX":125.25,"scX":1,"scY":1,"y":0},"type":"image"},{"name":"sucai/new-yuanjian- 1","transform":{"pY":120.75,"skY":0,"x":0,"skX":0,"pX":118.5,"scX":1,"scY":1,"y":0.05},"type":"image"},{"name":"sucai/new-yuanjian- 2","transform":{"pY":131.5,"skY":0,"x":0,"skX":0,"pX":157,"scX":1,"scY":1,"y":0},"type":"image"},{"name":"sucai/new-yuanjian- 3","transform":{"pY":131.7,"skY":0,"x":0,"skX":0,"pX":103.8,"scX":1,"scY":1,"y":0},"type":"image"},{"name":"sucai/new-yuanjian- 4","transform":{"pY":131.75,"skY":0,"x":0,"skX":0,"pX":87.7,"scX":1,"scY":1,"y":0},"type":"image"},{"name":"sucai/new-yuanjian- 5","transform":{"pY":123,"skY":0,"x":0,"skX":0,"pX":113.25,"scX":1,"scY":1,"y":0},"type":"image"},{"name":"sucai/new-yuanjian- 6","transform":{"pY":123.75,"skY":0,"x":0,"skX":0,"pX":86.75,"scX":1,"scY":1,"y":0},"type":"image"}],"name":"图层 3","z":0},{"parent":"图层 2","display":[{"name":"sucai/1_16-t-yuanjian- 20","transform":{"pY":82,"skY":0,"x":0,"skX":0,"pX":107,"scX":1,"scY":1,"y":0},"type":"image"},{"name":"sucai/1_16-t-yuanjian- 21","transform":{"pY":78.75,"skY":0,"x":0,"skX":0,"pX":116.75,"scX":1,"scY":1,"y":0},"type":"image"},{"name":"sucai/1_16-t-yuanjian- 31","transform":{"pY":83.5,"skY":0,"x":0,"skX":0,"pX":113.75,"scX":1,"scY":1,"y":0},"type":"image"},{"name":"sucai/1_16-t-yuanjian- 32","transform":{"pY":73.35,"skY":0,"x":0,"skX":0,"pX":145.5,"scX":1,"scY":1,"y":0},"type":"image"},{"name":"sucai/1_16-t-yuanjian- 33","transform":{"pY":82,"skY":0,"x":0,"skX":0,"pX":114.75,"scX":1,"scY":1,"y":0},"type":"image"},{"name":"sucai/1_16-t-yuanjian- 34","transform":{"pY":77.9,"skY":0,"x":0,"skX":0,"pX":145.15,"scX":1,"scY":1,"y":0},"type":"image"},{"name":"sucai/1_16-t-yuanjian- 35","transform":{"pY":83.5,"skY":0,"x":0,"skX":0,"pX":113.75,"scX":1,"scY":1,"y":0},"type":"image"},{"name":"sucai/1_16-t-yuanjian- 36","transform":{"pY":82.5,"skY":0,"x":0,"skX":0,"pX":115.75,"scX":1,"scY":1,"y":0},"type":"image"},{"name":"sucai/1_16-t-yuanjian- 37","transform":{"pY":82,"skY":0,"x":0,"skX":0,"pX":107,"scX":1,"scY":1,"y":0},"type":"image"},{"name":"sucai/1_16-t-yuanjian- 38","transform":{"pY":80.75,"skY":0,"x":0,"skX":0,"pX":116.35,"scX":1,"scY":1,"y":0},"type":"image"},{"name":"sucai/1_16-t-yuanjian- 39","transform":{"pY":83.5,"skY":0,"x":0,"skX":0,"pX":132.2,"scX":1,"scY":1,"y":0},"type":"image"},{"name":"sucai/1_16-t-yuanjian- 40","transform":{"pY":82.5,"skY":0,"x":0,"skX":0,"pX":119,"scX":1,"scY":1,"y":0},"type":"image"},{"name":"sucai/1_16-t-yuanjian- 41","transform":{"pY":82,"skY":0,"x":0,"skX":0,"pX":121.15,"scX":1,"scY":1,"y":0},"type":"image"},{"name":"sucai/1_16-t-yuanjian- 42","transform":{"pY":78.75,"skY":0,"x":0,"skX":0,"pX":108.5,"scX":1,"scY":1,"y":0},"type":"image"},{"name":"sucai/1_16-t-yuanjian- 43","transform":{"pY":83.5,"skY":0,"x":0,"skX":0,"pX":113.75,"scX":1,"scY":1,"y":0},"type":"image"},{"name":"sucai/1_16-t-yuanjian- 44","transform":{"pY":84,"skY":0,"x":0,"skX":0,"pX":120.4,"scX":1,"scY":1,"y":0},"type":"image"},{"name":"sucai/1_16-t-yuanjian- 45","transform":{"pY":82,"skY":0,"x":0,"skX":0,"pX":107,"scX":1,"scY":1,"y":0},"type":"image"},{"name":"sucai/1_16-t-yuanjian- 46","transform":{"pY":79.25,"skY":0,"x":0,"skX":0,"pX":114.85,"scX":1,"scY":1,"y":0},"type":"image"},{"name":"sucai/1_16-t-yuanjian- 47","transform":{"pY":73.05,"skY":0,"x":0,"skX":0,"pX":133.15,"scX":1,"scY":1,"y":0},"type":"image"},{"name":"sucai/1_16-t-yuanjian- 48","transform":{"pY":98,"skY":0,"x":0,"skX":0,"pX":130.5,"scX":1,"scY":1,"y":0},"type":"image"},{"name":"sucai/1_16-t-yuanjian- 49","transform":{"pY":110,"skY":0,"x":0,"skX":0,"pX":135.55,"scX":1,"scY":1,"y":0},"type":"image"},{"name":"sucai/1_16-t-yuanjian- 50","transform":{"pY":78.75,"skY":0,"x":0,"skX":0,"pX":108.5,"scX":1,"scY":1,"y":0},"type":"image"},{"name":"sucai/1_16-t-yuanjian- 51","transform":{"pY":83.5,"skY":0,"x":0,"skX":0,"pX":113.75,"scX":1,"scY":1,"y":0},"type":"image"},{"name":"sucai/1_16-t-yuanjian- 52","transform":{"pY":82.5,"skY":0,"x":0,"skX":0,"pX":113.25,"scX":1,"scY":1,"y":0},"type":"image"},{"name":"sucai/1_16-t-yuanjian- 53","transform":{"pY":82.5,"skY":0,"x":0,"skX":0,"pX":96,"scX":1,"scY":1,"y":0},"type":"image"},{"name":"sucai/1_16-t-yuanjian- 54","transform":{"pY":82,"skY":0,"x":0,"skX":0,"pX":107,"scX":1,"scY":1,"y":0},"type":"image"},{"name":"sucai/2_17-texiao-20","transform":{"pY":-37.2,"skY":0,"x":0,"skX":0,"pX":112.25,"scX":1,"scY":1,"y":0},"type":"image"},{"name":"sucai/2_17-texiao-22","transform":{"pY":65.75,"skY":0,"x":0,"skX":0,"pX":83.5,"scX":1,"scY":1,"y":0},"type":"image"},{"name":"sucai/2_17-texiao-23","transform":{"pY":106.8,"skY":0,"x":0,"skX":0,"pX":90.95,"scX":1,"scY":1,"y":0},"type":"image"},{"name":"sucai/2_17-texiao-25","transform":{"pY":119,"skY":0,"x":0,"skX":0,"pX":98.2,"scX":1,"scY":1,"y":0},"type":"image"},{"name":"sucai/2_17-texiao-26","transform":{"pY":119.5,"skY":0,"x":0,"skX":0,"pX":93.4,"scX":1,"scY":1,"y":0},"type":"image"},{"name":"sucai/2_17-texiao-27","transform":{"pY":103.5,"skY":0,"x":0,"skX":0,"pX":44.05,"scX":1,"scY":1,"y":0},"type":"image"},{"name":"sucai/new-yuanjian- 10","transform":{"pY":22.25,"skY":0,"x":0,"skX":0,"pX":72.25,"scX":1,"scY":1,"y":0},"type":"image"},{"name":"sucai/new-new- yuanjian- 1","transform":{"pY":100.5,"skY":0,"x":0,"skX":0,"pX":125.25,"scX":1,"scY":1,"y":0},"type":"image"},{"name":"sucai/new-yuanjian- 1","transform":{"pY":120.75,"skY":0,"x":0.05,"skX":0,"pX":118.5,"scX":1,"scY":1,"y":0.05},"type":"image"},{"name":"sucai/new-yuanjian- 2","transform":{"pY":131.5,"skY":0,"x":0,"skX":0,"pX":157,"scX":1,"scY":1,"y":0},"type":"image"},{"name":"sucai/new-yuanjian- 3","transform":{"pY":131.7,"skY":0,"x":0,"skX":0,"pX":103.8,"scX":1,"scY":1,"y":0},"type":"image"},{"name":"sucai/new-yuanjian- 4","transform":{"pY":131.75,"skY":0,"x":0,"skX":0,"pX":87.7,"scX":1,"scY":1,"y":0},"type":"image"},{"name":"sucai/new-yuanjian- 5","transform":{"pY":123,"skY":0,"x":0,"skX":0,"pX":113.25,"scX":1,"scY":1,"y":0},"type":"image"},{"name":"sucai/new-yuanjian- 6","transform":{"pY":123.75,"skY":0,"x":0,"skX":0,"pX":86.75,"scX":1,"scY":1,"y":0},"type":"image"}],"name":"图层 2","z":1}]}],"animation":[{"name":"jineng2","duration":66,"fadeInTime":0,"timeline":[{"scale":1,"frame":[{"displayIndex":-1,"duration":52},{"duration":5,"transform":{"pY":0,"skY":0,"x":6.05,"skX":0,"pX":0,"scX":2,"scY":2,"y":-238.05},"z":0,"tweenEasing":0},{"colorTransform":{"rO":0,"aM":0,"bM":100,"aO":0,"bO":0,"gM":100,"gO":0,"rM":100},"duration":1,"transform":{"pY":0,"skY":0,"x":6.05,"skX":0,"pX":0,"scX":2,"scY":2,"y":-298.05},"z":0},{"displayIndex":-1,"duration":8}],"name":"图层 3","offset":0},{"scale":1,"frame":[{"displayIndex":-1,"duration":10},{"z":1,"duration":2,"transform":{"pY":0,"skY":0,"x":1.5,"skX":0,"pX":0,"scX":2,"scY":2,"y":-78.65}},{"displayIndex":1,"duration":2,"transform":{"pY":0,"skY":0,"x":19,"skX":0,"pX":0,"scX":2,"scY":2,"y":-77.15},"z":1},{"displayIndex":2,"duration":2,"transform":{"pY":0,"skY":0,"x":-18,"skX":0,"pX":0,"scX":2,"scY":2,"y":-79.65},"z":1},{"displayIndex":3,"duration":2,"transform":{"pY":0,"skY":0,"x":4,"skX":0,"pX":0,"scX":2,"scY":2,"y":-90.3},"z":1},{"displayIndex":4,"duration":2,"transform":{"pY":0,"skY":0,"x":-11.45,"skX":0,"pX":0,"scX":2,"scY":2,"y":-78.65},"z":1},{"displayIndex":5,"duration":2,"transform":{"pY":0,"skY":0,"x":-14.7,"skX":0,"pX":0,"scX":2,"scY":2,"y":-77.15},"z":1},{"displayIndex":6,"duration":2,"transform":{"pY":0,"skY":0,"x":-18,"skX":0,"pX":0,"scX":2,"scY":2,"y":-79.65},"z":1},{"displayIndex":7,"duration":2,"transform":{"pY":0,"skY":0,"x":-18,"skX":0,"pX":0,"scX":2,"scY":2,"y":-75.65},"z":1},{"displayIndex":8,"duration":2,"transform":{"pY":0,"skY":0,"x":1.5,"skX":0,"pX":0,"scX":2,"scY":2,"y":-78.65},"z":1},{"displayIndex":9,"duration":2,"transform":{"pY":0,"skY":0,"x":-2.3,"skX":0,"pX":0,"scX":2,"scY":2,"y":-80.9},"z":1},{"displayIndex":10,"duration":2,"transform":{"pY":0,"skY":0,"x":-2.55,"skX":0,"pX":0,"scX":2,"scY":2,"y":-79.65},"z":1},{"displayIndex":11,"duration":2,"transform":{"pY":0,"skY":0,"x":-11.5,"skX":0,"pX":0,"scX":2,"scY":2,"y":-75.65},"z":1},{"displayIndex":12,"duration":2,"transform":{"pY":0,"skY":0,"x":3.3,"skX":0,"pX":0,"scX":2,"scY":2,"y":-78.65},"z":1},{"displayIndex":13,"duration":2,"transform":{"pY":0,"skY":0,"x":2.5,"skX":0,"pX":0,"scX":2,"scY":2,"y":-77.15},"z":1},{"displayIndex":14,"duration":2,"transform":{"pY":0,"skY":0,"x":-18,"skX":0,"pX":0,"scX":2,"scY":2,"y":-79.65},"z":1},{"displayIndex":15,"duration":2,"transform":{"pY":0,"skY":0,"x":-10.15,"skX":0,"pX":0,"scX":2,"scY":2,"y":-78.95},"z":1},{"displayIndex":16,"duration":2,"transform":{"pY":0,"skY":0,"x":1.5,"skX":0,"pX":0,"scX":2,"scY":2,"y":-78.65},"z":1},{"displayIndex":17,"duration":2,"transform":{"pY":0,"skY":0,"x":6.7,"skX":0,"pX":0,"scX":2,"scY":2,"y":-78.1},"z":1},{"displayIndex":18,"duration":2,"transform":{"pY":0,"skY":0,"x":15.35,"skX":0,"pX":0,"scX":2,"scY":2,"y":-100.85},"z":1},{"displayIndex":19,"duration":2,"transform":{"pY":0,"skY":0,"x":11.5,"skX":0,"pX":0,"scX":2,"scY":2,"y":-107.05},"z":1},{"displayIndex":20,"duration":2,"transform":{"pY":0,"skY":0,"x":14.1,"skX":0,"pX":0,"scX":2,"scY":2,"y":-135.05},"z":1},{"displayIndex":21,"duration":2,"transform":{"pY":0,"skY":0,"x":2.5,"skX":0,"pX":0,"scX":2,"scY":2,"y":-77.15},"z":1},{"displayIndex":22,"duration":2,"transform":{"pY":0,"skY":0,"x":-18,"skX":0,"pX":0,"scX":2,"scY":2,"y":-79.65},"z":1},{"displayIndex":23,"duration":2,"transform":{"pY":0,"skY":0,"x":-23,"skX":0,"pX":0,"scX":2,"scY":2,"y":-75.65},"z":1},{"displayIndex":24,"duration":2,"transform":{"pY":0,"skY":0,"x":-23,"skX":0,"pX":0,"scX":2,"scY":2,"y":-75.65},"z":1},{"displayIndex":25,"duration":2,"transform":{"pY":0,"skY":0,"x":1.5,"skX":0,"pX":0,"scX":2,"scY":2,"y":-78.65},"z":1},{"displayIndex":-1,"duration":4}],"name":"图层 2","offset":0}],"loop":1,"scale":1,"autoTween":0,"tweenEasing":null},{"name":"jineng3","duration":42,"fadeInTime":0,"timeline":[{"scale":1,"frame":[{"displayIndex":-1,"duration":14},{"displayIndex":1,"duration":1,"transform":{"pY":0,"skY":4.11,"x":6.95,"skX":0,"pX":0,"scX":1.678238,"scY":1.799988,"y":-105.45},"z":0},{"displayIndex":1,"duration":1,"transform":{"pY":0,"skY":0,"x":-31,"skX":0,"pX":0,"scX":2,"scY":2,"y":-86.45},"z":0},{"displayIndex":2,"duration":2,"transform":{"pY":0,"skY":0,"x":-17.15,"skX":0,"pX":0,"scX":2,"scY":2,"y":-104.9},"z":0},{"displayIndex":3,"duration":2,"transform":{"pY":0,"skY":0,"x":-60.55,"skX":0,"pX":0,"scX":2,"scY":2,"y":-102.2},"z":0},{"displayIndex":4,"duration":2,"transform":{"pY":0,"skY":0,"x":-67.55,"skX":0,"pX":0,"scX":2,"scY":2,"y":-104.9},"z":0},{"displayIndex":3,"duration":2,"transform":{"pY":0,"skY":0,"x":-60.55,"skX":0,"pX":0,"scX":2,"scY":2,"y":-102.2},"z":0},{"displayIndex":4,"duration":1,"transform":{"pY":0,"skY":0,"x":-67.55,"skX":0,"pX":0,"scX":2,"scY":2,"y":-104.9},"z":0},{"displayIndex":3,"duration":1,"transform":{"pY":0,"skY":0,"x":-60.55,"skX":0,"pX":0,"scX":2,"scY":2,"y":-102.2},"z":0},{"displayIndex":4,"duration":1,"transform":{"pY":0,"skY":0,"x":-67.55,"skX":0,"pX":0,"scX":2,"scY":2,"y":-104.9},"z":0},{"displayIndex":5,"duration":1,"transform":{"pY":0,"skY":0,"x":-63.9,"skX":0,"pX":0,"scX":2,"scY":2,"y":-97.8},"z":0},{"displayIndex":6,"duration":1,"transform":{"pY":0,"skY":0,"x":20.55,"skX":0,"pX":0,"scX":2,"scY":2,"y":-97.8},"z":0},{"displayIndex":7,"duration":1,"transform":{"pY":0,"skY":0,"x":106.85,"skX":0,"pX":0,"scX":2,"scY":2,"y":-95.05},"z":0},{"displayIndex":-1,"duration":12}],"name":"图层 3","offset":0},{"scale":1,"frame":[{"displayIndex":-1,"duration":30},{"displayIndex":26,"duration":1,"transform":{"pY":0,"skY":0,"x":51.9,"skX":0,"pX":0,"scX":2,"scY":2,"y":-161.35},"z":1},{"displayIndex":27,"duration":1,"transform":{"pY":0,"skY":15,"x":-23.05,"skX":15,"pX":0,"scX":1.805389,"scY":1.880173,"y":-116.35},"z":1},{"displayIndex":27,"duration":1,"transform":{"pY":0,"skY":0,"x":2.95,"skX":0,"pX":0,"scX":2,"scY":2,"y":-121.45},"z":1},{"displayIndex":28,"duration":1,"transform":{"pY":0,"skY":0,"x":11.85,"skX":0,"pX":0,"scX":2,"scY":2,"y":-180.55},"z":1},{"displayIndex":28,"duration":1,"transform":{"pY":0,"skY":-3.47,"x":33.35,"skX":-3.47,"pX":0,"scX":2.222839,"scY":2.219055,"y":-207.55},"z":1},{"displayIndex":29,"duration":2,"transform":{"pY":0,"skY":0,"x":66.4,"skX":0,"pX":0,"scX":2,"scY":2,"y":-214.35},"z":1},{"displayIndex":30,"duration":2,"transform":{"pY":0,"skY":0,"x":90.75,"skX":0,"pX":0,"scX":2,"scY":2,"y":-212.85},"z":1},{"displayIndex":31,"duration":2,"transform":{"pY":0,"skY":0,"x":160.05,"skX":0,"pX":0,"scX":2,"scY":2,"y":-237.15},"z":1},{"displayIndex":-1,"duration":1}],"name":"图层 2","offset":0}],"loop":1,"scale":1,"autoTween":0,"tweenEasing":null},{"name":"jineng4","duration":30,"fadeInTime":0,"timeline":[{"scale":1,"frame":[{"displayIndex":-1,"duration":3},{"displayIndex":8,"duration":2,"transform":{"pY":0,"skY":0,"x":-18.25,"skX":0,"pX":0,"scX":2,"scY":2,"y":-3.45},"z":0},{"displayIndex":9,"duration":2,"transform":{"pY":0,"skY":0,"x":33.55,"skX":0,"pX":0,"scX":2,"scY":2,"y":-104},"z":0},{"displayIndex":10,"duration":2,"transform":{"pY":0,"skY":0,"x":32.6,"skX":0,"pX":0,"scX":2,"scY":2,"y":-157.8},"z":0},{"displayIndex":11,"duration":2,"transform":{"pY":0,"skY":0,"x":82.95,"skX":0,"pX":0,"scX":2,"scY":2,"y":-151.6},"z":0},{"displayIndex":12,"duration":2,"transform":{"pY":0,"skY":0,"x":42.65,"skX":0,"pX":0,"scX":2,"scY":2,"y":-161.85},"z":0},{"displayIndex":13,"duration":2,"transform":{"pY":0,"skY":0,"x":64.45,"skX":0,"pX":0,"scX":2,"scY":2,"y":-158.6},"z":0},{"colorTransform":{"rO":0,"aM":70,"bM":100,"aO":0,"bO":0,"gM":100,"gO":0,"rM":100},"displayIndex":14,"duration":2,"transform":{"pY":0,"skY":0,"x":100.3,"skX":0,"pX":0,"scX":2,"scY":2,"y":-134.4},"z":0},{"colorTransform":{"rO":0,"aM":30,"bM":100,"aO":0,"bO":0,"gM":100,"gO":0,"rM":100},"displayIndex":15,"duration":2,"transform":{"pY":0,"skY":0,"x":153.25,"skX":0,"pX":0,"scX":2,"scY":2,"y":-136.45},"z":0},{"displayIndex":-1,"duration":11}],"name":"图层 3","offset":0},{"scale":1,"frame":[{"displayIndex":-1,"duration":9},{"displayIndex":32,"duration":2,"transform":{"pY":0,"skY":-30,"x":43,"skX":-30,"pX":0,"scX":1.553909,"scY":1.553909,"y":-27.9},"z":1},{"displayIndex":33,"duration":2,"transform":{"pY":0,"skY":-30,"x":38.75,"skX":-30,"pX":0,"scX":1.553909,"scY":1.553909,"y":-115.75},"z":1},{"displayIndex":34,"duration":2,"transform":{"pY":0,"skY":-30,"x":17.15,"skX":-30,"pX":0,"scX":1.553909,"scY":1.553909,"y":-151.55},"z":1},{"displayIndex":35,"duration":2,"transform":{"pY":0,"skY":-30,"x":53.45,"skX":-30,"pX":0,"scX":1.553909,"scY":1.553909,"y":-166.9},"z":1},{"displayIndex":36,"duration":2,"transform":{"pY":0,"skY":-30,"x":22.35,"skX":-30,"pX":0,"scX":1.553909,"scY":1.553909,"y":-158.15},"z":1},{"displayIndex":37,"duration":2,"transform":{"pY":0,"skY":-30,"x":38.35,"skX":-30,"pX":0,"scX":1.553909,"scY":1.553909,"y":-164.5},"z":1},{"colorTransform":{"rO":0,"aM":70,"bM":100,"aO":0,"bO":0,"gM":100,"gO":0,"rM":100},"displayIndex":38,"duration":2,"transform":{"pY":0,"skY":-30,"x":71.8,"skX":-30,"pX":0,"scX":1.553909,"scY":1.553909,"y":-162.1},"z":1},{"colorTransform":{"rO":0,"aM":30,"bM":100,"aO":0,"bO":0,"gM":100,"gO":0,"rM":100},"displayIndex":39,"duration":2,"transform":{"pY":0,"skY":-30,"x":106.65,"skX":-30,"pX":0,"scX":1.553909,"scY":1.553909,"y":-184},"z":1},{"displayIndex":-1,"duration":5}],"name":"图层 2","offset":0}],"loop":1,"scale":1,"autoTween":0,"tweenEasing":null}],"bone":[{"name":"图层 3","transform":{"skY":0,"x":-18.25,"skX":0,"scX":2,"scY":2,"y":-3.45}},{"name":"图层 2","transform":{"skY":-30,"x":43,"skX":-30,"scX":1.553909,"scY":1.553909,"y":-27.9}}],"name":"jineng2"}],"name":"jineng2"}