{"name":"jineng2","SubTexture":[{"height":192,"name":"sucai/1_16-t-yuanjian- 30","x":1960,"y":203,"width":80},{"height":50,"name":"sucai/2_17-texiao-2","x":0,"y":923,"width":216},{"height":73,"name":"sucai/2_17-texiao-3","x":654,"y":880,"width":212},{"height":107,"name":"sucai/2_17-texiao-4","x":1626,"y":559,"width":296},{"height":115,"name":"sucai/2_17-texiao-5","x":1663,"y":443,"width":299},{"height":103,"name":"sucai/2_17-texiao-11","x":686,"y":775,"width":263},{"height":103,"name":"sucai/2_17-texiao-12","x":1658,"y":834,"width":194},{"height":59,"name":"sucai/2_17-texiao-13","x":686,"y":699,"width":128},{"height":56,"name":"sucai/new-yuanjian- 10","x":1923,"y":559,"width":108},{"height":201,"name":"sucai/new-new- yuanjian- 1","x":1761,"y":0,"width":251},{"height":242,"name":"sucai/new-yuanjian- 1","x":724,"y":0,"width":237},{"height":263,"name":"sucai/new-yuanjian- 2","x":0,"y":0,"width":273},{"height":264,"name":"sucai/new-yuanjian- 3","x":274,"y":0,"width":231},{"height":264,"name":"sucai/new-yuanjian- 4","x":506,"y":0,"width":217},{"height":246,"name":"sucai/new-yuanjian- 5","x":1232,"y":0,"width":227},{"height":248,"name":"sucai/new-yuanjian- 6","x":724,"y":243,"width":174},{"height":149,"name":"sucai/1_16-t-yuanjian- 20","x":438,"y":803,"width":214},{"height":158,"name":"sucai/1_16-t-yuanjian- 21","x":1069,"y":769,"width":215},{"height":167,"name":"sucai/1_16-t-yuanjian- 31","x":899,"y":453,"width":228},{"height":164,"name":"sucai/1_16-t-yuanjian- 32","x":1460,"y":0,"width":300},{"height":153,"name":"sucai/1_16-t-yuanjian- 33","x":1128,"y":615,"width":241},{"height":155,"name":"sucai/1_16-t-yuanjian- 34","x":1460,"y":165,"width":292},{"height":167,"name":"sucai/1_16-t-yuanjian- 35","x":1168,"y":446,"width":228},{"height":165,"name":"sucai/1_16-t-yuanjian- 36","x":240,"y":435,"width":232},{"height":164,"name":"sucai/1_16-t-yuanjian- 37","x":1370,"y":656,"width":214},{"height":162,"name":"sucai/1_16-t-yuanjian- 38","x":0,"y":601,"width":232},{"height":167,"name":"sucai/1_16-t-yuanjian- 39","x":0,"y":265,"width":259},{"height":165,"name":"sucai/1_16-t-yuanjian- 40","x":0,"y":434,"width":238},{"height":152,"name":"sucai/1_16-t-yuanjian- 41","x":827,"y":622,"width":241},{"height":158,"name":"sucai/1_16-t-yuanjian- 42","x":219,"y":769,"width":217},{"height":167,"name":"sucai/1_16-t-yuanjian- 43","x":1397,"y":487,"width":228},{"height":168,"name":"sucai/1_16-t-yuanjian- 44","x":260,"y":265,"width":242},{"height":164,"name":"sucai/1_16-t-yuanjian- 45","x":1586,"y":668,"width":214},{"height":159,"name":"sucai/1_16-t-yuanjian- 46","x":461,"y":643,"width":224},{"height":165,"name":"sucai/1_16-t-yuanjian- 47","x":1410,"y":321,"width":252},{"height":196,"name":"sucai/1_16-t-yuanjian- 48","x":1168,"y":248,"width":241},{"height":211,"name":"sucai/1_16-t-yuanjian- 49","x":963,"y":0,"width":268},{"height":158,"name":"sucai/1_16-t-yuanjian- 50","x":0,"y":764,"width":217},{"height":167,"name":"sucai/1_16-t-yuanjian- 51","x":473,"y":474,"width":228},{"height":165,"name":"sucai/1_16-t-yuanjian- 52","x":233,"y":602,"width":227},{"height":151,"name":"sucai/1_16-t-yuanjian- 53","x":1285,"y":822,"width":210},{"height":164,"name":"sucai/1_16-t-yuanjian- 54","x":1802,"y":668,"width":214},{"height":44,"name":"sucai/2_17-texiao-20","x":1663,"y":321,"width":83},{"height":137,"name":"sucai/2_17-texiao-22","x":1496,"y":834,"width":161},{"height":208,"name":"sucai/2_17-texiao-23","x":503,"y":265,"width":179},{"height":238,"name":"sucai/2_17-texiao-25","x":1753,"y":203,"width":206},{"height":239,"name":"sucai/2_17-texiao-26","x":963,"y":212,"width":204},{"height":206,"name":"sucai/2_17-texiao-27","x":702,"y":492,"width":124}],"imagePath":"jineng2_texture.png"}