{"name":"guaiwu002","imagePath":"texture.png","SubTexture":[{"name":"sc/AS45778_74319","x":2035,"width":8,"y":9,"height":7},{"name":"sc/AS26595_8723","x":730,"width":15,"y":174,"height":13},{"name":"sc/AS33535_27334","x":1806,"width":200,"y":598,"height":132},{"name":"sc/AS83812_41111","x":632,"width":48,"y":457,"height":36},{"name":"sc/AS28701_43839","x":164,"width":53,"y":921,"height":43},{"name":"sc/AS26808_72636","x":1215,"width":62,"y":781,"height":64},{"name":"sc/AS49748_19258","x":568,"width":85,"y":777,"height":78},{"name":"sc/AS75222_18715","x":1615,"width":66,"y":592,"height":84},{"name":"sc/AS96185_74715","x":1573,"width":89,"y":856,"height":52},{"name":"sc/AS80877_48433","x":468,"width":90,"y":828,"height":53},{"name":"sc/AS78439_5323","x":0,"width":100,"y":867,"height":48},{"name":"sc/AS49401_99040","x":1854,"width":46,"y":374,"height":36},{"name":"sc/AS24053_98473","x":1854,"width":45,"y":412,"height":35},{"name":"sc/AS49971_66744","x":2035,"width":10,"y":0,"height":7},{"name":"sc/AS65155_98634","x":1309,"width":56,"y":482,"height":90},{"name":"sc/AS39431_57707","x":1028,"width":45,"y":152,"height":96},{"name":"sc/AS82832_99542","x":703,"width":25,"y":155,"height":100},{"name":"sc/AS27986_38115","x":730,"width":13,"y":155,"height":17},{"name":"sc/AS78323_9070","x":1683,"width":110,"y":667,"height":164},{"name":"sc/AS30253_10493","x":1666,"width":20,"y":255,"height":14},{"name":"sc/AS48797_48433","x":1903,"width":136,"y":262,"height":185},{"name":"sc/AS97412_65468","x":0,"width":143,"y":793,"height":72},{"name":"sc/AS75564_87441","x":1358,"width":139,"y":815,"height":63},{"name":"sc/AS40118_87559","x":245,"width":92,"y":718,"height":79},{"name":"sc/AS30602_42472","x":1279,"width":65,"y":867,"height":57},{"name":"sc/AS39156_27178","x":1499,"width":72,"y":833,"height":56},{"name":"sc/AS22633_87429","x":1522,"width":56,"y":783,"height":48},{"name":"sc/AS61298_38372","x":1285,"width":79,"y":574,"height":113},{"name":"sc/AS19900_83532","x":1310,"width":98,"y":142,"height":162},{"name":"sc/AS87609_90871","x":278,"width":65,"y":497,"height":101},{"name":"sc/AS18500_32954","x":1615,"width":68,"y":471,"height":119},{"name":"sc/AS16960_24259","x":290,"width":53,"y":415,"height":80},{"name":"sc/AS90153_25291","x":241,"width":60,"y":873,"height":61},{"name":"sc/AS48029_9230","x":651,"width":66,"y":857,"height":56},{"name":"sc/AS90384_81376","x":1666,"width":23,"y":190,"height":63},{"name":"sc/009","x":1052,"width":161,"y":781,"height":55},{"name":"sc/AS54629_39438","x":1522,"width":58,"y":725,"height":56},{"name":"sc/AS95411_64818","x":1582,"width":88,"y":772,"height":82},{"name":"sc/AS57523_64545","x":1005,"width":64,"y":560,"height":92},{"name":"sc/AS46673_52548","x":582,"width":64,"y":911,"height":42},{"name":"sc/AS1353_88261","x":1279,"width":77,"y":802,"height":63},{"name":"sc/006","x":1052,"width":139,"y":838,"height":63},{"name":"sc/AS3353_63522","x":1052,"width":81,"y":903,"height":33},{"name":"sc/AS53258_97328","x":1028,"width":37,"y":373,"height":40},{"name":"sc/ttyyt","x":560,"width":89,"y":857,"height":52},{"name":"sc/AS28166_58157","x":858,"width":72,"y":835,"height":55},{"name":"sc/AS30237_80704","x":1664,"width":65,"y":907,"height":45},{"name":"sc/AS1444_46369","x":648,"width":76,"y":915,"height":24},{"name":"sc/007 1","x":918,"width":62,"y":912,"height":40},{"name":"sc/AS74036_15659","x":86,"width":76,"y":921,"height":20},{"name":"sc/AS26548_30936","x":1900,"width":66,"y":902,"height":52},{"name":"sc/AS15006_49478","x":0,"width":189,"y":666,"height":125},{"name":"sc/AS95730_88855","x":1076,"width":232,"y":142,"height":225},{"name":"sc/AS98619_71055","x":1371,"width":242,"y":471,"height":133},{"name":"sc/AS61553_78241","x":345,"width":242,"y":518,"height":133},{"name":"sc/AS98546_19580","x":1071,"width":212,"y":515,"height":150},{"name":"sc/AS51242_49610","x":0,"width":288,"y":321,"height":147},{"name":"sc/AS22804_36272","x":1411,"width":285,"y":0,"height":188},{"name":"sc/dfgg","x":102,"width":97,"y":879,"height":40},{"name":"sc/AS44110_23004","x":1698,"width":203,"y":0,"height":268},{"name":"sc/AS32709_32826","x":1854,"width":180,"y":449,"height":147},{"name":"sc/AS45024_13076","x":1903,"width":130,"y":0,"height":260},{"name":"sc/AS29431_45340","x":1074,"width":233,"y":369,"height":144},{"name":"sc/AS88782_80857","x":347,"width":283,"y":395,"height":121},{"name":"sc/AS25937_11449","x":1366,"width":214,"y":606,"height":117},{"name":"sc/AS66571_29832","x":1064,"width":168,"y":667,"height":112},{"name":"sc/AS84284_497","x":1410,"width":254,"y":190,"height":157},{"name":"sc/gge4","x":1565,"width":64,"y":910,"height":46},{"name":"sc/AS28827_15001","x":1193,"width":84,"y":847,"height":40},{"name":"sc/yyk","x":1193,"width":84,"y":889,"height":40},{"name":"sc/AS20296_41827","x":727,"width":99,"y":851,"height":69},{"name":"sc/yyyyk","x":325,"width":99,"y":850,"height":69},{"name":"sc/AS2190_15069","x":1785,"width":84,"y":919,"height":17},{"name":"sc/sdbb","x":0,"width":84,"y":917,"height":17},{"name":"sc/AS33565_19771","x":982,"width":54,"y":912,"height":47},{"name":"sc/AS30922_17384","x":1854,"width":47,"y":270,"height":52},{"name":"sc/AS17648_38330","x":1135,"width":56,"y":903,"height":45},{"name":"sc/AS10002_36695","x":516,"width":64,"y":911,"height":43},{"name":"sc/AS13229_98360","x":738,"width":223,"y":641,"height":102},{"name":"sc/AS44730_43988","x":0,"width":244,"y":576,"height":88},{"name":"sc/AS9617_33689","x":744,"width":259,"y":559,"height":80},{"name":"sc/AS33163_93576","x":341,"width":229,"y":653,"height":89},{"name":"sc/AS4185_81630","x":349,"width":333,"y":273,"height":120},{"name":"sc/AS12153_74639","x":747,"width":279,"y":317,"height":122},{"name":"sc/AS41274_96697","x":745,"width":270,"y":441,"height":116},{"name":"sc/AS2633_67706","x":1410,"width":273,"y":349,"height":120},{"name":"sc/pp9","x":0,"width":276,"y":470,"height":104},{"name":"sc/AS43233_64112","x":1285,"width":71,"y":689,"height":111},{"name":"sc/AS60307_80969","x":657,"width":70,"y":695,"height":94},{"name":"sc/AS54291_51878","x":572,"width":83,"y":671,"height":104},{"name":"sc/AS35165_74429","x":1968,"width":60,"y":902,"height":52},{"name":"sc/AS12770_20029","x":1685,"width":119,"y":508,"height":157},{"name":"sc/AS77355_68759","x":963,"width":99,"y":654,"height":94},{"name":"sc/AS89480_95265","x":1358,"width":162,"y":725,"height":88},{"name":"sc/AS33629_78838","x":349,"width":396,"y":0,"height":153},{"name":"sc/AS19122_8780","x":1076,"width":333,"y":0,"height":140},{"name":"sc/AS23636_13287","x":303,"width":53,"y":921,"height":41},{"name":"sc/AS90416_70132","x":191,"width":52,"y":666,"height":55},{"name":"sc/AS31074_39530","x":1688,"width":164,"y":270,"height":236},{"name":"sc/232323","x":349,"width":352,"y":155,"height":116},{"name":"sc/AS13163_15348","x":191,"width":52,"y":723,"height":47},{"name":"sc/AS63783_57139","x":191,"width":52,"y":772,"height":47},{"name":"sc/AS53264_14088","x":1028,"width":44,"y":324,"height":47},{"name":"sc/AS18892_35901","x":1854,"width":42,"y":324,"height":48},{"name":"sc/AS45925_9393","x":1017,"width":54,"y":441,"height":57},{"name":"sc/AS26723_80723","x":145,"width":94,"y":821,"height":56},{"name":"sc/AS67242_47332","x":468,"width":98,"y":744,"height":82},{"name":"sc/3254235","x":1346,"width":90,"y":880,"height":46},{"name":"sc/AS44158_90603","x":682,"width":60,"y":503,"height":62},{"name":"sc/AS77433_70641","x":632,"width":48,"y":495,"height":23},{"name":"sc/AS14124_80568","x":1234,"width":49,"y":667,"height":52},{"name":"sc/AS85187_74628","x":828,"width":88,"y":892,"height":44},{"name":"sc/AS42275_31012","x":0,"width":347,"y":0,"height":319},{"name":"sc/AS92768_8231","x":703,"width":40,"y":257,"height":52},{"name":"sc/yysb","x":726,"width":51,"y":922,"height":38},{"name":"sc/AS22267_47830","x":1666,"width":16,"y":271,"height":14},{"name":"sc/AS98657_44581","x":858,"width":83,"y":745,"height":88},{"name":"sc/daodishou","x":943,"width":107,"y":834,"height":76},{"name":"sc/AS59911_87245","x":747,"width":279,"y":152,"height":163},{"name":"sc/AS38574_45172","x":589,"width":72,"y":520,"height":149},{"name":"sc/AS1011_30130","x":358,"width":51,"y":921,"height":40},{"name":"sc/AS3968_55450","x":1495,"width":68,"y":891,"height":52},{"name":"sc/AS28860_88371","x":1927,"width":112,"y":827,"height":73},{"name":"sc/AS94706_53119","x":245,"width":78,"y":799,"height":72},{"name":"sc/AS22985_80495","x":246,"width":93,"y":600,"height":116},{"name":"sc/AS46138_94317","x":943,"width":107,"y":750,"height":82},{"name":"sc/AS22974_66833","x":1731,"width":52,"y":907,"height":45},{"name":"sc/lly7","x":426,"width":88,"y":883,"height":48},{"name":"sc/AS18037_83398","x":1927,"width":109,"y":732,"height":93},{"name":"sc/AS46297_86379","x":663,"width":73,"y":567,"height":126},{"name":"sc/AS71499_99636","x":655,"width":70,"y":791,"height":64},{"name":"sc/AS31258_90785","x":632,"width":48,"y":395,"height":60},{"name":"sc/AS7046_97353","x":290,"width":55,"y":321,"height":92},{"name":"sc/AS23697_44394","x":1028,"width":44,"y":250,"height":72},{"name":"sc/AS58057_66006","x":682,"width":61,"y":407,"height":94},{"name":"sc/AS14048_96535","x":684,"width":61,"y":311,"height":94},{"name":"sc/005","x":1582,"width":92,"y":678,"height":92},{"name":"sc/008","x":1438,"width":55,"y":880,"height":48},{"name":"sc/004","x":747,"width":327,"y":0,"height":150},{"name":"sc/AS35198_36533","x":1017,"width":52,"y":500,"height":58},{"name":"sc/003","x":1672,"width":112,"y":833,"height":72},{"name":"sc/222","x":1371,"width":37,"y":359,"height":51},{"name":"sc/001","x":729,"width":127,"y":745,"height":104},{"name":"sc/AS18456_34449","x":1795,"width":130,"y":732,"height":111},{"name":"sc/007","x":1310,"width":59,"y":306,"height":174},{"name":"sc/dfggg","x":1786,"width":112,"y":845,"height":72},{"name":"sc/位图 47","x":1371,"width":37,"y":306,"height":51},{"name":"sc/ffff","x":339,"width":127,"y":744,"height":104}]}