{"frameRate":24,"name":"guaiwu003","armature":[{"animation":[{"duration":63,"name":"jineng2","autoTween":0,"loop":1,"timeline":[{"frame":[{"duration":2,"z":0,"transform":{"scX":0.41,"scY":0.48,"y":-154.92,"pX":0,"skY":-5.26,"x":87.76,"pY":0,"skX":-41.62}},{"duration":2,"z":0,"transform":{"scX":0.47,"scY":0.64,"y":-182.56,"pX":-0.12,"skY":2.48,"x":99.48,"pY":0.12,"skX":-33.88}},{"duration":2,"z":0,"transform":{"scX":0.47,"scY":0.64,"y":-176.44,"pX":0.04,"skY":17.48,"x":104.28,"pY":0,"skX":-18.88}},{"duration":2,"z":0,"transform":{"scX":0.47,"scY":0.64,"y":-168.04,"pX":0.04,"skY":17.48,"x":108.8,"pY":0.04,"skX":-18.88}},{"duration":2,"z":0,"transform":{"scX":0.52,"scY":0.72,"y":-213.2,"pX":0.28,"skY":-12.52,"x":86.68,"pY":-0.08,"skX":-48.89}},{"duration":28,"displayIndex":-1},{"duration":2,"z":0,"displayIndex":1,"transform":{"scX":1,"scY":1,"y":-164.12,"pX":0,"skY":-103.73,"x":-14.08,"pY":0,"skX":-103.73}},{"duration":2,"z":0,"displayIndex":1,"transform":{"scX":1,"scY":1,"y":-164.12,"pX":0.08,"skY":-108.73,"x":-18.08,"pY":0,"skX":-108.73}},{"duration":12,"z":0,"displayIndex":1,"transform":{"scX":1,"scY":1,"y":-164.12,"pX":0.08,"skY":-104.51,"x":-18.08,"pY":0.04,"skX":-104.51}},{"duration":9,"displayIndex":-1}],"scale":1,"name":18,"offset":0},{"frame":[{"duration":2,"z":1,"transform":{"scX":-0.89,"scY":0.89,"y":-125.44,"pX":0,"skY":88.06,"x":78.52,"pY":0,"skX":88.06}},{"duration":2,"z":1,"transform":{"scX":-0.89,"scY":0.83,"y":-144.68,"pX":0.04,"skY":82.6,"x":97.64,"pY":0.04,"skX":82.6}},{"duration":2,"z":1,"transform":{"scX":-0.89,"scY":0.83,"y":-134.24,"pX":0.04,"skY":89.55,"x":97.64,"pY":0.08,"skX":89.55}},{"duration":2,"z":1,"transform":{"scX":-0.89,"scY":0.83,"y":-126.64,"pX":0.08,"skY":89.55,"x":97.64,"pY":0.08,"skX":89.55}},{"duration":2,"z":1,"transform":{"scX":-0.89,"scY":0.83,"y":-171.04,"pX":0,"skY":59.55,"x":103.6,"pY":0.08,"skX":59.55}},{"duration":2,"displayIndex":-1},{"duration":2,"z":1,"transform":{"scX":0.92,"scY":0.92,"y":-237.24,"pX":-0.08,"skY":13.92,"x":-37.92,"pY":-0.08,"skX":13.92}},{"duration":14,"displayIndex":-1},{"duration":2,"z":1,"displayIndex":1,"transform":{"scX":0.64,"scY":1.08,"y":-258.84,"pX":0,"skY":-53.2,"x":-20.88,"pY":0,"skX":-73.7}},{"duration":2,"z":1,"displayIndex":1,"transform":{"scX":0.64,"scY":1.04,"y":-246.36,"pX":0.08,"skY":-87.19,"x":-96.68,"pY":0.08,"skX":-102.2}},{"duration":3,"z":1,"displayIndex":1,"transform":{"scX":0.64,"scY":1.04,"y":-236.76,"pX":0.12,"skY":-93.4,"x":-114.92,"pY":0.08,"skX":-108.42}},{"duration":1,"z":1,"displayIndex":1,"transform":{"scX":0.74,"scY":1.11,"y":-261.96,"pX":0.24,"skY":-63.4,"x":-11.32,"pY":0.12,"skX":-88.6}},{"duration":2,"z":1,"displayIndex":1,"transform":{"scX":0.74,"scY":1.11,"y":-244.32,"pX":0.28,"skY":-63.4,"x":21.12,"pY":0.08,"skX":-88.6}},{"duration":2,"z":1,"displayIndex":1,"transform":{"scX":0.74,"scY":1.05,"y":-228.68,"pX":0.2,"skY":-22.69,"x":94.16,"pY":0.2,"skX":-37.88}},{"duration":2,"z":1,"displayIndex":1,"transform":{"scX":0.74,"scY":1.05,"y":-228.68,"pX":0.2,"skY":-28.4,"x":90.16,"pY":0.16,"skX":-43.59}},{"duration":2,"z":1,"displayIndex":1,"transform":{"scX":0.74,"scY":1.05,"y":-225.88,"pX":0.16,"skY":-23.67,"x":94.16,"pY":0.2,"skX":-38.86}},{"duration":10,"z":1,"displayIndex":1,"transform":{"scX":0.74,"scY":1.05,"y":-226.68,"pX":0.16,"skY":-23.67,"x":93.36,"pY":0.16,"skX":-38.86}},{"duration":3,"z":1,"displayIndex":1,"transform":{"scX":0.7,"scY":1.05,"y":-251,"pX":0.16,"skY":-44.77,"x":33.84,"pY":0.12,"skX":-68.86}},{"duration":3,"z":1,"displayIndex":1,"transform":{"scX":0.7,"scY":1.05,"y":-251,"pX":0.2,"skY":-55.23,"x":16.64,"pY":0.12,"skX":-79.32}},{"duration":3,"z":1,"displayIndex":1,"transform":{"scX":0.84,"scY":1.05,"y":-213.8,"pX":0.24,"skY":-34.76,"x":52.36,"pY":0.12,"skX":-58.84}}],"scale":1,"name":19,"offset":0},{"frame":[{"duration":2,"displayIndex":-1},{"duration":2,"z":2,"transform":{"scX":-1,"scY":1,"y":-152.8,"pX":0,"skY":23.77,"x":80.92,"pY":0,"skX":23.77}},{"duration":2,"z":2,"transform":{"scX":-1,"scY":1,"y":-144.84,"pX":0.04,"skY":28.23,"x":78.44,"pY":-0.04,"skX":28.23}},{"duration":2,"z":2,"transform":{"scX":-1,"scY":1,"y":-140.44,"pX":0.08,"skY":31.71,"x":78.8,"pY":0,"skX":31.71}},{"duration":2,"z":2,"transform":{"scX":-1,"scY":1,"y":-175.8,"pX":0.04,"skY":4.25,"x":86.44,"pY":0,"skX":4.25}},{"duration":18,"displayIndex":-1},{"duration":2,"z":2,"displayIndex":1,"transform":{"scX":1,"scY":1,"y":-193.6,"pX":0,"skY":-67.06,"x":-44.72,"pY":0,"skX":-67.06}},{"duration":2,"z":2,"displayIndex":1,"transform":{"scX":1,"scY":1,"y":-168,"pX":0,"skY":-87.04,"x":-87.56,"pY":-0.04,"skX":-87.04}},{"duration":3,"z":2,"displayIndex":1,"transform":{"scX":1,"scY":1,"y":-162.4,"pX":-0.04,"skY":-102.04,"x":-101.56,"pY":-0.08,"skX":-102.04}},{"duration":1,"z":2,"displayIndex":1,"transform":{"scX":1,"scY":1,"y":-190,"pX":-0.04,"skY":-72.04,"x":-24.72,"pY":-0.08,"skX":-72.04}},{"duration":2,"z":2,"displayIndex":1,"transform":{"scX":1,"scY":1,"y":-180.72,"pX":-0.04,"skY":-63.54,"x":1.56,"pY":-0.12,"skX":-63.54}},{"duration":2,"z":2,"displayIndex":1,"transform":{"scX":1,"scY":1,"y":-180.84,"pX":0,"skY":-28.99,"x":47.16,"pY":-0.12,"skX":-28.99}},{"duration":2,"z":2,"displayIndex":1,"transform":{"scX":1,"scY":1,"y":-181.64,"pX":-0.08,"skY":-35.19,"x":44.76,"pY":-0.12,"skX":-35.19}},{"duration":12,"z":2,"displayIndex":1,"transform":{"scX":1,"scY":1,"y":-180.84,"pX":-0.04,"skY":-30.95,"x":46.76,"pY":-0.12,"skX":-30.95}},{"duration":3,"z":2,"displayIndex":1,"transform":{"scX":1,"scY":1,"y":-184.32,"pX":-0.04,"skY":-56.43,"x":9.16,"pY":-0.16,"skX":-56.43}},{"duration":3,"z":2,"displayIndex":1,"transform":{"scX":1,"scY":1,"y":-180.72,"pX":-0.04,"skY":-56.43,"x":-6.04,"pY":-0.12,"skX":-56.43}},{"duration":3,"displayIndex":-1}],"scale":1,"name":21,"offset":0},{"frame":[{"duration":2,"z":3,"transform":{"scX":1,"scY":1,"y":-110.04,"pX":0,"skY":3.99,"x":56.84,"pY":0,"skX":3.99}},{"duration":2,"z":3,"displayIndex":1,"transform":{"scX":1,"scY":1,"y":-47.6,"pX":0,"skY":0,"x":-10.68,"pY":0,"skX":0}},{"duration":2,"z":3,"displayIndex":1,"transform":{"scX":1,"scY":1,"y":-46.4,"pX":0,"skY":0,"x":-10.28,"pY":0,"skX":0}},{"duration":2,"z":3,"displayIndex":1,"transform":{"scX":1,"scY":1,"y":-46.4,"pX":0,"skY":0,"x":-8.48,"pY":0,"skX":0}},{"duration":2,"z":3,"displayIndex":1,"transform":{"scX":1,"scY":1,"y":-44.4,"pX":0,"skY":-15,"x":20.4,"pY":0.04,"skX":-15}},{"duration":18,"displayIndex":-1},{"duration":2,"z":3,"displayIndex":1,"transform":{"scX":1,"scY":1,"y":-59.24,"pX":0,"skY":-30,"x":-31.6,"pY":0.16,"skX":-30}},{"duration":2,"z":3,"displayIndex":1,"transform":{"scX":1,"scY":1,"y":-59.64,"pX":0,"skY":-30,"x":-28.8,"pY":0.16,"skX":-30}},{"duration":3,"z":3,"displayIndex":2,"transform":{"scX":1,"scY":1,"y":-214.88,"pX":0,"skY":-35.94,"x":-96.24,"pY":0,"skX":-35.94}},{"duration":1,"z":3,"displayIndex":1,"transform":{"scX":1,"scY":1,"y":-49.2,"pX":0.08,"skY":-7,"x":-12.44,"pY":0.12,"skX":-7}},{"duration":2,"z":3,"displayIndex":1,"transform":{"scX":1,"scY":1,"y":-43.6,"pX":0.04,"skY":-2.53,"x":-7.24,"pY":0.12,"skX":-2.53}},{"duration":2,"z":3,"displayIndex":1,"transform":{"scX":1,"scY":1,"y":-43.6,"pX":0.08,"skY":2.92,"x":-4.04,"pY":0.12,"skX":2.92}},{"duration":2,"z":3,"displayIndex":1,"transform":{"scX":1,"scY":1,"y":-44.4,"pX":0.08,"skY":2.92,"x":-4.24,"pY":0.16,"skX":2.92}},{"duration":12,"z":3,"displayIndex":1,"transform":{"scX":1,"scY":1,"y":-43.6,"pX":0.08,"skY":2.92,"x":-4.04,"pY":0.12,"skX":2.92}},{"duration":3,"displayIndex":-1},{"duration":3,"z":3,"displayIndex":1,"transform":{"scX":1,"scY":1,"y":-57.4,"pX":0,"skY":-30,"x":-21.44,"pY":0.16,"skX":-30}},{"duration":3,"z":3,"displayIndex":1,"transform":{"scX":1,"scY":1,"y":-59.8,"pX":0,"skY":-30,"x":-31.04,"pY":0.16,"skX":-30}}],"scale":1,"name":22,"offset":0},{"frame":[{"duration":2,"z":4,"transform":{"scX":1,"scY":1,"y":-53.6,"pX":0,"skY":0,"x":-25.88,"pY":0,"skX":0}},{"duration":2,"z":4,"displayIndex":1,"transform":{"scX":1,"scY":1,"y":-25.72,"pX":0,"skY":0,"x":-38.84,"pY":0,"skX":0}},{"duration":2,"z":4,"displayIndex":1,"transform":{"scX":1,"scY":0.94,"y":-24.92,"pX":0,"skY":0,"x":-38.84,"pY":0,"skX":0}},{"duration":2,"z":4,"displayIndex":1,"transform":{"scX":1,"scY":0.94,"y":-24.92,"pX":0,"skY":0,"x":-38.84,"pY":0,"skX":3.53}},{"duration":2,"z":4,"displayIndex":1,"transform":{"scX":1,"scY":0.94,"y":-22.88,"pX":0,"skY":0,"x":-6.88,"pY":0,"skX":3.53}},{"duration":18,"displayIndex":-1},{"duration":2,"z":4,"displayIndex":2,"transform":{"scX":0.82,"scY":0.9,"y":-26.48,"pX":0,"skY":0,"x":-46.6,"pY":0,"skX":0}},{"duration":2,"z":4,"displayIndex":2,"transform":{"scX":0.82,"scY":0.9,"y":-26.48,"pX":0,"skY":0,"x":-42.2,"pY":0,"skX":0}},{"duration":3,"z":4,"transform":{"scX":1,"scY":1,"y":-58.04,"pX":0,"skY":-30,"x":-28.8,"pY":0.16,"skX":-30}},{"duration":1,"z":4,"displayIndex":3,"transform":{"scX":1,"scY":1,"y":-28.84,"pX":0,"skY":0,"x":-41.84,"pY":0,"skX":0}},{"duration":2,"z":4,"displayIndex":3,"transform":{"scX":1,"scY":1.01,"y":-27.64,"pX":0,"skY":0,"x":-41.84,"pY":0,"skX":5.71}},{"duration":2,"z":4,"displayIndex":3,"transform":{"scX":1,"scY":1.01,"y":-27.64,"pX":0,"skY":0,"x":-39.64,"pY":0,"skX":5.71}},{"duration":2,"z":4,"displayIndex":3,"transform":{"scX":1,"scY":1.01,"y":-27.64,"pX":0,"skY":0,"x":-40.04,"pY":0,"skX":5.71}},{"duration":12,"z":4,"displayIndex":3,"transform":{"scX":1,"scY":1.01,"y":-27.64,"pX":0,"skY":0,"x":-39.64,"pY":0,"skX":5.71}},{"duration":3,"displayIndex":-1},{"duration":3,"z":4,"displayIndex":2,"transform":{"scX":0.82,"scY":0.9,"y":-26.48,"pX":0,"skY":0,"x":-42.2,"pY":0,"skX":0}},{"duration":3,"z":4,"displayIndex":2,"transform":{"scX":0.82,"scY":0.9,"y":-26.48,"pX":0.04,"skY":0,"x":-45,"pY":0,"skX":0}}],"scale":1,"name":23,"offset":0},{"frame":[{"duration":2,"z":5,"transform":{"scX":0.9,"scY":0.9,"y":-27.32,"pX":0,"skY":0,"x":-44.28,"pY":0,"skX":0}},{"duration":2,"z":5,"displayIndex":1,"transform":{"scX":1.2,"scY":1,"y":-63.04,"pX":0,"skY":-34.47,"x":38.44,"pY":0,"skX":-34.47}},{"duration":2,"z":5,"displayIndex":1,"transform":{"scX":1.2,"scY":1,"y":-62.24,"pX":0,"skY":-34.47,"x":38.84,"pY":0.04,"skX":-34.47}},{"duration":2,"z":5,"displayIndex":1,"transform":{"scX":1.2,"scY":1,"y":-60.64,"pX":0,"skY":-34.47,"x":38.84,"pY":0.04,"skX":-34.47}},{"duration":2,"z":5,"displayIndex":1,"transform":{"scX":1.2,"scY":1,"y":-60.64,"pX":0,"skY":-34.47,"x":38.84,"pY":0.04,"skX":-34.47}},{"duration":18,"displayIndex":-1},{"duration":2,"z":5,"displayIndex":1,"transform":{"scX":0.94,"scY":0.94,"y":-51.4,"pX":0,"skY":-57.18,"x":32.8,"pY":-0.04,"skX":-57.18}},{"duration":2,"z":5,"displayIndex":1,"transform":{"scX":0.94,"scY":0.94,"y":-79.44,"pX":0,"skY":-72.18,"x":22.48,"pY":0,"skX":-72.18}},{"duration":3,"z":5,"transform":{"scX":0.82,"scY":0.85,"y":-25.68,"pX":-0.08,"skY":0,"x":-42.2,"pY":0,"skX":-2.34}},{"duration":1,"z":5,"displayIndex":1,"transform":{"scX":0.94,"scY":0.94,"y":-65.8,"pX":0,"skY":-74.44,"x":52.68,"pY":0.16,"skX":-74.44}},{"duration":2,"z":5,"displayIndex":1,"transform":{"scX":0.94,"scY":0.94,"y":-45.4,"pX":0,"skY":-59.44,"x":58,"pY":0.2,"skX":-59.44}},{"duration":2,"z":5,"displayIndex":1,"transform":{"scX":0.94,"scY":0.94,"y":-42.4,"pX":0,"skY":-59.44,"x":61.28,"pY":0.24,"skX":-59.44}},{"duration":2,"z":5,"displayIndex":1,"transform":{"scX":0.94,"scY":0.94,"y":-42.8,"pX":0,"skY":-59.44,"x":61.28,"pY":0.24,"skX":-59.44}},{"duration":12,"z":5,"displayIndex":1,"transform":{"scX":0.94,"scY":0.94,"y":-42.4,"pX":0,"skY":-59.44,"x":61.28,"pY":0.24,"skX":-59.44}},{"duration":3,"z":5,"displayIndex":1,"transform":{"scX":0.94,"scY":0.94,"y":-52.12,"pX":0,"skY":-59.44,"x":58.04,"pY":0.2,"skX":-59.44}},{"duration":3,"z":5,"displayIndex":1,"transform":{"scX":0.94,"scY":0.94,"y":-58.36,"pX":-0.04,"skY":-68.16,"x":48,"pY":0.24,"skX":-68.16}},{"duration":3,"z":5,"displayIndex":1,"transform":{"scX":0.94,"scY":0.94,"y":-50.72,"pX":0.04,"skY":-38.16,"x":45.64,"pY":0.24,"skX":-38.16}}],"scale":1,"name":24,"offset":0},{"frame":[{"duration":2,"z":6,"transform":{"scX":1.2,"scY":1,"y":-64.64,"pX":0,"skY":-34.47,"x":30.84,"pY":0,"skX":-34.47}},{"duration":2,"z":6,"displayIndex":1,"transform":{"scX":1,"scY":1,"y":-11,"pX":0,"skY":0,"x":47.32,"pY":0,"skX":0}},{"duration":2,"z":6,"displayIndex":1,"transform":{"scX":1,"scY":1.01,"y":-11,"pX":0,"skY":0,"x":47.72,"pY":0,"skX":0}},{"duration":2,"z":6,"displayIndex":1,"transform":{"scX":1,"scY":0.94,"y":-10.2,"pX":0,"skY":0,"x":48.12,"pY":0,"skX":0}},{"duration":2,"z":6,"displayIndex":1,"transform":{"scX":1,"scY":0.94,"y":-10.2,"pX":0,"skY":0,"x":48.12,"pY":0,"skX":0}},{"duration":18,"displayIndex":-1},{"duration":2,"z":6,"displayIndex":1,"transform":{"scX":1,"scY":0.94,"y":-11,"pX":-0.04,"skY":0,"x":47.32,"pY":0.04,"skX":0}},{"duration":2,"z":6,"displayIndex":1,"transform":{"scX":1,"scY":0.94,"y":-49,"pX":0,"skY":15,"x":38.32,"pY":0.04,"skX":15}},{"duration":3,"z":6,"transform":{"scX":0.94,"scY":0.94,"y":-92.24,"pX":0,"skY":-102.18,"x":17.12,"pY":0.04,"skX":-102.18}},{"duration":1,"z":6,"displayIndex":1,"transform":{"scX":1,"scY":0.94,"y":-32.56,"pX":-0.04,"skY":0,"x":64.6,"pY":-0.04,"skX":0}},{"duration":2,"z":6,"displayIndex":2,"transform":{"scX":1.27,"scY":1.27,"y":-13.64,"pX":0,"skY":-8.48,"x":61.84,"pY":0,"skX":-11.57}},{"duration":2,"z":6,"displayIndex":2,"transform":{"scX":1.27,"scY":1.27,"y":-11.76,"pX":0,"skY":-8.48,"x":63.84,"pY":0,"skX":-11.57}},{"duration":2,"z":6,"displayIndex":2,"transform":{"scX":1.27,"scY":1.27,"y":-11.76,"pX":0,"skY":-8.48,"x":63.84,"pY":0,"skX":-11.57}},{"duration":12,"z":6,"displayIndex":2,"transform":{"scX":1.27,"scY":1.27,"y":-11.76,"pX":0,"skY":-8.48,"x":63.84,"pY":0,"skX":-11.57}},{"duration":3,"z":6,"displayIndex":1,"transform":{"scX":1,"scY":0.94,"y":-19.6,"pX":0.04,"skY":37.71,"x":59,"pY":0.04,"skX":37.71}},{"duration":3,"z":6,"displayIndex":1,"transform":{"scX":1,"scY":0.94,"y":-26.32,"pX":0.08,"skY":28.99,"x":53.88,"pY":0,"skX":28.99}},{"duration":3,"z":6,"displayIndex":1,"transform":{"scX":1,"scY":0.94,"y":-10.32,"pX":0.04,"skY":13.99,"x":46.32,"pY":0.08,"skX":13.99}}],"scale":1,"name":26,"offset":0},{"frame":[{"duration":2,"z":7,"transform":{"scX":1,"scY":1,"y":-11,"pX":0,"skY":0,"x":46.52,"pY":0,"skX":0}},{"duration":2,"z":7,"displayIndex":1,"transform":{"scX":0.59,"scY":1.17,"y":-93.4,"pX":0,"skY":7.31,"x":43.24,"pY":0,"skX":-10.4}},{"duration":2,"z":7,"displayIndex":1,"transform":{"scX":0.59,"scY":1.19,"y":-93.48,"pX":-0.08,"skY":7.31,"x":43.24,"pY":0.04,"skX":-13.33}},{"duration":2,"z":7,"displayIndex":1,"transform":{"scX":0.59,"scY":1.19,"y":-89.12,"pX":-0.08,"skY":2.86,"x":42.44,"pY":0.08,"skX":-17.77}},{"duration":2,"z":7,"displayIndex":2,"transform":{"scX":1,"scY":1,"y":-101.36,"pX":0,"skY":45.43,"x":58.04,"pY":0,"skX":45.43}},{"duration":18,"displayIndex":-1},{"duration":2,"z":7,"displayIndex":2,"transform":{"scX":1,"scY":1.37,"y":-84.6,"pX":-0.16,"skY":16.18,"x":12.48,"pY":-0.04,"skX":16.18}},{"duration":2,"z":7,"displayIndex":2,"transform":{"scX":0.87,"scY":1.06,"y":-95.8,"pX":-0.08,"skY":-12.27,"x":12.4,"pY":-0.04,"skX":-12.27}},{"duration":3,"z":7,"transform":{"scX":1,"scY":0.94,"y":-74.2,"pX":0,"skY":15,"x":38.32,"pY":0.04,"skX":15}},{"duration":1,"z":7,"displayIndex":2,"transform":{"scX":0.87,"scY":0.78,"y":-89.68,"pX":-0.08,"skY":17.99,"x":52.84,"pY":-0.16,"skX":18}},{"duration":2,"z":7,"displayIndex":2,"transform":{"scX":0.87,"scY":0.78,"y":-66.48,"pX":-0.12,"skY":32.99,"x":59.64,"pY":-0.24,"skX":33}},{"duration":2,"z":7,"displayIndex":2,"transform":{"scX":0.87,"scY":0.78,"y":-64.48,"pX":-0.08,"skY":25.76,"x":59.64,"pY":-0.16,"skX":25.77}},{"duration":2,"z":7,"displayIndex":2,"transform":{"scX":0.87,"scY":0.78,"y":-64.48,"pX":-0.08,"skY":30.23,"x":59.64,"pY":-0.12,"skX":30.23}},{"duration":12,"z":7,"displayIndex":2,"transform":{"scX":0.87,"scY":0.78,"y":-64.48,"pX":-0.08,"skY":25.76,"x":59.64,"pY":-0.16,"skX":25.77}},{"duration":3,"z":7,"displayIndex":2,"transform":{"scX":0.87,"scY":0.78,"y":-74.48,"pX":-0.12,"skY":25.76,"x":54.04,"pY":-0.12,"skX":25.77}},{"duration":3,"z":7,"displayIndex":2,"transform":{"scX":0.87,"scY":0.78,"y":-80.48,"pX":-0.16,"skY":20.8,"x":43.24,"pY":-0.12,"skX":20.8}},{"duration":3,"z":7,"displayIndex":3,"transform":{"scX":0.92,"scY":0.85,"y":-61.24,"pX":0,"skY":51.18,"x":-21.88,"pY":0,"skX":63.66}}],"scale":1,"name":25,"offset":0},{"frame":[{"duration":2,"z":8,"transform":{"scX":0.75,"scY":1.17,"y":-91.08,"pX":0,"skY":0,"x":24.04,"pY":0,"skX":-17.7}},{"duration":2,"z":8,"displayIndex":1,"transform":{"scX":0.97,"scY":0.85,"y":-70.88,"pX":0,"skY":61.04,"x":3.68,"pY":0,"skX":63.66}},{"duration":2,"z":8,"displayIndex":1,"transform":{"scX":0.97,"scY":0.86,"y":-70.04,"pX":-0.08,"skY":61.04,"x":3.28,"pY":0,"skX":66.34}},{"duration":2,"z":8,"displayIndex":1,"transform":{"scX":0.98,"scY":0.85,"y":-68.44,"pX":-0.04,"skY":63.04,"x":2.44,"pY":-0.08,"skX":67.05}},{"duration":2,"z":8,"displayIndex":2,"transform":{"scX":1.03,"scY":1,"y":-74,"pX":0,"skY":16.29,"x":15.16,"pY":0,"skX":16.29}},{"duration":18,"displayIndex":-1},{"duration":2,"z":8,"displayIndex":2,"transform":{"scX":0.78,"scY":0.87,"y":-59.84,"pX":-0.04,"skY":15.48,"x":-30.96,"pY":0,"skX":16.11}},{"duration":2,"z":8,"displayIndex":2,"transform":{"scX":0.78,"scY":0.87,"y":-63.84,"pX":0,"skY":0.48,"x":-28.56,"pY":0,"skX":1.11}},{"duration":3,"z":8,"displayIndex":3,"transform":{"scX":0.87,"scY":0.78,"y":-107.76,"pX":0,"skY":-11.27,"x":8.44,"pY":0,"skX":-11.27}},{"duration":1,"z":8,"displayIndex":2,"transform":{"scX":0.78,"scY":0.87,"y":-76.16,"pX":-0.08,"skY":30.78,"x":-0.92,"pY":0.04,"skX":31.42}},{"duration":2,"z":8,"displayIndex":2,"transform":{"scX":0.89,"scY":0.87,"y":-66.96,"pX":-0.08,"skY":45.78,"x":7.84,"pY":0,"skX":46.42}},{"duration":2,"z":8,"displayIndex":2,"transform":{"scX":0.89,"scY":0.87,"y":-60.56,"pX":-0.08,"skY":45.78,"x":15.84,"pY":-0.04,"skX":46.42}},{"duration":2,"z":8,"displayIndex":2,"transform":{"scX":0.89,"scY":0.87,"y":-57.76,"pX":-0.08,"skY":39.32,"x":15.84,"pY":-0.04,"skX":39.95}},{"duration":12,"z":8,"displayIndex":2,"transform":{"scX":0.89,"scY":0.87,"y":-60.56,"pX":-0.08,"skY":45.78,"x":15.84,"pY":-0.04,"skX":46.42}},{"duration":3,"z":8,"displayIndex":2,"transform":{"scX":0.89,"scY":0.87,"y":-66.52,"pX":-0.04,"skY":30.78,"x":9.44,"pY":-0.04,"skX":31.42}},{"duration":3,"z":8,"displayIndex":2,"transform":{"scX":0.89,"scY":0.87,"y":-70.52,"pX":-0.04,"skY":30.78,"x":0.24,"pY":-0.04,"skX":31.42}},{"duration":3,"z":8,"transform":{"scX":0.84,"scY":1.13,"y":-89.12,"pX":0.08,"skY":0,"x":19.64,"pY":0,"skX":-8.05}}],"scale":1,"name":29,"offset":0},{"frame":[{"duration":2,"z":9,"transform":{"scX":0.92,"scY":0.85,"y":-64.04,"pX":0,"skY":51.18,"x":-25.08,"pY":0,"skX":63.66}},{"duration":2,"z":9,"displayIndex":1,"transform":{"scX":1,"scY":1,"y":-139.84,"pX":0,"skY":0,"x":42.08,"pY":0,"skX":0}},{"duration":2,"z":9,"displayIndex":1,"transform":{"scX":1,"scY":1,"y":-136.64,"pX":0,"skY":4.5,"x":46.48,"pY":0,"skX":4.5}},{"duration":2,"z":9,"displayIndex":1,"transform":{"scX":1,"scY":1,"y":-135.44,"pX":0,"skY":4.5,"x":47.28,"pY":0,"skX":4.5}},{"duration":2,"z":9,"displayIndex":1,"transform":{"scX":1,"scY":1,"y":-147.56,"pX":0,"skY":-17.19,"x":42.52,"pY":0,"skX":-17.19}},{"duration":18,"displayIndex":-1},{"duration":2,"z":9,"displayIndex":2,"transform":{"scX":1,"scY":1,"y":-142.92,"pX":0,"skY":6.73,"x":1.8,"pY":0,"skX":6.73}},{"duration":2,"z":9,"displayIndex":2,"transform":{"scX":1,"scY":1.05,"y":-155.2,"pX":0.08,"skY":-8.27,"x":-13.2,"pY":0.04,"skX":1.09}},{"duration":3,"z":9,"displayIndex":3,"transform":{"scX":0.78,"scY":0.87,"y":-66.64,"pX":0,"skY":0.78,"x":-28.16,"pY":0,"skX":1.42}},{"duration":1,"z":9,"displayIndex":2,"transform":{"scX":1,"scY":1.05,"y":-156.68,"pX":0.08,"skY":6.75,"x":45.88,"pY":0,"skX":16.11}},{"duration":2,"z":9,"displayIndex":2,"transform":{"scX":1,"scY":1.05,"y":-133.48,"pX":0.12,"skY":17.53,"x":62.76,"pY":0.04,"skX":26.89}},{"duration":2,"z":9,"displayIndex":4,"transform":{"scX":1,"scY":1,"y":-110.48,"pX":0,"skY":15,"x":64.76,"pY":0,"skX":15}},{"duration":2,"z":9,"displayIndex":4,"transform":{"scX":1,"scY":1,"y":-110.48,"pX":0.08,"skY":9.02,"x":60.76,"pY":0.04,"skX":9.02}},{"duration":12,"z":9,"displayIndex":4,"transform":{"scX":1,"scY":1,"y":-110.48,"pX":0,"skY":15,"x":64.76,"pY":0,"skX":15}},{"duration":3,"z":9,"displayIndex":4,"transform":{"scX":1,"scY":1,"y":-124.24,"pX":0,"skY":8.69,"x":53.36,"pY":-0.04,"skX":8.69}},{"duration":3,"z":9,"displayIndex":2,"transform":{"scX":1,"scY":1,"y":-149.24,"pX":0.04,"skY":21.72,"x":34.8,"pY":0.04,"skX":21.72}},{"duration":3,"z":9,"displayIndex":2,"transform":{"scX":1,"scY":1,"y":-146.08,"pX":0.08,"skY":6.73,"x":12.4,"pY":0.04,"skX":6.73}}],"scale":1,"name":31,"offset":0},{"frame":[{"duration":2,"z":10,"transform":{"scX":1,"scY":1,"y":-129.04,"pX":0,"skY":0,"x":23.12,"pY":0,"skX":0}},{"duration":2,"z":10,"displayIndex":1,"transform":{"scX":0.93,"scY":1,"y":-101.84,"pX":0,"skY":18.69,"x":22.76,"pY":0,"skX":18.56}},{"duration":2,"z":10,"displayIndex":1,"transform":{"scX":0.93,"scY":1,"y":-100.44,"pX":0,"skY":18.69,"x":22.76,"pY":0,"skX":18.56}},{"duration":2,"z":10,"displayIndex":1,"transform":{"scX":0.93,"scY":1,"y":-96.92,"pX":0.08,"skY":22.42,"x":24.48,"pY":0,"skX":22.29}},{"duration":2,"z":10,"displayIndex":1,"transform":{"scX":0.93,"scY":1,"y":-103.72,"pX":0.04,"skY":7.93,"x":35.36,"pY":-0.04,"skX":7.8}},{"duration":18,"displayIndex":-1},{"duration":2,"z":10,"displayIndex":1,"transform":{"scX":1,"scY":1,"y":-86.88,"pX":0.2,"skY":-1.48,"x":-5.36,"pY":0,"skX":-1.48}},{"duration":2,"z":10,"displayIndex":1,"transform":{"scX":0.95,"scY":1,"y":-93.68,"pX":0.2,"skY":-11.03,"x":-11.16,"pY":-0.04,"skX":-11.03}},{"duration":3,"z":10,"displayIndex":2,"transform":{"scX":1,"scY":1.05,"y":-161.44,"pX":0,"skY":-17.8,"x":-24.96,"pY":0,"skX":-8.43}},{"duration":1,"z":10,"displayIndex":1,"transform":{"scX":0.99,"scY":1,"y":-98.72,"pX":0.16,"skY":13.44,"x":29.08,"pY":-0.12,"skX":13.44}},{"duration":2,"z":10,"displayIndex":1,"transform":{"scX":0.99,"scY":1,"y":-82.28,"pX":0.12,"skY":28.44,"x":37.6,"pY":-0.04,"skX":28.44}},{"duration":2,"z":10,"displayIndex":1,"transform":{"scX":0.99,"scY":1,"y":-79.72,"pX":0.12,"skY":28.44,"x":38.6,"pY":-0.08,"skX":28.44}},{"duration":2,"z":10,"displayIndex":1,"transform":{"scX":0.99,"scY":1,"y":-78.72,"pX":0.16,"skY":24.74,"x":38.6,"pY":-0.04,"skX":24.74}},{"duration":12,"z":10,"displayIndex":1,"transform":{"scX":0.99,"scY":1,"y":-79.72,"pX":0.12,"skY":28.44,"x":38.6,"pY":-0.08,"skX":28.44}},{"duration":3,"z":10,"displayIndex":1,"transform":{"scX":0.99,"scY":1,"y":-89.8,"pX":0.12,"skY":24.64,"x":29.8,"pY":-0.08,"skX":24.64}},{"duration":3,"z":10,"displayIndex":1,"transform":{"scX":0.99,"scY":1,"y":-93.4,"pX":0.16,"skY":14.43,"x":13.36,"pY":-0.2,"skX":14.43}},{"duration":3,"z":10,"displayIndex":1,"transform":{"scX":0.99,"scY":1,"y":-84.8,"pX":0.16,"skY":3.7,"x":6.24,"pY":-0.16,"skX":3.7}}],"scale":1,"name":34,"offset":0},{"frame":[{"duration":2,"z":11,"transform":{"scX":1.04,"scY":1,"y":-91.56,"pX":0,"skY":1.05,"x":-1.8,"pY":0,"skX":1.05}},{"duration":2,"z":11,"displayIndex":1,"transform":{"scX":1,"scY":1,"y":-164.76,"pX":0,"skY":0,"x":86.8,"pY":0,"skX":0}},{"duration":2,"z":11,"displayIndex":1,"transform":{"scX":1,"scY":1,"y":-160.36,"pX":0,"skY":0,"x":88.4,"pY":0,"skX":0}},{"duration":2,"z":11,"displayIndex":1,"transform":{"scX":1,"scY":1,"y":-153.56,"pX":0,"skY":0,"x":92,"pY":0,"skX":0}},{"duration":2,"z":11,"displayIndex":1,"transform":{"scX":1,"scY":1,"y":-186.72,"pX":0.04,"skY":-15,"x":78.56,"pY":0.04,"skX":-15}},{"duration":18,"displayIndex":-1},{"duration":2,"z":11,"displayIndex":1,"transform":{"scX":1,"scY":1,"y":-176.48,"pX":-0.04,"skY":-15,"x":69.56,"pY":0,"skX":-15}},{"duration":2,"z":11,"displayIndex":1,"transform":{"scX":1,"scY":1,"y":-210.92,"pX":0.04,"skY":-30,"x":20.88,"pY":0,"skX":-30}},{"duration":3,"z":11,"transform":{"scX":0.99,"scY":1,"y":-100.88,"pX":-0.04,"skY":-21.56,"x":-13.56,"pY":-0.04,"skX":-21.56}},{"duration":1,"z":11,"displayIndex":1,"transform":{"scX":1,"scY":1,"y":-193.32,"pX":0,"skY":-30,"x":97.2,"pY":-0.04,"skX":-30}},{"duration":2,"z":11,"displayIndex":1,"transform":{"scX":1,"scY":1,"y":-166.84,"pX":0,"skY":-15,"x":118.52,"pY":-0.08,"skX":-15}},{"duration":2,"z":11,"displayIndex":1,"transform":{"scX":1,"scY":1,"y":-104.04,"pX":0.08,"skY":5.22,"x":142.12,"pY":-0.12,"skX":5.22}},{"duration":2,"z":11,"displayIndex":1,"transform":{"scX":1,"scY":1,"y":-107.64,"pX":0.04,"skY":5.22,"x":142.12,"pY":-0.08,"skX":5.22}},{"duration":12,"z":11,"displayIndex":1,"transform":{"scX":1,"scY":1,"y":-104.84,"pX":0,"skY":11.44,"x":143.52,"pY":-0.12,"skX":11.44}},{"duration":3,"z":11,"displayIndex":1,"transform":{"scX":1,"scY":1,"y":-149.64,"pX":0.04,"skY":-6.31,"x":117.32,"pY":-0.12,"skX":-6.31}},{"duration":3,"z":11,"displayIndex":1,"transform":{"scX":1,"scY":1,"y":-170.24,"pX":0,"skY":-11.53,"x":108.32,"pY":-0.08,"skX":-11.53}},{"duration":3,"z":11,"displayIndex":1,"transform":{"scX":1,"scY":1,"y":-145.8,"pX":0,"skY":-11.53,"x":93.92,"pY":-0.08,"skX":-11.53}}],"scale":1,"name":35,"offset":0},{"frame":[{"duration":2,"z":12,"transform":{"scX":1,"scY":1,"y":-144.76,"pX":0,"skY":0,"x":86.4,"pY":0,"skX":0}},{"duration":2,"z":12,"displayIndex":1,"transform":{"scX":1,"scY":1,"y":-156.8,"pX":0,"skY":-9.46,"x":-55.32,"pY":0,"skX":-9.46}},{"duration":2,"z":12,"displayIndex":2,"transform":{"scX":1,"scY":1,"y":-192.96,"pX":0,"skY":0,"x":-44.28,"pY":0,"skX":0}},{"duration":2,"z":12,"displayIndex":3,"transform":{"scX":1,"scY":1,"y":-196.56,"pX":0,"skY":0,"x":-29.56,"pY":0,"skX":0}},{"duration":2,"z":12,"displayIndex":4,"transform":{"scX":1,"scY":1,"y":-172.48,"pX":0,"skY":0,"x":-57.4,"pY":0,"skX":0}},{"duration":18,"displayIndex":-1},{"duration":2,"z":12,"displayIndex":5,"transform":{"scX":1,"scY":1.3,"y":-92,"pX":0,"skY":-49.17,"x":-78.88,"pY":0,"skX":-49.17}},{"duration":2,"z":12,"displayIndex":5,"transform":{"scX":1,"scY":1.3,"y":-104,"pX":0,"skY":-64.17,"x":-91.84,"pY":0,"skX":-64.17}},{"duration":3,"z":12,"transform":{"scX":1,"scY":1,"y":-221.84,"pX":-0.04,"skY":-36.95,"x":2.76,"pY":0,"skX":-36.95}},{"duration":1,"z":12,"displayIndex":6,"transform":{"scX":1,"scY":1,"y":-157.76,"pX":0,"skY":-20.23,"x":-21.04,"pY":0,"skX":-20.23}},{"duration":2,"z":12,"displayIndex":6,"transform":{"scX":1,"scY":1,"y":-149.76,"pX":-0.08,"skY":-10.27,"x":-6.6,"pY":0.04,"skX":-10.27}},{"duration":2,"z":12,"displayIndex":7,"transform":{"scX":1.01,"scY":1.29,"y":-137.32,"pX":0,"skY":-5.62,"x":-19.32,"pY":0,"skX":-8.69}},{"duration":2,"z":12,"displayIndex":8,"transform":{"scX":1,"scY":1.36,"y":-115.24,"pX":0,"skY":-10.71,"x":-16.48,"pY":0,"skX":-10.71}},{"duration":3,"z":12,"displayIndex":5,"transform":{"scX":1,"scY":1.63,"y":-92.04,"pX":0,"skY":-18.25,"x":-19.64,"pY":0,"skX":-18.25}},{"duration":9,"z":12,"displayIndex":5,"transform":{"scX":1,"scY":1.63,"y":-79.24,"pX":0,"skY":-34.17,"x":2,"pY":0,"skX":-34.18}},{"duration":3,"z":12,"displayIndex":5,"transform":{"scX":1,"scY":1.63,"y":-78.16,"pX":0,"skY":-49.17,"x":-10.04,"pY":0,"skX":-49.17}},{"duration":3,"z":12,"displayIndex":5,"transform":{"scX":1,"scY":1.63,"y":-82.96,"pX":0,"skY":-24.68,"x":-57.24,"pY":0,"skX":-24.69}},{"duration":3,"z":12,"displayIndex":6,"transform":{"scX":1,"scY":1,"y":-142.4,"pX":0.04,"skY":-4,"x":-37.72,"pY":-0.04,"skX":-4}}],"scale":1,"name":36,"offset":0},{"frame":[{"duration":2,"z":13,"transform":{"scX":1,"scY":1,"y":-157.36,"pX":0,"skY":2.72,"x":-44.12,"pY":0,"skX":2.72}},{"duration":2,"z":13,"displayIndex":1,"transform":{"scX":1,"scY":1,"y":-209.28,"pX":0,"skY":0,"x":98.56,"pY":0,"skX":0}},{"duration":2,"z":13,"displayIndex":1,"transform":{"scX":1,"scY":1,"y":-200.52,"pX":0,"skY":9.71,"x":101.28,"pY":-0.04,"skX":9.71}},{"duration":2,"z":13,"displayIndex":1,"transform":{"scX":1,"scY":1,"y":-193.92,"pX":0,"skY":9.71,"x":106.4,"pY":0,"skX":9.71}},{"duration":2,"z":13,"displayIndex":1,"transform":{"scX":1,"scY":1,"y":-228.2,"pX":0,"skY":-11.28,"x":76.28,"pY":-0.04,"skX":-11.28}},{"duration":18,"displayIndex":-1},{"duration":2,"z":13,"displayIndex":2,"transform":{"scX":1.11,"scY":1.11,"y":-204.84,"pX":0,"skY":-11.9,"x":8.36,"pY":0,"skX":-11.02}},{"duration":2,"z":13,"displayIndex":2,"transform":{"scX":1.01,"scY":1.11,"y":-232.04,"pX":0,"skY":-24.83,"x":-37.08,"pY":0,"skX":-23.94}},{"duration":3,"z":13,"displayIndex":3,"transform":{"scX":1,"scY":1,"y":-128.88,"pX":0,"skY":-56.28,"x":-89.24,"pY":0,"skX":-56.28}},{"duration":3,"displayIndex":-1},{"duration":2,"z":13,"displayIndex":2,"transform":{"scX":1.01,"scY":1.11,"y":-160.6,"pX":0,"skY":16.61,"x":104.92,"pY":0,"skX":13.53}},{"duration":2,"z":13,"displayIndex":2,"transform":{"scX":1.01,"scY":1.11,"y":-163.8,"pX":0,"skY":16.61,"x":103.32,"pY":0,"skX":13.53}},{"duration":12,"z":13,"displayIndex":2,"transform":{"scX":1.01,"scY":1.11,"y":-160.6,"pX":0,"skY":16.61,"x":104.92,"pY":0,"skX":13.53}},{"duration":3,"z":13,"displayIndex":2,"transform":{"scX":1.01,"scY":1.11,"y":-189.76,"pX":0,"skY":-2.35,"x":67.28,"pY":0,"skX":-1.46}},{"duration":3,"z":13,"displayIndex":2,"transform":{"scX":1.01,"scY":1.11,"y":-192.16,"pX":0,"skY":-17.35,"x":49.68,"pY":0,"skX":-16.46}},{"duration":3,"displayIndex":-1}],"scale":1,"name":39,"offset":0},{"frame":[{"duration":2,"z":14,"transform":{"scX":1,"scY":1,"y":-191.72,"pX":0,"skY":0,"x":100.96,"pY":0,"skX":0}},{"duration":2,"z":14,"displayIndex":1,"transform":{"scX":1,"scY":1,"y":-111.04,"pX":0,"skY":1.27,"x":54.96,"pY":0,"skX":1.27}},{"duration":2,"z":14,"displayIndex":1,"transform":{"scX":1,"scY":1,"y":-107.24,"pX":0.08,"skY":-5.19,"x":48.32,"pY":0.08,"skX":-5.19}},{"duration":2,"z":14,"displayIndex":1,"transform":{"scX":1,"scY":1,"y":-102.44,"pX":0.08,"skY":-20.19,"x":48.32,"pY":0.04,"skX":-20.19}},{"duration":2,"z":14,"displayIndex":1,"transform":{"scX":1,"scY":1,"y":-140.52,"pX":0.12,"skY":15.55,"x":82.12,"pY":0.04,"skX":15.55}},{"duration":2,"displayIndex":-1},{"duration":2,"z":14,"displayIndex":1,"transform":{"scX":1,"scY":1,"y":-138.08,"pX":0.16,"skY":60.54,"x":-43.76,"pY":0.04,"skX":60.54}},{"duration":12,"displayIndex":-1},{"duration":2,"z":14,"displayIndex":2,"transform":{"scX":1,"scY":1,"y":-139.48,"pX":0,"skY":-15,"x":283.28,"pY":0,"skX":-15}},{"duration":2,"z":14,"transform":{"scX":1,"scY":1,"y":-232.72,"pX":0,"skY":4.06,"x":73.36,"pY":-0.08,"skX":4.06}},{"duration":2,"z":14,"transform":{"scX":1,"scY":1,"y":-260.72,"pX":-0.04,"skY":-36.42,"x":3.76,"pY":-0.04,"skX":-36.42}},{"duration":3,"z":14,"transform":{"scX":1,"scY":1,"y":-267.12,"pX":-0.04,"skY":-36.42,"x":-22.64,"pY":0,"skX":-36.42}},{"duration":1,"z":14,"transform":{"scX":1,"scY":1,"y":-248.32,"pX":0,"skY":-28.21,"x":93,"pY":0,"skX":-28.21}},{"duration":2,"z":14,"transform":{"scX":1,"scY":1,"y":-220.28,"pX":-0.04,"skY":-7.74,"x":120.72,"pY":-0.04,"skX":-7.74}},{"duration":2,"z":14,"transform":{"scX":1,"scY":1,"y":-153.52,"pX":-0.04,"skY":15.76,"x":163.92,"pY":0.08,"skX":15.76}},{"duration":2,"z":14,"transform":{"scX":1,"scY":1,"y":-159.52,"pX":-0.08,"skY":14.78,"x":161,"pY":-0.04,"skX":14.78}},{"duration":4,"z":14,"tweenEasing":0,"transform":{"scX":1,"scY":1,"y":-152.6,"pX":-0.08,"skY":22.92,"x":165.12,"pY":-0.08,"skX":22.92}},{"duration":6,"z":14,"tweenEasing":0,"transform":{"scX":1,"scY":1,"y":-152.64,"pX":-0.16,"skY":17.7,"x":165.12,"pY":-0.04,"skX":17.7}},{"duration":2,"z":14,"transform":{"scX":1,"scY":1,"y":-152.6,"pX":-0.08,"skY":22.92,"x":165.12,"pY":-0.08,"skX":22.92}},{"duration":3,"z":14,"transform":{"scX":1,"scY":1,"y":-203.84,"pX":-0.12,"skY":-7.07,"x":126.72,"pY":-0.08,"skX":-7.07}},{"duration":3,"z":14,"transform":{"scX":1,"scY":1,"y":-221.32,"pX":-0.08,"skY":-12.31,"x":107.32,"pY":-0.08,"skX":-12.31}},{"duration":3,"z":14,"transform":{"scX":1,"scY":1,"y":-198.12,"pX":-0.08,"skY":2.69,"x":104.32,"pY":-0.04,"skX":2.69}}],"scale":1,"name":"shou","offset":0},{"frame":[{"duration":2,"z":15,"transform":{"scX":1,"scY":1,"y":-88.4,"pX":0,"skY":1.27,"x":35.84,"pY":0,"skX":1.27}},{"duration":2,"z":15,"displayIndex":1,"transform":{"scX":1,"scY":1,"y":-165.6,"pX":0,"skY":50.18,"x":-42.6,"pY":0,"skX":50.18}},{"duration":2,"z":15,"displayIndex":1,"transform":{"scX":1,"scY":1,"y":-168.4,"pX":-0.08,"skY":53.66,"x":-41.8,"pY":-0.08,"skX":53.66}},{"duration":2,"z":15,"displayIndex":1,"transform":{"scX":1,"scY":1,"y":-171.2,"pX":-0.04,"skY":57.67,"x":-35.8,"pY":-0.04,"skX":57.67}},{"duration":2,"z":15,"displayIndex":2,"transform":{"scX":1.1,"scY":1.1,"y":-169.2,"pX":0,"skY":0,"x":-75.36,"pY":0,"skX":0}},{"duration":2,"z":15,"displayIndex":3,"transform":{"scX":1,"scY":1,"y":-145.84,"pX":0,"skY":0,"x":210.76,"pY":0,"skX":0}},{"duration":2,"z":15,"displayIndex":4,"transform":{"scX":1,"scY":1,"y":-260.4,"pX":0,"skY":0,"x":-145.84,"pY":0,"skX":0}},{"duration":3,"displayIndex":-1},{"duration":2,"z":15,"displayIndex":3,"transform":{"scX":1,"scY":1,"y":-94.4,"pX":0,"skY":10.22,"x":307.68,"pY":0,"skX":10.22}},{"duration":2,"z":15,"displayIndex":5,"transform":{"scX":1,"scY":1,"y":-291.68,"pX":0,"skY":0,"x":170.44,"pY":0,"skX":0}},{"duration":2,"z":15,"displayIndex":4,"transform":{"scX":1,"scY":1,"y":-289.12,"pX":0,"skY":0,"x":-201.68,"pY":0,"skX":0}},{"duration":1,"z":15,"displayIndex":2,"transform":{"scX":1.1,"scY":1.1,"y":-231.84,"pX":0,"skY":19.04,"x":-149.28,"pY":0,"skX":19.04}},{"duration":4,"displayIndex":-1},{"duration":2,"z":15,"transform":{"scX":1,"scY":1,"y":-76.76,"pX":0.16,"skY":18.87,"x":102.72,"pY":-0.04,"skX":18.87}},{"duration":2,"z":15,"transform":{"scX":1,"scY":1,"y":-288.64,"pX":0.12,"skY":3.87,"x":113.48,"pY":-0.04,"skX":3.87}},{"duration":3,"z":15,"transform":{"scX":1,"scY":1,"y":-390.28,"pX":0.16,"skY":-46.84,"x":-8.76,"pY":-0.08,"skX":-46.84}},{"duration":1,"z":15,"transform":{"scX":1,"scY":1,"y":-352.16,"pX":0.12,"skY":-16.84,"x":157.68,"pY":-0.08,"skX":-16.84}},{"duration":2,"z":15,"transform":{"scX":1,"scY":1,"y":-330.64,"pX":0.08,"skY":-1.84,"x":187.04,"pY":-0.12,"skX":-1.84}},{"duration":2,"z":15,"transform":{"scX":-1,"scY":1,"y":-33.32,"pX":0.08,"skY":-7.62,"x":98.56,"pY":-0.08,"skX":-7.62}},{"duration":2,"z":15,"transform":{"scX":-1,"scY":1,"y":-38.12,"pX":0.04,"skY":37.38,"x":108.08,"pY":-0.12,"skX":37.38}},{"duration":2,"z":15,"transform":{"scX":-1,"scY":1,"y":-31.28,"pX":0.08,"skY":82.38,"x":99.6,"pY":-0.16,"skX":82.38}},{"duration":3,"z":15,"tweenEasing":0,"transform":{"scX":1,"scY":1,"y":-31.24,"pX":0,"skY":97.62,"x":99.64,"pY":-0.12,"skX":97.62}},{"duration":6,"z":15,"tweenEasing":0,"transform":{"scX":1,"scY":1,"y":-31.24,"pX":0.04,"skY":52.62,"x":99.64,"pY":-0.12,"skX":52.62}},{"duration":1,"z":15,"transform":{"scX":1,"scY":1,"y":-31.32,"pX":0.04,"skY":31.1,"x":99.64,"pY":-0.04,"skX":31.1}},{"duration":3,"z":15,"transform":{"scX":-1,"scY":1,"y":-192.96,"pX":0.08,"skY":13.9,"x":126.44,"pY":-0.12,"skX":13.9}},{"duration":3,"displayIndex":-1},{"duration":3,"z":15,"transform":{"scX":1,"scY":1,"y":-192.56,"pX":0,"skY":-118.9,"x":173.64,"pY":-0.12,"skX":-118.9}}],"scale":1,"name":"dao","offset":0},{"frame":[{"duration":2,"z":16,"transform":{"scX":1,"scY":1,"y":-100.24,"pX":0,"skY":25.21,"x":-77.32,"pY":0,"skX":25.21}},{"duration":2,"z":16,"displayIndex":1,"transform":{"scX":-1.15,"scY":1,"y":-140.32,"pX":0,"skY":40.96,"x":59.88,"pY":0,"skX":40.96}},{"duration":2,"z":16,"displayIndex":1,"transform":{"scX":-1.15,"scY":1,"y":-134.04,"pX":-0.04,"skY":45.41,"x":56.44,"pY":-0.04,"skX":45.41}},{"duration":2,"z":16,"displayIndex":1,"transform":{"scX":-1.15,"scY":1,"y":-131,"pX":0,"skY":48.89,"x":56.2,"pY":0,"skX":48.89}},{"duration":2,"z":16,"displayIndex":1,"transform":{"scX":-1.15,"scY":1,"y":-157.92,"pX":-0.08,"skY":9.97,"x":71.8,"pY":0,"skX":9.97}},{"duration":2,"z":16,"displayIndex":2,"event":"skill2_1","transform":{"scX":1,"scY":1,"y":-151.48,"pX":0,"skY":0,"x":-5.76,"pY":0,"skX":0}},{"duration":2,"z":16,"displayIndex":3,"event":"skill2_2","transform":{"scX":1,"scY":1,"y":-137.92,"pX":0,"skY":0,"x":-5.72,"pY":0,"skX":0}},{"duration":1,"z":16,"displayIndex":4,"event":"skill2_3","transform":{"scX":1,"scY":1,"y":-148.56,"pX":0,"skY":0,"x":-7.88,"pY":0,"skX":0}},{"duration":2,"z":16,"displayIndex":5,"transform":{"scX":1,"scY":1,"y":-143.12,"pX":0,"skY":0,"x":-2.4,"pY":0,"skX":0}},{"duration":2,"z":16,"displayIndex":6,"event":"skill2_1","transform":{"scX":1,"scY":1,"y":-139.48,"pX":0,"skY":0,"x":5.52,"pY":0,"skX":0}},{"duration":2,"z":16,"displayIndex":7,"event":"skill2_2","transform":{"scX":1,"scY":1,"y":-147.16,"pX":0,"skY":0,"x":-2.08,"pY":0,"skX":0}},{"duration":2,"z":16,"displayIndex":8,"event":"skill2_3","transform":{"scX":1,"scY":1,"y":-142.88,"pX":0,"skY":0,"x":-57.12,"pY":0,"skX":0}},{"duration":1,"z":16,"displayIndex":3,"transform":{"scX":1,"scY":1,"y":-140.32,"pX":0,"skY":0,"x":11.6,"pY":0,"skX":0}},{"duration":2,"z":16,"displayIndex":4,"transform":{"scX":1,"scY":1,"y":-148.56,"pX":0,"skY":0,"x":8.12,"pY":0,"skX":0}},{"duration":2,"z":16,"displayIndex":9,"transform":{"scX":1,"scY":1,"y":-147.32,"pX":0,"skY":0,"x":8.36,"pY":0,"skX":0}},{"duration":2,"z":16,"transform":{"scX":-1,"scY":1,"y":-169.48,"pX":0,"skY":-74.52,"x":162.64,"pY":0,"skX":-74.52}},{"duration":2,"z":16,"transform":{"scX":-1,"scY":1,"y":-339.84,"pX":0,"skY":-171.82,"x":15.4,"pY":-0.16,"skX":-171.82}},{"duration":3,"z":16,"transform":{"scX":-1,"scY":1,"y":-332.32,"pX":0,"skY":128.9,"x":-101.4,"pY":-0.04,"skX":128.9}},{"duration":1,"z":16,"transform":{"scX":-1,"scY":1,"y":-343.48,"pX":0.04,"skY":154.09,"x":47.76,"pY":-0.04,"skX":154.09}},{"duration":2,"z":16,"transform":{"scX":-1,"scY":1,"y":-324.52,"pX":-0.04,"skY":156.3,"x":77,"pY":0,"skX":156.3}},{"duration":2,"z":16,"event":"skill2_fly","transform":{"scX":-1,"scY":1,"y":-16.52,"pX":0.04,"skY":-11.19,"x":207.56,"pY":0,"skX":-11.19}},{"duration":2,"z":16,"transform":{"scX":-1,"scY":1,"y":-26.12,"pX":0.04,"skY":-13.66,"x":215.56,"pY":0,"skX":-13.66}},{"duration":2,"z":16,"transform":{"scX":-1,"scY":1,"y":-12.6,"pX":0.04,"skY":-8.92,"x":207.56,"pY":-0.04,"skX":-8.92}},{"duration":10,"z":16,"transform":{"scX":-1,"scY":1,"y":-12.6,"pX":0.04,"skY":-8.92,"x":207.56,"pY":-0.04,"skX":-8.92}},{"duration":3,"z":16,"transform":{"scX":-1,"scY":1,"y":-119.84,"pX":0.08,"skY":28.27,"x":202.72,"pY":0,"skX":28.27}},{"duration":3,"displayIndex":-1},{"duration":3,"z":16,"transform":{"scX":1,"scY":1,"y":-92.04,"pX":0,"skY":-43.18,"x":124.48,"pY":-0.16,"skX":-43.18}}],"scale":1,"name":"youbi jian","offset":0},{"frame":[{"duration":2,"z":17,"transform":{"scX":1,"scY":1,"y":-209.96,"pX":0,"skY":22.94,"x":-14.4,"pY":0,"skX":22.94}},{"duration":2,"z":17,"displayIndex":1,"transform":{"scX":-1,"scY":1,"y":-148.44,"pX":0,"skY":35.98,"x":19.68,"pY":0,"skX":35.98}},{"duration":2,"z":17,"displayIndex":1,"transform":{"scX":-1,"scY":1,"y":-145.24,"pX":0,"skY":40.43,"x":17.04,"pY":0,"skX":40.43}},{"duration":2,"z":17,"displayIndex":1,"transform":{"scX":-1,"scY":1,"y":-144.6,"pX":0,"skY":43.91,"x":17.56,"pY":0.04,"skX":43.91}},{"duration":2,"z":17,"displayIndex":1,"transform":{"scX":-1,"scY":1,"y":-144.12,"pX":0.08,"skY":5.26,"x":33.24,"pY":0.08,"skX":5.26}},{"duration":18,"displayIndex":-1},{"duration":2,"z":17,"transform":{"scX":1.15,"scY":1.13,"y":-135.12,"pX":0,"skY":-101.84,"x":38.84,"pY":-0.12,"skX":-101.84}},{"duration":2,"z":17,"transform":{"scX":1.15,"scY":1.13,"y":-213.16,"pX":-0.04,"skY":-174.54,"x":2.4,"pY":-0.08,"skX":-174.54}},{"duration":3,"z":17,"transform":{"scX":1.15,"scY":1.13,"y":-238,"pX":0.04,"skY":155.46,"x":-33.16,"pY":-0.08,"skX":155.46}},{"duration":1,"z":17,"transform":{"scX":1.15,"scY":1.13,"y":-223.2,"pX":0,"skY":170.46,"x":71.4,"pY":-0.04,"skX":170.46}},{"duration":2,"z":17,"transform":{"scX":1.15,"scY":1.13,"y":-205.64,"pX":0.04,"skY":175.21,"x":97.8,"pY":-0.12,"skX":175.21}},{"duration":2,"z":17,"transform":{"scX":1.15,"scY":1.13,"y":-90.68,"pX":0,"skY":-86.07,"x":100.12,"pY":-0.12,"skX":-86.07}},{"duration":2,"z":17,"transform":{"scX":1.15,"scY":1.13,"y":-97.64,"pX":0,"skY":-92.06,"x":100.48,"pY":-0.08,"skX":-92.06}},{"duration":12,"z":17,"transform":{"scX":1.15,"scY":1.13,"y":-90.4,"pX":0.04,"skY":-86.34,"x":98.48,"pY":-0.04,"skX":-86.34}},{"duration":3,"z":17,"transform":{"scX":1.15,"scY":1.13,"y":-116.12,"pX":-0.04,"skY":-95.87,"x":84.68,"pY":-0.08,"skX":-95.87}},{"duration":3,"z":17,"displayIndex":2,"transform":{"scX":1,"scY":1,"y":-191.08,"pX":0,"skY":-70.59,"x":176.28,"pY":0,"skX":-70.59}},{"duration":3,"z":17,"transform":{"scX":1.04,"scY":1.13,"y":-146.12,"pX":-0.08,"skY":-72.95,"x":25.44,"pY":-0.04,"skX":-72.95}}],"scale":1,"name":44,"offset":0},{"frame":[{"duration":2,"z":18,"transform":{"scX":1,"scY":1,"y":-165.08,"pX":0,"skY":23.24,"x":-34.12,"pY":0,"skX":23.24}},{"duration":2,"z":18,"displayIndex":1,"transform":{"scX":1,"scY":1,"y":-220.56,"pX":0,"skY":0,"x":-12.72,"pY":0,"skX":0}},{"duration":2,"z":18,"displayIndex":1,"transform":{"scX":1,"scY":1,"y":-222.12,"pX":0,"skY":4.25,"x":-10.92,"pY":0,"skX":4.25}},{"duration":2,"z":18,"displayIndex":1,"transform":{"scX":1,"scY":1,"y":-221.64,"pX":0,"skY":9.72,"x":-1.68,"pY":0,"skX":9.72}},{"duration":2,"z":18,"displayIndex":1,"transform":{"scX":1,"scY":1,"y":-201.24,"pX":0,"skY":-25.26,"x":-20.68,"pY":0,"skX":-25.26}},{"duration":18,"displayIndex":-1},{"duration":2,"z":18,"displayIndex":2,"transform":{"scX":1.06,"scY":1.06,"y":-149.64,"pX":0,"skY":-42.72,"x":150.04,"pY":0,"skX":-42.72}},{"duration":2,"z":18,"displayIndex":2,"transform":{"scX":1.06,"scY":1.06,"y":-327.64,"pX":-0.04,"skY":-118.91,"x":27.52,"pY":0,"skX":-118.91}},{"duration":3,"z":18,"displayIndex":2,"transform":{"scX":1.06,"scY":1.06,"y":-340.96,"pX":0,"skY":-178.91,"x":-79.64,"pY":0,"skX":-178.91}},{"duration":1,"z":18,"displayIndex":2,"transform":{"scX":1.06,"scY":1.06,"y":-341,"pX":0,"skY":-163.92,"x":66.04,"pY":0.04,"skX":-163.91}},{"duration":2,"z":18,"displayIndex":2,"transform":{"scX":1.06,"scY":1.06,"y":-321.4,"pX":0.04,"skY":-163.92,"x":100.04,"pY":0,"skX":-163.91}},{"duration":19,"displayIndex":-1},{"duration":3,"z":18,"displayIndex":3,"transform":{"scX":1,"scY":1,"y":-306.2,"pX":0,"skY":1.1,"x":173.6,"pY":0,"skX":1.1}},{"duration":3,"z":18,"displayIndex":2,"transform":{"scX":1,"scY":1,"y":-115.68,"pX":0,"skY":-42.72,"x":131.24,"pY":-0.08,"skX":-42.72}}],"scale":1,"name":45,"offset":0},{"frame":[{"duration":2,"z":19,"transform":{"scX":1,"scY":1,"y":-101.12,"pX":0,"skY":23.24,"x":-48.68,"pY":0,"skX":23.24}},{"duration":2,"z":19,"displayIndex":1,"transform":{"scX":1,"scY":1,"y":-166.36,"pX":0,"skY":0,"x":-22.84,"pY":0,"skX":0}},{"duration":2,"z":19,"displayIndex":1,"transform":{"scX":1,"scY":1,"y":-168.8,"pX":0,"skY":4.25,"x":-25,"pY":0,"skX":4.25}},{"duration":2,"z":19,"displayIndex":1,"transform":{"scX":1,"scY":1,"y":-169.92,"pX":0,"skY":9.72,"x":-20.76,"pY":0,"skX":9.72}},{"duration":2,"z":19,"displayIndex":1,"transform":{"scX":1,"scY":1,"y":-147.92,"pX":0,"skY":-25.26,"x":-6.64,"pY":0,"skX":-25.26}},{"duration":4,"displayIndex":-1},{"duration":1,"z":19,"displayIndex":2,"transform":{"scX":1.1,"scY":1.1,"y":-180.44,"pX":0,"skY":7.8,"x":-102.04,"pY":0,"skX":7.8}},{"duration":2,"z":19,"displayIndex":3,"transform":{"scX":1,"scY":1,"y":-118.8,"pX":0,"skY":0,"x":-60.56,"pY":0,"skX":0}},{"duration":7,"displayIndex":-1},{"duration":2,"z":19,"displayIndex":2,"transform":{"scX":1.1,"scY":1.1,"y":-187.84,"pX":0,"skY":9.87,"x":-76.48,"pY":0,"skX":9.87}},{"duration":2,"displayIndex":-1},{"duration":2,"z":19,"displayIndex":4,"transform":{"scX":0.95,"scY":1,"y":-146.8,"pX":0,"skY":-79.9,"x":81.76,"pY":0,"skX":-87.73}},{"duration":2,"z":19,"displayIndex":4,"transform":{"scX":0.95,"scY":1,"y":-260.64,"pX":0,"skY":-156.09,"x":14.04,"pY":-0.08,"skX":-163.92}},{"duration":3,"z":19,"displayIndex":4,"transform":{"scX":0.94,"scY":1,"y":-277.48,"pX":0.04,"skY":166.31,"x":-55.04,"pY":-0.08,"skX":166.37}},{"duration":1,"z":19,"displayIndex":4,"transform":{"scX":0.94,"scY":1,"y":-277.44,"pX":0.04,"skY":-173.25,"x":67.8,"pY":0,"skX":-173.19}},{"duration":2,"z":19,"displayIndex":4,"transform":{"scX":0.94,"scY":1,"y":-251.36,"pX":0.08,"skY":-170,"x":99,"pY":0,"skX":-169.94}},{"duration":19,"displayIndex":-1},{"duration":3,"z":19,"displayIndex":5,"transform":{"scX":1.04,"scY":1.13,"y":-129.8,"pX":0,"skY":-122.4,"x":89.88,"pY":0,"skX":-122.4}},{"duration":3,"z":19,"displayIndex":4,"transform":{"scX":0.95,"scY":1,"y":-132.2,"pX":-0.08,"skY":-64.9,"x":67.52,"pY":-0.04,"skX":-72.73}}],"scale":1,"name":46,"offset":0},{"frame":[{"duration":2,"z":20,"transform":{"scX":1,"scY":1,"y":-207.4,"pX":0,"skY":24.23,"x":59.88,"pY":0,"skX":24.23}},{"duration":2,"z":20,"transform":{"scX":1,"scY":0.83,"y":-260.24,"pX":0.08,"skY":-2.05,"x":40.4,"pY":0.04,"skX":-2.05}},{"duration":2,"z":20,"transform":{"scX":1,"scY":0.83,"y":-255.04,"pX":0,"skY":2.66,"x":47.52,"pY":0,"skX":2.66}},{"duration":2,"z":20,"transform":{"scX":1,"scY":0.83,"y":-251.84,"pX":-0.12,"skY":5.67,"x":59.44,"pY":0,"skX":5.67}},{"duration":2,"z":20,"transform":{"scX":1,"scY":0.83,"y":-258.08,"pX":-0.12,"skY":-29.26,"x":18.12,"pY":-0.04,"skX":-29.26}},{"duration":2,"displayIndex":-1},{"duration":2,"z":20,"displayIndex":1,"transform":{"scX":1,"scY":1,"y":-168.84,"pX":0,"skY":0,"x":-91.04,"pY":0,"skX":0}},{"duration":1,"z":20,"displayIndex":2,"transform":{"scX":1,"scY":1,"y":-143.68,"pX":0,"skY":0,"x":-7.8,"pY":0,"skX":0}},{"duration":2,"z":20,"displayIndex":2,"transform":{"scX":1,"scY":1,"y":-121.92,"pX":0,"skY":-16.29,"x":42.08,"pY":0,"skX":-16.29}},{"duration":6,"displayIndex":-1},{"duration":1,"z":20,"displayIndex":1,"transform":{"scX":1,"scY":1,"y":-172.52,"pX":0,"skY":0,"x":-72.64,"pY":0,"skX":0}},{"duration":2,"z":20,"displayIndex":2,"transform":{"scX":1,"scY":1,"y":-146.08,"pX":0,"skY":0,"x":8.2,"pY":0,"skX":0}},{"duration":2,"displayIndex":-1},{"duration":2,"z":20,"transform":{"scX":1.03,"scY":0.99,"y":-210.12,"pX":-0.04,"skY":-100.51,"x":-14.2,"pY":-0.12,"skX":-101.06}},{"duration":2,"z":20,"transform":{"scX":1.03,"scY":1.08,"y":-194.92,"pX":-0.08,"skY":-170.83,"x":-64.04,"pY":-0.16,"skX":-173.98}},{"duration":3,"z":20,"transform":{"scX":1.03,"scY":1.09,"y":-181.28,"pX":0,"skY":154.96,"x":-81.64,"pY":-0.16,"skX":149.42}},{"duration":1,"z":20,"transform":{"scX":1.03,"scY":1.09,"y":-194.88,"pX":-0.04,"skY":-179.24,"x":1.6,"pY":-0.12,"skX":175.22}},{"duration":2,"z":20,"transform":{"scX":1.03,"scY":1.08,"y":-176.48,"pX":-0.08,"skY":-178.21,"x":28.36,"pY":-0.08,"skX":179.91}},{"duration":2,"z":20,"displayIndex":3,"transform":{"scX":1,"scY":1,"y":-112.2,"pX":0,"skY":0,"x":123.32,"pY":0,"skX":0}},{"duration":2,"z":20,"displayIndex":3,"transform":{"scX":1,"scY":1,"y":-117,"pX":0,"skY":-4.2,"x":123.32,"pY":0,"skX":-4.2}},{"duration":12,"z":20,"displayIndex":3,"transform":{"scX":1,"scY":1,"y":-112.2,"pX":0,"skY":0,"x":123.32,"pY":0,"skX":0}},{"duration":3,"z":20,"displayIndex":4,"transform":{"scX":1,"scY":1,"y":-168.16,"pX":0,"skY":0,"x":62.12,"pY":0,"skX":0}},{"duration":3,"z":20,"displayIndex":4,"transform":{"scX":1,"scY":1,"y":-161.76,"pX":0.04,"skY":-36.24,"x":54,"pY":0,"skX":-36.24}},{"duration":3,"z":20,"transform":{"scX":1.03,"scY":1.08,"y":-219.2,"pX":-0.16,"skY":-67.33,"x":22.36,"pY":-0.08,"skX":-69.21}}],"scale":1,"name":420,"offset":0}],"scale":1,"fadeInTime":0,"tweenEasing":null}],"skin":[{"slot":[{"display":[{"name":"sc/AS61817_17035","type":"armature","transform":{"scX":1,"scY":1,"y":51.68,"skY":0,"x":-0.16,"skX":0}},{"name":"sc/AS6668_56949","type":"armature","transform":{"scX":1,"scY":1,"y":146.68,"skY":0,"x":47.52,"skX":0}}],"z":0,"name":18,"parent":18},{"display":[{"name":"sc/AS39192_11026","type":"armature","transform":{"scX":1,"scY":1,"y":35.48,"skY":0,"x":0.08,"skX":0}},{"name":"sc/AS61817_17035","type":"armature","transform":{"scX":1,"scY":1,"y":51.84,"skY":0,"x":-0.08,"skX":0}}],"z":1,"name":19,"parent":19},{"display":[{"name":"sc/AS17648_38330","type":"image","transform":{"scX":1,"scY":1,"y":-22.28,"pX":0,"skY":0,"x":-27.68,"pY":0,"skX":0}},{"name":"sc/AS39192_11026","type":"armature","transform":{"scX":1,"scY":1,"y":35.4,"skY":0,"x":0.04,"skX":0}}],"z":2,"name":21,"parent":21},{"display":[{"name":"sc/AS94706_53119","type":"image","transform":{"scX":1,"scY":1,"y":0,"pX":38.68,"skY":0,"x":0,"pY":35.92,"skX":0}},{"name":"sc/AS28701_43839","type":"image","transform":{"scX":1,"scY":1,"y":-21.2,"pX":0,"skY":0,"x":-26.4,"pY":0,"skX":0}},{"name":"sc/AS6668_56949","type":"armature","transform":{"scX":1,"scY":1,"y":146.68,"skY":0,"x":47.68,"skX":0}}],"z":3,"name":22,"parent":22},{"display":[{"name":"sc/AS28701_43839","type":"image","transform":{"scX":1,"scY":1,"y":-21.2,"pX":0,"skY":0,"x":-26.4,"pY":0,"skX":0}},{"name":"sc/AS24053_98473","type":"image","transform":{"scX":1,"scY":1,"y":-17.2,"pX":0,"skY":0,"x":-22.4,"pY":0,"skX":0}},{"name":"sc/AS10002_36695","type":"image","transform":{"scX":1,"scY":1,"y":-21.2,"pX":0,"skY":0,"x":-31.68,"pY":0,"skX":0}},{"name":"sc/AS53258_97328","type":"image","transform":{"scX":1,"scY":1,"y":0,"pX":18.4,"skY":0,"x":0,"pY":20,"skX":0}}],"z":4,"name":23,"parent":23},{"display":[{"name":"sc/AS10002_36695","type":"image","transform":{"scX":1,"scY":1,"y":-21.2,"pX":0,"skY":0,"x":-31.6,"pY":0,"skX":0}},{"name":"sc/AS39431_57707","type":"image","transform":{"scX":1,"scY":1,"y":-48.04,"pX":0,"skY":0,"x":-22.4,"pY":0,"skX":0}}],"z":5,"name":24,"parent":24},{"display":[{"name":"sc/AS39431_57707","type":"image","transform":{"scX":1,"scY":1,"y":-48.04,"pX":0,"skY":0,"x":-22.4,"pY":0,"skX":0}},{"name":"sc/AS10002_36695","type":"image","transform":{"scX":1,"scY":1,"y":-21.2,"pX":0,"skY":0,"x":-31.6,"pY":0,"skX":0}},{"name":"sc/AS53258_97328","type":"image","transform":{"scX":1,"scY":1,"y":0,"pX":18.4,"skY":0,"x":0,"pY":20,"skX":0}}],"z":6,"name":26,"parent":26},{"display":[{"name":"sc/AS10002_36695","type":"image","transform":{"scX":1,"scY":1,"y":-21.2,"pX":0,"skY":0,"x":-31.6,"pY":0,"skX":0}},{"name":"sc/AS48029_9230","type":"image","transform":{"scX":1,"scY":1,"y":51.36,"pX":32.64,"skY":0,"x":16.28,"pY":54.96,"skX":0}},{"name":"sc/yyk","type":"image","transform":{"scX":1,"scY":1,"y":9.28,"pX":41.64,"skY":0,"x":25.12,"pY":19.8,"skX":0}},{"name":"sc/AS95411_64818","type":"image","transform":{"scX":1,"scY":1,"y":-40.76,"pX":0,"skY":0,"x":-43.64,"pY":0,"skX":0}}],"z":7,"name":25,"parent":25},{"display":[{"name":"sc/AS48029_9230","type":"image","transform":{"scX":1,"scY":1,"y":51.4,"pX":32.64,"skY":0,"x":16.24,"pY":54.96,"skX":0}},{"name":"sc/AS95411_64818","type":"image","transform":{"scX":1,"scY":1,"y":-40.76,"pX":0,"skY":0,"x":-43.56,"pY":0,"skX":0}},{"name":"sc/yyyyk","type":"image","transform":{"scX":1,"scY":1,"y":-0.04,"pX":49.04,"skY":0,"x":0,"pY":34.24,"skX":0}},{"name":"sc/yyk","type":"image","transform":{"scX":1,"scY":1,"y":9.12,"pX":41.64,"skY":0,"x":25.08,"pY":19.8,"skX":0}}],"z":8,"name":29,"parent":29},{"display":[{"name":"sc/AS95411_64818","type":"image","transform":{"scX":1,"scY":1,"y":-40.72,"pX":0,"skY":0,"x":-43.64,"pY":0,"skX":0}},{"name":"sc/xx2xx22","type":"image","transform":{"scX":1,"scY":1,"y":0,"pX":54,"skY":0,"x":0,"pY":56.8,"skX":0}},{"name":"sc/AS18500_32954","type":"image","transform":{"scX":1,"scY":1,"y":-59.2,"pX":0,"skY":0,"x":-34.04,"pY":0,"skX":0}},{"name":"sc/yyyyk","type":"image","transform":{"scX":1,"scY":1,"y":-0.04,"pX":49.04,"skY":0,"x":-0.04,"pY":34.24,"skX":0}},{"name":"sc/AS40118_87559","type":"image","transform":{"scX":1,"scY":1,"y":39.16,"pX":50.52,"skY":0,"x":0,"pY":78.36,"skX":0}}],"z":9,"name":31,"parent":31},{"display":[{"name":"sc/AS40118_87559","type":"image","transform":{"scX":1,"scY":1,"y":39.16,"pX":50.52,"skY":0,"x":0,"pY":78.36,"skX":0}},{"name":"sc/AS74036_15659","type":"image","transform":{"scX":1,"scY":1,"y":-9.6,"pX":0,"skY":0,"x":-38.2,"pY":0,"skX":0}},{"name":"sc/AS18500_32954","type":"image","transform":{"scX":1,"scY":1,"y":-59.2,"pX":0,"skY":0,"x":-33.92,"pY":0,"skX":0}}],"z":10,"name":34,"parent":34},{"display":[{"name":"sc/AS74036_15659","type":"image","transform":{"scX":1,"scY":1,"y":-9.6,"pX":0,"skY":0,"x":-38.04,"pY":0,"skX":0}},{"name":"sc/AS89528_28001","type":"armature","transform":{"scX":1,"scY":1,"y":23.6,"skY":0,"x":0,"skX":0}}],"z":11,"name":35,"parent":35},{"display":[{"name":"sc/AS89528_28001","type":"armature","transform":{"scX":1,"scY":1,"y":23.6,"skY":0,"x":0,"skX":0}},{"name":"sc/xx2xx16","type":"image","transform":{"scX":1,"scY":1,"y":0,"pX":179.2,"skY":0,"x":0,"pY":69.6,"skX":0}},{"name":"sc/xx2xx17","type":"image","transform":{"scX":1,"scY":1,"y":0,"pX":166,"skY":0,"x":0,"pY":70.4,"skX":0}},{"name":"sc/xx2xx19","type":"image","transform":{"scX":1,"scY":1,"y":0,"pX":154.8,"skY":0,"x":0,"pY":70.4,"skX":0}},{"name":"sc/xx2xx21","type":"image","transform":{"scX":1,"scY":1,"y":0,"pX":179.88,"skY":0,"x":0,"pY":120.68,"skX":0}},{"name":"sc/AS9617_33689","type":"image","transform":{"scX":1,"scY":1,"y":0,"pX":129.12,"skY":0,"x":0,"pY":39.44,"skX":0}},{"name":"sc/AS11751_26211","type":"armature","transform":{"scX":1,"scY":1,"y":74.68,"skY":0,"x":0,"skX":0}},{"name":"sc/AS13229_98360","type":"image","transform":{"scX":1,"scY":1,"y":0,"pX":111.2,"skY":0,"x":0,"pY":50.8,"skX":0}},{"name":"sc/AS44730_43988","type":"image","transform":{"scX":1,"scY":1,"y":0,"pX":122,"skY":0,"x":0,"pY":44,"skX":0}}],"z":12,"name":36,"parent":36},{"display":[{"name":"sc/AS11751_26211","type":"armature","transform":{"scX":1,"scY":1,"y":74.72,"skY":0,"x":0,"skX":0}},{"name":"sc/AS28730_60594","type":"armature","transform":{"scX":1,"scY":1,"y":7.88,"skY":0,"x":-3.2,"skX":0}},{"name":"sc/AS89480_95265","type":"image","transform":{"scX":1,"scY":1,"y":0,"pX":80.8,"skY":0,"x":0,"pY":43.6,"skX":0}},{"name":"sc/xx2xx17","type":"image","transform":{"scX":1,"scY":1,"y":0,"pX":166,"skY":0,"x":0,"pY":70.4,"skX":0}}],"z":13,"name":39,"parent":39},{"display":[{"name":"sc/AS28730_60594","type":"armature","transform":{"scX":1,"scY":1,"y":7.92,"skY":0,"x":-3.2,"skX":0}},{"name":"sc/AS45398_80350","type":"armature","transform":{"scX":1,"scY":1,"y":49.96,"skY":0,"x":-7.2,"skX":0}},{"name":"sc/xx2xx13","type":"image","transform":{"scX":1,"scY":1,"y":0,"pX":157.2,"skY":0,"x":0,"pY":64.4,"skX":0}}],"z":14,"name":"shou","parent":"shou"},{"display":[{"name":"sc/AS45398_80350","type":"armature","transform":{"scX":1,"scY":1,"y":50,"skY":0,"x":-7.16,"skX":0}},{"name":"sc/AS33629_78838","type":"image","transform":{"scX":1,"scY":1,"y":102.4,"pX":197.6,"skY":0,"x":-78.92,"pY":152.88,"skX":0}},{"name":"sc/232323","type":"image","transform":{"scX":1,"scY":1,"y":0,"pX":175.96,"skY":0,"x":0,"pY":57.2,"skX":0}},{"name":"sc/xx2xx13","type":"image","transform":{"scX":1,"scY":1,"y":0,"pX":157.2,"skY":0,"x":0,"pY":64.4,"skX":0}},{"name":"sc/xx2xx9","type":"image","transform":{"scX":1,"scY":1,"y":0,"pX":167.6,"skY":0,"x":0,"pY":128.8,"skX":0}},{"name":"sc/xx2xx20","type":"image","transform":{"scX":1,"scY":1,"y":0,"pX":164,"skY":0,"x":0,"pY":61.6,"skX":0}}],"z":15,"name":"dao","parent":"dao"},{"display":[{"name":"sc/AS33629_78838","type":"image","transform":{"scX":1,"scY":1,"y":102.44,"pX":197.6,"skY":0,"x":-79,"pY":152.88,"skX":0}},{"name":"sc/AS35165_74429","type":"image","transform":{"scX":1,"scY":1,"y":-26.12,"pX":0,"skY":0,"x":-29.92,"pY":0,"skX":0}},{"name":"sc/xx2xx6","type":"image","transform":{"scX":1,"scY":1,"y":0,"pX":157.2,"skY":0,"x":0,"pY":161.6,"skX":0}},{"name":"sc/xx2xx14","type":"image","transform":{"scX":1,"scY":1,"y":0,"pX":130.4,"skY":0,"x":0,"pY":146.8,"skX":0}},{"name":"sc/xx2xx18","type":"image","transform":{"scX":1,"scY":1,"y":0,"pX":144.8,"skY":0,"x":0,"pY":160.8,"skX":0}},{"name":"sc/xx2xx15","type":"image","transform":{"scX":1,"scY":1,"y":0,"pX":152,"skY":0,"x":0,"pY":153.6,"skX":0}},{"name":"sc/xx2xx7","type":"image","transform":{"scX":1,"scY":1,"y":0,"pX":216.8,"skY":0,"x":0,"pY":149.6,"skX":0}},{"name":"sc/xx2xx10","type":"image","transform":{"scX":1,"scY":1,"y":0,"pX":182.4,"skY":0,"x":0,"pY":160.8,"skX":0}},{"name":"sc/xx2xx8","type":"image","transform":{"scX":1,"scY":1,"y":0,"pX":200,"skY":0,"x":0,"pY":152.8,"skX":0}},{"name":"sc/xx2xx11","type":"image","transform":{"scX":1,"scY":1,"y":0,"pX":173.2,"skY":0,"x":0,"pY":158.8,"skX":0}}],"z":16,"name":"youbi jian","parent":"youbi jian"},{"display":[{"name":"sc/AS39192_11026","type":"armature","transform":{"scX":1,"scY":1,"y":35.4,"skY":0,"x":0.08,"skX":0}},{"name":"sc/AS45925_9393","type":"image","transform":{"scX":1,"scY":1,"y":-28.44,"pX":0,"skY":0,"x":-26.88,"pY":0,"skX":0}},{"name":"sc/AS33629_78838","type":"image","transform":{"scX":1,"scY":1,"y":102.32,"pX":197.6,"skY":0,"x":-78.92,"pY":152.88,"skX":0}}],"z":17,"name":44,"parent":44},{"display":[{"name":"sc/AS43233_64112","type":"image","transform":{"scX":1,"scY":1,"y":55.16,"pX":35.24,"skY":0,"x":0,"pY":110.4,"skX":0}},{"name":"sc/xx2xx12","type":"image","transform":{"scX":1,"scY":1,"y":0,"pX":62.36,"skY":0,"x":0,"pY":48.04,"skX":0}},{"name":"sc/AS13163_15348","type":"image","transform":{"scX":1,"scY":1,"y":-23.12,"pX":0,"skY":0,"x":-25.96,"pY":0,"skX":0}},{"name":"sc/AS45398_80350","type":"armature","transform":{"scX":1,"scY":1,"y":49.88,"skY":0,"x":-7.08,"skX":0}}],"z":18,"name":45,"parent":45},{"display":[{"name":"sc/AS13163_15348","type":"image","transform":{"scX":1,"scY":1,"y":-23.16,"pX":0,"skY":0,"x":-25.92,"pY":0,"skX":0}},{"name":"sc/xx2xx1","type":"image","transform":{"scX":1,"scY":1,"y":0,"pX":25.48,"skY":0,"x":0,"pY":32.12,"skX":0}},{"name":"sc/232323","type":"image","transform":{"scX":1,"scY":1,"y":0,"pX":175.96,"skY":0,"x":0,"pY":57.2,"skX":0}},{"name":"sc/xx2xx5","type":"image","transform":{"scX":1,"scY":1,"y":0,"pX":179.2,"skY":0,"x":0,"pY":28.4,"skX":0}},{"name":"sc/AS43233_64112","type":"image","transform":{"scX":1,"scY":1,"y":55.24,"pX":35.24,"skY":0,"x":0.08,"pY":110.4,"skX":0}},{"name":"sc/AS39192_11026","type":"armature","transform":{"scX":1,"scY":1,"y":35.4,"skY":0,"x":0,"skX":0}}],"z":19,"name":46,"parent":46},{"display":[{"name":"sc/AS61817_17035","type":"armature","transform":{"scX":1,"scY":1,"y":51.76,"skY":0,"x":-0.04,"skX":0}},{"name":"sc/xx2xx2","type":"image","transform":{"scX":1,"scY":1,"y":0,"pX":40,"skY":0,"x":0,"pY":31.2,"skX":0}},{"name":"sc/xx2xx3","type":"image","transform":{"scX":1,"scY":1,"y":0,"pX":43.6,"skY":0,"x":0,"pY":22.4,"skX":0}},{"name":"sc/xx2xx4","type":"image","transform":{"scX":1,"scY":1,"y":0,"pX":91.6,"skY":0,"x":0,"pY":114.4,"skX":0}},{"name":"sc/sdff","type":"image","transform":{"scX":1,"scY":1,"y":4,"pX":115.68,"skY":0,"x":49.6,"pY":86.28,"skX":0}}],"z":20,"name":420,"parent":420}],"name":"default"}],"name":"guaiwu003","bone":[{"transform":{"scX":0.41,"scY":0.48,"y":-154.92,"skY":-5.26,"x":87.76,"skX":-41.62},"name":18},{"transform":{"scX":-0.89,"scY":0.89,"y":-125.44,"skY":88.06,"x":78.52,"skX":88.06},"name":19},{"transform":{"scX":-1,"scY":1,"y":-152.8,"skY":23.77,"x":80.92,"skX":23.77},"name":21},{"transform":{"scX":1,"scY":1,"y":-110.04,"skY":3.99,"x":56.84,"skX":3.99},"name":22},{"transform":{"scX":1,"scY":1,"y":-53.6,"skY":0,"x":-25.88,"skX":0},"name":23},{"transform":{"scX":0.9,"scY":0.9,"y":-27.32,"skY":0,"x":-44.28,"skX":0},"name":24},{"transform":{"scX":1.2,"scY":1,"y":-64.64,"skY":-34.47,"x":30.84,"skX":-34.47},"name":26},{"transform":{"scX":1,"scY":1,"y":-11,"skY":0,"x":46.52,"skX":0},"name":25},{"transform":{"scX":0.75,"scY":1.17,"y":-91.08,"skY":0,"x":24.04,"skX":-17.7},"name":29},{"transform":{"scX":0.92,"scY":0.85,"y":-64.04,"skY":51.18,"x":-25.08,"skX":63.66},"name":31},{"transform":{"scX":1,"scY":1,"y":-129.04,"skY":0,"x":23.12,"skX":0},"name":34},{"transform":{"scX":1.04,"scY":1,"y":-91.56,"skY":1.05,"x":-1.8,"skX":1.05},"name":35},{"transform":{"scX":1,"scY":1,"y":-144.76,"skY":0,"x":86.4,"skX":0},"name":36},{"transform":{"scX":1,"scY":1,"y":-157.36,"skY":2.72,"x":-44.12,"skX":2.72},"name":39},{"transform":{"scX":1,"scY":1,"y":-191.72,"skY":0,"x":100.96,"skX":0},"name":"shou"},{"transform":{"scX":1,"scY":1,"y":-88.4,"skY":1.27,"x":35.84,"skX":1.27},"name":"dao"},{"transform":{"scX":1,"scY":1,"y":-100.24,"skY":25.21,"x":-77.32,"skX":25.21},"name":"youbi jian"},{"transform":{"scX":1,"scY":1,"y":-209.96,"skY":22.94,"x":-14.4,"skX":22.94},"name":44},{"transform":{"scX":1,"scY":1,"y":-165.08,"skY":23.24,"x":-34.12,"skX":23.24},"name":45},{"transform":{"scX":1,"scY":1,"y":-101.12,"skY":23.24,"x":-48.68,"skX":23.24},"name":46},{"transform":{"scX":1,"scY":1,"y":-207.4,"skY":24.23,"x":59.88,"skX":24.23},"name":420}]},{"animation":[{"duration":3,"name":"unnamed","autoTween":1,"loop":1,"timeline":[{"frame":[{"duration":3,"z":0,"transform":{"scX":1,"scY":1,"y":-51.6,"pX":0,"skY":0,"x":0.12,"pY":0,"skX":0}}],"scale":1,"name":"图层 1","offset":0}],"scale":1,"fadeInTime":0,"tweenEasing":null}],"skin":[{"slot":[{"display":[{"name":"sc/001","type":"image","transform":{"scX":1,"scY":1,"y":-52,"pX":0,"skY":0,"x":-63.2,"pY":0,"skX":0}}],"z":0,"name":"图层 1","parent":"图层 1"}],"name":"default"}],"name":"sc/AS61817_17035","bone":[{"transform":{"scX":1,"scY":1,"y":-51.6,"skY":0,"x":0.12,"skX":0},"name":"图层 1"}]},{"animation":[{"duration":3,"name":"unnamed","autoTween":1,"loop":1,"timeline":[{"frame":[{"duration":3,"z":0,"transform":{"scX":1,"scY":1,"y":-45.4,"pX":0,"skY":0,"x":0,"pY":0,"skX":0}}],"scale":1,"name":"图层 1","offset":0}],"scale":1,"fadeInTime":0,"tweenEasing":null}],"skin":[{"slot":[{"display":[{"name":"sc/005","type":"image","transform":{"scX":1,"scY":1,"y":-45.6,"pX":0,"skY":0,"x":-45.6,"pY":0,"skX":0}}],"z":0,"name":"图层 1","parent":"图层 1"}],"name":"default"}],"name":"sc/AS6668_56949","bone":[{"transform":{"scX":1,"scY":1,"y":-45.4,"skY":0,"x":0,"skX":0},"name":"图层 1"}]},{"animation":[{"duration":3,"name":"unnamed","autoTween":1,"loop":1,"timeline":[{"frame":[{"duration":3,"z":0,"transform":{"scX":1,"scY":1,"y":-35.12,"pX":0,"skY":0,"x":0.24,"pY":0,"skX":0}}],"scale":1,"name":"图层 1","offset":0}],"scale":1,"fadeInTime":0,"tweenEasing":null}],"skin":[{"slot":[{"display":[{"name":"sc/003","type":"image","transform":{"scX":1,"scY":1,"y":-35.6,"pX":0,"skY":0,"x":-55.6,"pY":0,"skX":0}}],"z":0,"name":"图层 1","parent":"图层 1"}],"name":"default"}],"name":"sc/AS39192_11026","bone":[{"transform":{"scX":1,"scY":1,"y":-35.12,"skY":0,"x":0.24,"skX":0},"name":"图层 1"}]},{"animation":[{"duration":3,"name":"unnamed","autoTween":1,"loop":1,"timeline":[{"frame":[{"duration":3,"z":0,"transform":{"scX":1,"scY":1,"y":-23.6,"pX":0,"skY":0,"x":0.12,"pY":0,"skX":0}}],"scale":1,"name":"图层 3","offset":0}],"scale":1,"fadeInTime":0,"tweenEasing":null}],"skin":[{"slot":[{"display":[{"name":"sc/008","type":"image","transform":{"scX":1,"scY":1,"y":-23.6,"pX":0,"skY":0,"x":-27.2,"pY":0,"skX":0}}],"z":0,"name":"图层 3","parent":"图层 3"}],"name":"default"}],"name":"sc/AS89528_28001","bone":[{"transform":{"scX":1,"scY":1,"y":-23.6,"skY":0,"x":0.12,"skX":0},"name":"图层 3"}]},{"animation":[{"duration":3,"name":"unnamed","autoTween":1,"loop":1,"timeline":[{"frame":[{"duration":3,"z":0,"transform":{"scX":1,"scY":1,"y":-74.6,"pX":0,"skY":0,"x":-0.16,"pY":0,"skX":0}}],"scale":1,"name":"图层 4","offset":0}],"scale":1,"fadeInTime":0,"tweenEasing":null}],"skin":[{"slot":[{"display":[{"name":"sc/004","type":"image","transform":{"scX":1,"scY":1,"y":-74.8,"pX":0,"skY":0,"x":-163.2,"pY":0,"skX":0}}],"z":0,"name":"图层 4","parent":"图层 4"}],"name":"default"}],"name":"sc/AS11751_26211","bone":[{"transform":{"scX":1,"scY":1,"y":-74.6,"skY":0,"x":-0.16,"skX":0},"name":"图层 4"}]},{"animation":[{"duration":3,"name":"unnamed","autoTween":1,"loop":1,"timeline":[{"frame":[{"duration":3,"z":0,"transform":{"scX":1,"scY":1,"y":-28.72,"pX":0,"skY":0,"x":0.2,"pY":0,"skX":0}}],"scale":1,"name":"图层 1","offset":0}],"scale":1,"fadeInTime":0,"tweenEasing":null}],"skin":[{"slot":[{"display":[{"name":"sc/AS35198_36533","type":"image","transform":{"scX":1,"scY":1,"y":-28.8,"pX":0,"skY":0,"x":-25.6,"pY":0,"skX":0}}],"z":0,"name":"图层 1","parent":"图层 1"}],"name":"default"}],"name":"sc/AS28730_60594","bone":[{"transform":{"scX":1,"scY":1,"y":-28.72,"skY":0,"x":0.2,"skX":0},"name":"图层 1"}]},{"animation":[{"duration":3,"name":"unnamed","autoTween":1,"loop":1,"timeline":[{"frame":[{"duration":3,"z":0,"transform":{"scX":1,"scY":1,"y":-25.64,"pX":0,"skY":0,"x":-1.32,"pY":0,"skX":0}}],"scale":1,"name":"图层 1","offset":0}],"scale":1,"fadeInTime":0,"tweenEasing":null}],"skin":[{"slot":[{"display":[{"name":"sc/222","type":"image","transform":{"scX":1,"scY":1,"y":-25.2,"pX":0,"skY":0,"x":-18.4,"pY":0,"skX":0}}],"z":0,"name":"图层 1","parent":"图层 1"}],"name":"default"}],"name":"sc/AS45398_80350","bone":[{"transform":{"scX":1,"scY":1,"y":-25.64,"skY":0,"x":-1.32,"skX":0},"name":"图层 1"}]}],"version":2.3}