{"imagePath":"texture.png","name":"guaiwu003","SubTexture":[{"height":45,"name":"sc/AS17648_38330","x":1888,"y":574,"width":56},{"height":72,"name":"sc/AS94706_53119","x":1936,"y":500,"width":78},{"height":43,"name":"sc/AS28701_43839","x":1806,"y":435,"width":53},{"height":35,"name":"sc/AS24053_98473","x":1998,"y":241,"width":45},{"height":43,"name":"sc/AS10002_36695","x":1981,"y":374,"width":64},{"height":40,"name":"sc/AS53258_97328","x":1998,"y":278,"width":37},{"height":96,"name":"sc/AS39431_57707","x":2000,"y":90,"width":45},{"height":56,"name":"sc/AS48029_9230","x":306,"y":423,"width":66},{"height":40,"name":"sc/yyk","x":722,"y":560,"width":84},{"height":82,"name":"sc/AS95411_64818","x":722,"y":476,"width":88},{"height":69,"name":"sc/yyyyk","x":306,"y":481,"width":99},{"height":114,"name":"sc/xx2xx22","x":1871,"y":295,"width":108},{"height":119,"name":"sc/AS18500_32954","x":306,"y":302,"width":68},{"height":79,"name":"sc/AS40118_87559","x":1936,"y":419,"width":92},{"height":20,"name":"sc/AS74036_15659","x":1946,"y":574,"width":76},{"height":140,"name":"sc/xx2xx16","x":808,"y":568,"width":359},{"height":141,"name":"sc/xx2xx17","x":398,"y":632,"width":332},{"height":141,"name":"sc/xx2xx19","x":0,"y":767,"width":310},{"height":242,"name":"sc/xx2xx21","x":836,"y":324,"width":360},{"height":80,"name":"sc/AS9617_33689","x":629,"y":828,"width":259},{"height":102,"name":"sc/AS13229_98360","x":1416,"y":856,"width":223},{"height":88,"name":"sc/AS44730_43988","x":1777,"y":852,"width":244},{"height":88,"name":"sc/AS89480_95265","x":1871,"y":0,"width":162},{"height":129,"name":"sc/xx2xx13","x":312,"y":775,"width":315},{"height":153,"name":"sc/AS33629_78838","x":0,"y":612,"width":396},{"height":116,"name":"sc/232323","x":732,"y":710,"width":352},{"height":258,"name":"sc/xx2xx9","x":1205,"y":320,"width":336},{"height":124,"name":"sc/xx2xx20","x":1086,"y":732,"width":328},{"height":52,"name":"sc/AS35165_74429","x":1981,"y":320,"width":60},{"height":324,"name":"sc/xx2xx6","x":1554,"y":0,"width":315},{"height":294,"name":"sc/xx2xx14","x":1543,"y":326,"width":261},{"height":322,"name":"sc/xx2xx18","x":430,"y":308,"width":290},{"height":308,"name":"sc/xx2xx15","x":0,"y":302,"width":304},{"height":300,"name":"sc/xx2xx7","x":0,"y":0,"width":434},{"height":322,"name":"sc/xx2xx10","x":838,"y":0,"width":365},{"height":306,"name":"sc/xx2xx8","x":436,"y":0,"width":400},{"height":318,"name":"sc/xx2xx11","x":1205,"y":0,"width":347},{"height":57,"name":"sc/AS45925_9393","x":1806,"y":326,"width":54},{"height":111,"name":"sc/AS43233_64112","x":1863,"y":411,"width":71},{"height":97,"name":"sc/xx2xx12","x":1871,"y":196,"width":125},{"height":47,"name":"sc/AS13163_15348","x":374,"y":429,"width":52},{"height":65,"name":"sc/xx2xx1","x":376,"y":302,"width":52},{"height":57,"name":"sc/xx2xx5","x":1416,"y":797,"width":359},{"height":63,"name":"sc/xx2xx2","x":1806,"y":524,"width":80},{"height":45,"name":"sc/xx2xx3","x":306,"y":552,"width":88},{"height":229,"name":"sc/xx2xx4","x":1806,"y":621,"width":184},{"height":173,"name":"sc/sdff","x":1498,"y":622,"width":232},{"height":104,"name":"sc/001","x":1871,"y":90,"width":127},{"height":92,"name":"sc/005","x":722,"y":382,"width":92},{"height":72,"name":"sc/003","x":722,"y":308,"width":112},{"height":48,"name":"sc/008","x":1806,"y":385,"width":55},{"height":150,"name":"sc/004","x":1169,"y":580,"width":327},{"height":58,"name":"sc/AS35198_36533","x":376,"y":369,"width":52},{"height":51,"name":"sc/222","x":2000,"y":188,"width":37}]}