{"version":2.3,"armature":[{"animation":[{"loop":1,"name":"jineng2","tweenEasing":null,"duration":63,"autoTween":1,"fadeInTime":0,"scale":1,"timeline":[{"name":10,"offset":0,"scale":1,"frame":[{"duration":9,"displayIndex":-1},{"z":0,"duration":2,"transform":{"pX":0,"scY":4,"skX":0,"pY":0,"y":-4.8,"skY":0,"scX":4,"x":31.16}},{"z":0,"duration":2,"displayIndex":1,"transform":{"pX":0,"scY":4,"skX":0,"pY":0,"y":-6.56,"skY":0,"scX":4,"x":47.08}},{"z":0,"duration":2,"displayIndex":2,"transform":{"pX":0,"scY":4,"skX":0,"pY":0,"y":-5.84,"skY":0,"scX":4,"x":71.8}},{"z":0,"duration":2,"transform":{"pX":0,"scY":5.41,"skX":0,"pY":0,"y":-4,"skY":0,"scX":5.41,"x":61.72}},{"z":0,"duration":2,"displayIndex":1,"transform":{"pX":0,"scY":5.17,"skX":0,"pY":0,"y":-6.56,"skY":0,"scX":5.17,"x":79.2}},{"z":0,"duration":2,"displayIndex":2,"transform":{"pX":0,"scY":4.73,"skX":0,"pY":0,"y":-5.84,"skY":0,"scX":4.73,"x":107.8}},{"z":0,"duration":2,"transform":{"pX":0,"scY":5.83,"skX":0,"pY":0,"y":-4,"skY":0,"scX":5.83,"x":95.2}},{"z":0,"duration":2,"displayIndex":1,"transform":{"pX":0,"scY":5.21,"skX":0,"pY":0,"y":-7.36,"skY":0,"scX":5.21,"x":116.04}},{"z":0,"duration":2,"displayIndex":2,"transform":{"pX":0,"scY":4.6,"skX":0,"pY":0,"y":-5.84,"skY":0,"scX":4.6,"x":144.6}},{"z":0,"duration":2,"transform":{"pX":0,"scY":6,"skX":0,"pY":0,"y":-5.16,"skY":0,"scX":6,"x":130.36}},{"z":0,"duration":2,"displayIndex":1,"transform":{"pX":0,"scY":5.43,"skX":0,"pY":0,"y":-10.56,"skY":0,"scX":5.43,"x":150.48}},{"duration":7,"displayIndex":-1},{"z":0,"duration":11,"displayIndex":3,"transform":{"pX":0,"scY":2,"skX":0,"pY":0,"y":47.36,"skY":0,"scX":2,"x":370.96}},{"z":0,"duration":6,"displayIndex":3,"transform":{"pX":0,"scY":2,"skX":0,"pY":0,"y":47.36,"skY":0,"scX":2,"x":370.96},"tweenEasing":0},{"colorTransform":{"gM":100,"rO":0,"aO":0,"aM":0,"bM":100,"gO":0,"rM":100,"bO":0},"z":0,"duration":1,"transform":{"pX":0,"scY":2,"skX":0,"pY":0,"y":47.36,"skY":0,"scX":2,"x":370.96},"displayIndex":3},{"duration":7,"displayIndex":-1}]},{"name":11,"offset":0,"scale":1,"frame":[{"duration":10,"displayIndex":-1},{"z":1,"duration":2,"transform":{"pX":0,"scY":4,"skX":0,"pY":0,"y":-54.52,"skY":0,"scX":4,"x":29.6}},{"z":1,"duration":2,"displayIndex":1,"transform":{"pX":0,"scY":4,"skX":0,"pY":0,"y":-159.52,"skY":0,"scX":4,"x":104.8}},{"z":1,"duration":1,"displayIndex":2,"transform":{"pX":0,"scY":4,"skX":0,"pY":0,"y":-351.52,"skY":0,"scX":4,"x":-2.4}},{"duration":48,"displayIndex":-1}]},{"name":23,"offset":0,"scale":1,"frame":[{"duration":10,"displayIndex":-1},{"z":2,"duration":1,"transform":{"pX":0,"scY":4,"skX":0,"pY":0,"y":-156.84,"skY":0,"scX":4,"x":75.48}},{"z":2,"duration":1,"displayIndex":1,"transform":{"pX":0,"scY":4,"skX":0,"pY":0,"y":-161.64,"skY":0,"scX":4,"x":106.48}},{"z":2,"duration":1,"displayIndex":2,"transform":{"pX":0,"scY":4,"skX":0,"pY":0,"y":-188.52,"skY":0,"scX":4,"x":104}},{"z":2,"duration":2,"displayIndex":3,"transform":{"pX":0,"scY":4,"skX":0,"pY":0,"y":-323.32,"skY":0,"scX":4,"x":-21.56}},{"duration":2,"displayIndex":-1},{"z":2,"duration":1,"displayIndex":4,"transform":{"pX":0,"scY":4,"skX":0,"pY":0,"y":-146.24,"skY":0,"scX":4,"x":152.28}},{"z":2,"duration":1,"displayIndex":5,"transform":{"pX":0,"scY":4,"skX":0,"pY":0,"y":-109.44,"skY":0,"scX":4,"x":163.72}},{"z":2,"duration":1,"displayIndex":6,"transform":{"pX":0,"scY":4,"skX":0,"pY":0,"y":-170.24,"skY":0,"scX":4,"x":240.36}},{"z":2,"duration":1,"displayIndex":7,"transform":{"pX":0,"scY":4,"skX":0,"pY":0,"y":-201.64,"skY":0,"scX":4,"x":181.16}},{"z":2,"duration":1,"displayIndex":8,"transform":{"pX":0,"scY":4,"skX":0,"pY":0,"y":-236.92,"skY":0,"scX":4,"x":99.48}},{"z":2,"duration":1,"displayIndex":9,"transform":{"pX":0,"scY":4,"skX":0,"pY":0,"y":-343.08,"skY":0,"scX":4,"x":-42.96}},{"duration":15,"displayIndex":-1},{"z":2,"duration":2,"displayIndex":10,"transform":{"pX":0,"scY":4,"skX":0,"pY":0,"y":-181.44,"skY":0,"scX":4,"x":520.36}},{"z":2,"duration":2,"displayIndex":11,"transform":{"pX":0,"scY":4,"skX":0,"pY":0,"y":-172.44,"skY":0,"scX":4,"x":594.76}},{"z":2,"duration":2,"displayIndex":12,"transform":{"pX":0,"scY":4,"skX":0,"pY":0,"y":-185.24,"skY":0,"scX":4,"x":607.36}},{"z":2,"duration":2,"displayIndex":13,"transform":{"pX":0,"scY":4,"skX":0,"pY":0,"y":-176.64,"skY":0,"scX":4,"x":618.76}},{"duration":17,"displayIndex":-1}]}]}],"skin":[{"slot":[{"display":[{"type":"image","transform":{"pX":33.6,"scY":1,"skX":0,"pY":16,"y":0,"skY":0,"scX":1,"x":0},"name":"AS69338_54319/jiaoxiaguang001"},{"type":"image","transform":{"pX":40,"scY":1,"skX":0,"pY":18.4,"y":0,"skY":0,"scX":1,"x":0},"name":"AS69338_54319/jiaoxiaguang002"},{"type":"image","transform":{"pX":45.2,"scY":1,"skX":0,"pY":21.2,"y":0,"skY":0,"scX":1,"x":0},"name":"AS69338_54319/jiaoxiaguang003"},{"type":"image","transform":{"pX":22,"scY":1,"skX":0,"pY":14.8,"y":0,"skY":0,"scX":1,"x":0},"name":"AS69338_54319/llkk"}],"z":0,"name":10,"parent":10},{"display":[{"type":"image","transform":{"pX":92,"scY":1,"skX":0,"pY":38.4,"y":0,"skY":0,"scX":1,"x":0},"name":"AS69338_54319/xuedguang001"},{"type":"image","transform":{"pX":108,"scY":1,"skX":0,"pY":65.2,"y":0,"skY":0,"scX":1,"x":0},"name":"AS69338_54319/xuedguang002"},{"type":"image","transform":{"pX":71,"scY":1,"skX":0,"pY":17,"y":0,"skY":0,"scX":1,"x":0},"name":"AS69338_54319/xuedguang003"}],"z":1,"name":11,"parent":11},{"display":[{"type":"image","transform":{"pX":101.2,"scY":1,"skX":0,"pY":48.8,"y":0,"skY":0,"scX":1,"x":0},"name":"AS69338_54319/daoguang001"},{"type":"image","transform":{"pX":94.4,"scY":1,"skX":0,"pY":48.8,"y":0,"skY":0,"scX":1,"x":0},"name":"AS69338_54319/daoguang002"},{"type":"image","transform":{"pX":83.2,"scY":1,"skX":0,"pY":53.6,"y":0,"skY":0,"scX":1,"x":0},"name":"AS69338_54319/daoguang003"},{"type":"image","transform":{"pX":79.2,"scY":1,"skX":0,"pY":28,"y":0,"skY":0,"scX":1,"x":0},"name":"AS69338_54319/daoguang004"},{"type":"image","transform":{"pX":100,"scY":1,"skX":0,"pY":48.4,"y":0,"skY":0,"scX":1,"x":0},"name":"AS69338_54319/daoguang005"},{"type":"image","transform":{"pX":94.8,"scY":1,"skX":0,"pY":40.4,"y":0,"skY":0,"scX":1,"x":0},"name":"AS69338_54319/daoguang006"},{"type":"image","transform":{"pX":75.6,"scY":1,"skX":0,"pY":54,"y":0,"skY":0,"scX":1,"x":0},"name":"AS69338_54319/daoguang007"},{"type":"image","transform":{"pX":82.8,"scY":1,"skX":0,"pY":53.2,"y":0,"skY":0,"scX":1,"x":0},"name":"AS69338_54319/daoguang008"},{"type":"image","transform":{"pX":93.6,"scY":1,"skX":0,"pY":48.4,"y":0,"skY":0,"scX":1,"x":0},"name":"AS69338_54319/daoguang009"},{"type":"image","transform":{"pX":62,"scY":1,"skX":0,"pY":26,"y":0,"skY":0,"scX":1,"x":0},"name":"AS69338_54319/daoguang0010"},{"type":"image","transform":{"pX":43.2,"scY":1,"skX":0,"pY":65.6,"y":0,"skY":0,"scX":1,"x":0},"name":"AS69338_54319/baolie001"},{"type":"image","transform":{"pX":53.6,"scY":1,"skX":0,"pY":63.2,"y":0,"skY":0,"scX":1,"x":0},"name":"AS69338_54319/baolie002"},{"type":"image","transform":{"pX":54.4,"scY":1,"skX":0,"pY":65.2,"y":0,"skY":0,"scX":1,"x":0},"name":"AS69338_54319/baolie003"},{"type":"image","transform":{"pX":56.4,"scY":1,"skX":0,"pY":56,"y":0,"skY":0,"scX":1,"x":0},"name":"AS69338_54319/baolie004"}],"z":2,"name":23,"parent":23}],"name":"default"}],"bone":[{"name":10,"transform":{"scY":4,"skX":0,"y":-4.8,"skY":0,"scX":4,"x":31.16}},{"name":11,"transform":{"scY":4,"skX":0,"y":-54.52,"skY":0,"scX":4,"x":29.6}},{"name":23,"transform":{"scY":4,"skX":0,"y":-156.84,"skY":0,"scX":4,"x":75.48}}],"name":"guaiwu003_effect"}],"name":"guaiwu003_effect","frameRate":24}