{"imagePath":"texture.png","SubTexture":[{"y":248,"height":32,"width":68,"name":"AS69338_54319/jiaoxiaguang001","x":451},{"y":209,"height":37,"width":80,"name":"AS69338_54319/jiaoxiaguang002","x":503},{"y":246,"height":43,"width":91,"name":"AS69338_54319/jiaoxiaguang003","x":358},{"y":133,"height":30,"width":44,"name":"AS69338_54319/llkk","x":154},{"y":100,"height":77,"width":184,"name":"AS69338_54319/xuedguang001","x":592},{"y":0,"height":131,"width":216,"name":"AS69338_54319/xuedguang002","x":0},{"y":209,"height":35,"width":143,"name":"AS69338_54319/xuedguang003","x":358},{"y":0,"height":98,"width":203,"name":"AS69338_54319/daoguang001","x":218},{"y":0,"height":98,"width":189,"name":"AS69338_54319/daoguang002","x":625},{"y":99,"height":108,"width":167,"name":"AS69338_54319/daoguang003","x":423},{"y":208,"height":56,"width":159,"name":"AS69338_54319/daoguang004","x":813},{"y":0,"height":97,"width":200,"name":"AS69338_54319/daoguang005","x":423},{"y":100,"height":81,"width":190,"name":"AS69338_54319/daoguang006","x":218},{"y":133,"height":108,"width":152,"name":"AS69338_54319/daoguang007","x":0},{"y":99,"height":107,"width":166,"name":"AS69338_54319/daoguang008","x":816},{"y":0,"height":97,"width":188,"name":"AS69338_54319/daoguang009","x":816},{"y":243,"height":52,"width":124,"name":"AS69338_54319/daoguang0010","x":0},{"y":183,"height":132,"width":87,"name":"AS69338_54319/baolie001","x":269},{"y":179,"height":127,"width":108,"name":"AS69338_54319/baolie002","x":703},{"y":179,"height":131,"width":109,"name":"AS69338_54319/baolie003","x":592},{"y":183,"height":112,"width":113,"name":"AS69338_54319/baolie004","x":154}],"name":"guaiwu003_effect"}