{"frameRate":24,"armature":[{"animation":[{"loop":0,"duration":30,"fadeInTime":0,"scale":1,"autoTween":1,"tweenEasing":null,"name":"daiji"},{"loop":1,"duration":30,"fadeInTime":0,"scale":1,"autoTween":1,"tweenEasing":null,"name":"yidong"},{"loop":1,"duration":18,"fadeInTime":0,"scale":1,"autoTween":1,"tweenEasing":null,"name":"beiji"},{"loop":1,"duration":12,"fadeInTime":0,"scale":1,"autoTween":1,"tweenEasing":null,"name":"jifei"},{"loop":0,"duration":27,"fadeInTime":0,"scale":1,"autoTween":1,"tweenEasing":null,"name":"daodi"},{"loop":1,"duration":11,"fadeInTime":0,"scale":1,"autoTween":1,"tweenEasing":null,"name":"qishen"},{"loop":1,"duration":23,"fadeInTime":0,"timeline":[{"frame":[{"displayIndex":-1,"duration":10},{"transform":{"skY":0,"y":-206.85,"x":257.25,"scX":2.5,"pX":0,"scY":2.5,"skX":0,"pY":0},"duration":2,"z":7},{"displayIndex":-1,"duration":11}],"offset":0,"name":9,"scale":1},{"frame":[{"displayIndex":-1,"duration":12},{"transform":{"skY":0,"y":-207.15,"x":284,"scX":2.5,"pX":0,"scY":2.5,"skX":0,"pY":0},"duration":2,"z":8},{"displayIndex":-1,"duration":9}],"offset":0,"name":10,"scale":1},{"frame":[{"displayIndex":-1,"duration":14},{"transform":{"skY":0,"y":-183.6,"x":280.5,"scX":2.5,"pX":0,"scY":2.5,"skX":0,"pY":0},"duration":2,"z":9},{"displayIndex":-1,"duration":7}],"offset":0,"name":11,"scale":1}],"scale":1,"autoTween":0,"tweenEasing":null,"name":"gongji"},{"loop":1,"duration":41,"fadeInTime":0,"timeline":[{"frame":[{"displayIndex":-1,"duration":16},{"transform":{"skY":0,"y":1678.25,"x":6924.95,"scX":7.649414,"pX":0,"scY":7.649414,"skX":0,"pY":0},"duration":5,"z":0,"tweenEasing":0},{"transform":{"skY":0,"y":27.8,"x":25.7,"scX":0.141083,"pX":0.05,"scY":0.141083,"skX":0,"pY":-0.35},"duration":1,"z":0,"tweenEasing":0},{"displayIndex":-1,"duration":19}],"offset":0,"name":2,"scale":1},{"frame":[{"displayIndex":-1,"duration":18},{"transform":{"skY":0,"y":1597,"x":1286.4,"scX":4.112305,"pX":0,"scY":4.112305,"skX":0,"pY":0},"duration":1,"z":1,"colorTransform":{"bO":0,"aO":0,"bM":100,"aM":50,"rO":0,"rM":100,"gO":0,"gM":100}},{"transform":{"skY":0,"y":1199.55,"x":1313.6,"scX":4.112305,"pX":0.05,"scY":4.112305,"skX":0,"pY":0},"duration":7,"z":1},{"transform":{"skY":0,"y":1199.55,"x":1313.6,"scX":4.112305,"pX":0.05,"scY":4.112305,"skX":0,"pY":0},"duration":5,"z":1,"colorTransform":{"bO":0,"aO":0,"bM":100,"aM":80,"rO":0,"rM":100,"gO":0,"gM":100},"tweenEasing":0},{"transform":{"skY":0,"y":1199.55,"x":1313.6,"scX":4.112305,"pX":0.05,"scY":4.112305,"skX":0,"pY":0},"duration":1,"z":1,"colorTransform":{"bO":0,"aO":0,"bM":100,"aM":0,"rO":0,"rM":100,"gO":0,"gM":100}},{"displayIndex":-1,"duration":9}],"offset":0,"name":3,"scale":1},{"frame":[{"displayIndex":-1,"duration":16},{"transform":{"skY":0,"y":1085.85,"x":2545.3,"scX":3.739243,"pX":0,"scY":3.739243,"skX":0,"pY":0},"duration":1,"z":2},{"transform":{"skY":0,"y":2723.35,"x":2637.3,"scX":3.941406,"pX":12,"scY":3.941406,"skX":0,"pY":-400.45},"duration":3,"z":2,"tweenEasing":0},{"transform":{"skY":0,"y":1385.15,"x":1243.85,"scX":1.970703,"pX":12,"scY":1.970703,"skX":0,"pY":-400.4},"duration":1,"z":2,"tweenEasing":0},{"displayIndex":-1,"duration":20}],"offset":0,"name":4,"scale":1},{"frame":[{"displayIndex":-1,"duration":16},{"transform":{"skY":0,"y":966.15,"x":771.5,"scX":2.134949,"pX":0,"scY":2.134949,"skX":0,"pY":0},"duration":1,"z":3,"tweenEasing":0},{"transform":{"skY":0,"y":1017.8,"x":816.35,"scX":2.255966,"pX":-0.05,"scY":2.255966,"skX":0,"pY":0.05},"duration":2,"z":3,"tweenEasing":0},{"transform":{"skY":0,"y":1032.2,"x":828.75,"scX":2.360397,"pX":0,"scY":2.360397,"skX":0,"pY":0.05},"duration":2,"z":3},{"transform":{"skY":0,"y":887.25,"x":1469.4,"scX":3.479065,"pX":0,"scY":3.479065,"skX":0,"pY":0},"duration":1,"z":3,"displayIndex":1},{"transform":{"skY":0,"y":1091,"x":1638.7,"scX":4.068481,"pX":0,"scY":4.068481,"skX":0,"pY":0},"duration":1,"z":3,"displayIndex":2},{"displayIndex":-1,"duration":18}],"offset":0,"name":5,"scale":1},{"frame":[{"displayIndex":-1,"duration":1},{"transform":{"skY":0,"y":31.9,"x":-34.4,"scX":1.542282,"pX":0,"scY":1.542282,"skX":0,"pY":0},"duration":2,"z":4},{"transform":{"skY":0,"y":2.9,"x":21.55,"scX":3.855713,"pX":0,"scY":3.855713,"skX":0,"pY":0},"duration":2,"z":4,"displayIndex":1},{"transform":{"skY":0,"y":3.3,"x":60.35,"scX":3.855713,"pX":0,"scY":3.855713,"skX":0,"pY":0},"duration":2,"z":4,"displayIndex":2},{"transform":{"skY":0,"y":1.7,"x":46.7,"scX":3.855713,"pX":0,"scY":3.855713,"skX":0,"pY":0},"duration":2,"z":4,"displayIndex":3},{"transform":{"skY":0,"y":58.3,"x":38.95,"scX":3.855713,"pX":0,"scY":3.855713,"skX":0,"pY":0},"duration":2,"z":4,"displayIndex":4},{"transform":{"skY":0,"y":58.85,"x":39.7,"scX":3.855713,"pX":0,"scY":3.855713,"skX":0,"pY":0},"duration":2,"z":4,"displayIndex":5},{"transform":{"skY":0,"y":59.4,"x":39.35,"scX":3.855713,"pX":0,"scY":3.855713,"skX":0,"pY":0},"duration":2,"z":4,"displayIndex":6},{"displayIndex":-1,"duration":26}],"offset":0,"name":6,"scale":1},{"frame":[{"displayIndex":-1,"duration":2},{"transform":{"skY":0,"y":-170.6,"x":-34.4,"scX":3.855713,"pX":0,"scY":3.855713,"skX":0,"pY":0},"duration":2,"z":5},{"transform":{"skY":0,"y":-61.65,"x":-48.2,"scX":3.855713,"pX":0,"scY":3.855713,"skX":0,"pY":0},"duration":2,"z":5,"displayIndex":1},{"transform":{"skY":0,"y":-161.9,"x":-48.15,"scX":3.855713,"pX":0,"scY":3.855713,"skX":0,"pY":0},"duration":2,"z":5,"displayIndex":2},{"transform":{"skY":0,"y":-141.55,"x":-40.45,"scX":3.855713,"pX":0,"scY":3.855713,"skX":0,"pY":0},"duration":2,"z":5,"displayIndex":3},{"transform":{"skY":0,"y":-144.6,"x":-4.9,"scX":3.855713,"pX":0,"scY":3.855713,"skX":0,"pY":0},"duration":2,"z":5,"displayIndex":4},{"transform":{"skY":0,"y":-101.35,"x":43.7,"scX":3.855713,"pX":0,"scY":3.855713,"skX":0,"pY":0},"duration":2,"z":5,"displayIndex":5},{"transform":{"skY":0,"y":-81.3,"x":46.1,"scX":3.855713,"pX":0,"scY":3.855713,"skX":0,"pY":0},"duration":2,"z":5,"displayIndex":6},{"displayIndex":-1,"duration":25}],"offset":0,"name":7,"scale":1},{"frame":[{"displayIndex":-1,"duration":1},{"transform":{"skY":0,"y":-146.9,"x":432.75,"scX":0.771149,"pX":0,"scY":0.771149,"skX":0,"pY":0},"duration":2,"z":6},{"transform":{"skY":0,"y":-155,"x":354.7,"scX":3.855713,"pX":0,"scY":3.855713,"skX":0,"pY":0},"duration":2,"z":6,"displayIndex":1},{"transform":{"skY":0,"y":-266.3,"x":139.55,"scX":7.711411,"pX":0,"scY":7.711411,"skX":0,"pY":0},"duration":2,"z":6,"displayIndex":2},{"transform":{"skY":0,"y":-222.1,"x":49.45,"scX":7.380707,"pX":0,"scY":7.380707,"skX":0,"pY":0},"duration":2,"z":6,"displayIndex":3},{"transform":{"skY":0,"y":-113.45,"x":15.65,"scX":7.711411,"pX":0,"scY":7.711411,"skX":0,"pY":0},"duration":2,"z":6,"displayIndex":4},{"transform":{"skY":0,"y":4.15,"x":46.9,"scX":7.711411,"pX":0,"scY":7.711411,"skX":0,"pY":0},"duration":2,"z":6,"displayIndex":5},{"transform":{"skY":0,"y":-33.2,"x":-47.3,"scX":3.855713,"pX":0,"scY":3.855713,"skX":0,"pY":0},"duration":2,"z":6,"displayIndex":6},{"transform":{"skY":0,"y":-129.5,"x":-26.05,"scX":3.855713,"pX":0,"scY":3.855713,"skX":0,"pY":0},"duration":2,"z":6,"displayIndex":7},{"displayIndex":-1,"duration":24}],"offset":0,"name":8,"scale":1}],"scale":1,"autoTween":0,"tweenEasing":null,"name":"jineng"},{"loop":1,"duration":25,"fadeInTime":0,"scale":1,"autoTween":1,"tweenEasing":null,"name":"die"}],"bone":[{"transform":{"skY":0,"y":-206.85,"x":257.25,"scX":2.5,"scY":2.5,"skX":0},"name":9},{"transform":{"skY":0,"y":-207.15,"x":284,"scX":2.5,"scY":2.5,"skX":0},"name":10},{"transform":{"skY":0,"y":-183.6,"x":280.5,"scX":2.5,"scY":2.5,"skX":0},"name":11},{"transform":{"skY":0,"y":1678.25,"x":6924.95,"scX":7.649414,"scY":7.649414,"skX":0},"name":2},{"transform":{"skY":0,"y":1597,"x":1286.4,"scX":4.112305,"scY":4.112305,"skX":0},"name":3},{"transform":{"skY":0,"y":1085.85,"x":2545.3,"scX":3.739243,"scY":3.739243,"skX":0},"name":4},{"transform":{"skY":0,"y":966.15,"x":771.5,"scX":2.134949,"scY":2.134949,"skX":0},"name":5},{"transform":{"skY":0,"y":31.9,"x":-34.4,"scX":1.542282,"scY":1.542282,"skX":0},"name":6},{"transform":{"skY":0,"y":-170.6,"x":-34.4,"scX":3.855713,"scY":3.855713,"skX":0},"name":7},{"transform":{"skY":0,"y":-146.9,"x":432.75,"scX":0.771149,"scY":0.771149,"skX":0},"name":8}],"skin":[{"name":"default","slot":[{"parent":9,"display":[{"transform":{"skY":0,"y":0,"x":0,"scX":1,"pX":133,"scY":1,"skX":0,"pY":91},"type":"image","name":"AS69338_54319/AS68681_87488"}],"z":7,"name":9},{"parent":10,"display":[{"transform":{"skY":0,"y":0,"x":0,"scX":1,"pX":119.2,"scY":1,"skX":0,"pY":89.6},"type":"image","name":"AS69338_54319/AS39416_1003"}],"z":8,"name":10},{"parent":11,"display":[{"transform":{"skY":0,"y":0,"x":0,"scX":1,"pX":123.6,"scY":1,"skX":0,"pY":82},"type":"image","name":"AS69338_54319/AS34148_35757"}],"z":9,"name":11},{"parent":2,"display":[{"transform":{"skY":0,"y":-239.95,"x":-1003,"scX":1,"pX":0,"scY":1,"skX":0,"pY":0},"type":"image","name":"AS69338_54319/AS57139_647"}],"z":0,"name":2},{"parent":3,"display":[{"transform":{"skY":0,"y":-502,"x":-447.55,"scX":1,"pX":0,"scY":1,"skX":0,"pY":0},"type":"image","name":"AS69338_54319/AS16379_67104"}],"z":1,"name":3},{"parent":4,"display":[{"transform":{"skY":0,"y":-457,"x":-850,"scX":1,"pX":0,"scY":1,"skX":0,"pY":0},"type":"image","name":"AS69338_54319/AS59283_82571"}],"z":2,"name":4},{"parent":5,"display":[{"transform":{"skY":0,"y":-645.95,"x":-559.5,"scX":1,"pX":0,"scY":1,"skX":0,"pY":0},"type":"image","name":"AS69338_54319/AS51261_28892"},{"transform":{"skY":0,"y":-398.95,"x":-564.5,"scX":1,"pX":0,"scY":1,"skX":0,"pY":0},"type":"image","name":"AS69338_54319/AS20015_42050"},{"transform":{"skY":0,"y":-400,"x":-526.45,"scX":1,"pX":0,"scY":1,"skX":0,"pY":0},"type":"image","name":"AS69338_54319/AS90815_37907"}],"z":3,"name":5,"blendMode":"add"},{"parent":6,"display":[{"transform":{"skY":0,"y":0,"x":0,"scX":1,"pX":17.5,"scY":1,"skX":0,"pY":10.5},"type":"image","name":"AS69338_54319/AS26002_46820"},{"transform":{"skY":0,"y":0,"x":0,"scX":1,"pX":37,"scY":1,"skX":0,"pY":20},"type":"image","name":"AS69338_54319/AS73178_86351"},{"transform":{"skY":0,"y":0,"x":0,"scX":1,"pX":46.4,"scY":1,"skX":0,"pY":20},"type":"image","name":"AS69338_54319/AS24936_29925"},{"transform":{"skY":0,"y":0,"x":0,"scX":1,"pX":71.6,"scY":1,"skX":0,"pY":20},"type":"image","name":"AS69338_54319/AS63038_41971"},{"transform":{"skY":0,"y":0,"x":0,"scX":1,"pX":74,"scY":1,"skX":0,"pY":20.5},"type":"image","name":"AS69338_54319/AS93082_892"},{"transform":{"skY":0,"y":0,"x":0,"scX":1,"pX":74.8,"scY":1,"skX":0,"pY":20.4},"type":"image","name":"AS69338_54319/AS45612_72659"},{"transform":{"skY":0,"y":0,"x":0,"scX":1,"pX":74.8,"scY":1,"skX":0,"pY":20},"type":"image","name":"AS69338_54319/AS23751_5345"}],"z":4,"name":6},{"parent":7,"display":[{"transform":{"skY":0,"y":0,"x":0,"scX":1,"pX":95,"scY":1,"skX":0,"pY":93},"type":"image","name":"AS69338_54319/AS77851_1182"},{"transform":{"skY":0,"y":0,"x":0,"scX":1,"pX":90.8,"scY":1,"skX":0,"pY":77.6},"type":"image","name":"AS69338_54319/AS30719_42254"},{"transform":{"skY":0,"y":0,"x":0,"scX":1,"pX":82,"scY":1,"skX":0,"pY":84.5},"type":"image","name":"AS69338_54319/AS27715_89805"},{"transform":{"skY":0,"y":0,"x":0,"scX":1,"pX":82,"scY":1,"skX":0,"pY":85.6},"type":"image","name":"AS69338_54319/AS14804_62498"},{"transform":{"skY":0,"y":0,"x":0,"scX":1,"pX":82,"scY":1,"skX":0,"pY":86.4},"type":"image","name":"AS69338_54319/AS864_23513"},{"transform":{"skY":0,"y":0,"x":0,"scX":1,"pX":78.5,"scY":1,"skX":0,"pY":84.5},"type":"image","name":"AS69338_54319/AS13027_31641"},{"transform":{"skY":0,"y":0,"x":0,"scX":1,"pX":73.6,"scY":1,"skX":0,"pY":82.4},"type":"image","name":"AS69338_54319/AS6277_70198"}],"z":5,"name":7},{"parent":8,"display":[{"transform":{"skY":0,"y":0,"x":0,"scX":1,"pX":61,"scY":1,"skX":0,"pY":38},"type":"image","name":"AS69338_54319/AS22650_35299"},{"transform":{"skY":0,"y":0,"x":0,"scX":1,"pX":31,"scY":1,"skX":0,"pY":8},"type":"image","name":"AS69338_54319/AS4203_46938"},{"transform":{"skY":0,"y":0,"x":0,"scX":1,"pX":57,"scY":1,"skX":0,"pY":58.6},"type":"image","name":"AS69338_54319/AS64229_70852"},{"transform":{"skY":0,"y":0,"x":0,"scX":1,"pX":57,"scY":1,"skX":0,"pY":66.4},"type":"image","name":"AS69338_54319/AS96463_39190"},{"transform":{"skY":0,"y":0,"x":0,"scX":1,"pX":58.4,"scY":1,"skX":0,"pY":59.6},"type":"image","name":"AS69338_54319/AS71081_38981"},{"transform":{"skY":0,"y":0,"x":0,"scX":1,"pX":58.6,"scY":1,"skX":0,"pY":44.2},"type":"image","name":"AS69338_54319/AS73192_2527"},{"transform":{"skY":0,"y":0,"x":0,"scX":1,"pX":95.6,"scY":1,"skX":0,"pY":65.2},"type":"image","name":"AS69338_54319/AS78165_27926"},{"transform":{"skY":0,"y":0,"x":0,"scX":1,"pX":51.2,"scY":1,"skX":0,"pY":30},"type":"image","name":"AS69338_54319/AS65703_3016"}],"z":6,"name":8,"blendMode":"add"}]}],"name":"guaiwu002_effect"}],"version":2.3,"name":"guaiwu002_effect"}