{"name":"jineng2","armature":[{"animation":[{"loop":1,"autoTween":1,"scale":1,"fadeInTime":0,"name":"jineng2","timeline":[{"name":"图层 3","scale":1,"frame":[{"duration":52,"displayIndex":-1},{"duration":5,"tweenEasing":0,"z":0,"transform":{"scY":2,"skY":0,"pY":0,"skX":0,"pX":0,"scX":2,"y":-214.24,"x":5.45}},{"colorTransform":{"gM":100,"bO":0,"aO":0,"bM":100,"aM":0,"rO":0,"rM":100,"gO":0},"duration":1,"z":0,"transform":{"scY":2,"skY":0,"pY":0,"skX":0,"pX":0,"scX":2,"y":-268.24,"x":5.45}},{"duration":8,"displayIndex":-1}],"offset":0},{"name":"图层 2","scale":1,"frame":[{"duration":10,"displayIndex":-1},{"duration":2,"z":1,"transform":{"scY":2,"skY":0,"pY":0,"skX":0,"pX":0,"scX":2,"y":-70.79,"x":1.35}},{"duration":2,"z":1,"transform":{"scY":2,"skY":0,"pY":0,"skX":0,"pX":0,"scX":2,"y":-69.43,"x":17.1},"displayIndex":1},{"duration":2,"z":1,"transform":{"scY":2,"skY":0,"pY":0,"skX":0,"pX":0,"scX":2,"y":-71.68,"x":-16.2},"displayIndex":2},{"duration":2,"z":1,"transform":{"scY":2,"skY":0,"pY":0,"skX":0,"pX":0,"scX":2,"y":-81.27,"x":3.6},"displayIndex":3},{"duration":2,"z":1,"transform":{"scY":2,"skY":0,"pY":0,"skX":0,"pX":0,"scX":2,"y":-70.79,"x":-10.3},"displayIndex":4},{"duration":2,"z":1,"transform":{"scY":2,"skY":0,"pY":0,"skX":0,"pX":0,"scX":2,"y":-69.43,"x":-13.23},"displayIndex":5},{"duration":2,"z":1,"transform":{"scY":2,"skY":0,"pY":0,"skX":0,"pX":0,"scX":2,"y":-71.68,"x":-16.2},"displayIndex":6},{"duration":2,"z":1,"transform":{"scY":2,"skY":0,"pY":0,"skX":0,"pX":0,"scX":2,"y":-68.09,"x":-16.2},"displayIndex":7},{"duration":2,"z":1,"transform":{"scY":2,"skY":0,"pY":0,"skX":0,"pX":0,"scX":2,"y":-70.79,"x":1.35},"displayIndex":8},{"duration":2,"z":1,"transform":{"scY":2,"skY":0,"pY":0,"skX":0,"pX":0,"scX":2,"y":-72.81,"x":-2.07},"displayIndex":9},{"duration":2,"z":1,"transform":{"scY":2,"skY":0,"pY":0,"skX":0,"pX":0,"scX":2,"y":-71.68,"x":-2.29},"displayIndex":10},{"duration":2,"z":1,"transform":{"scY":2,"skY":0,"pY":0,"skX":0,"pX":0,"scX":2,"y":-68.09,"x":-10.35},"displayIndex":11},{"duration":2,"z":1,"transform":{"scY":2,"skY":0,"pY":0,"skX":0,"pX":0,"scX":2,"y":-70.79,"x":2.97},"displayIndex":12},{"duration":2,"z":1,"transform":{"scY":2,"skY":0,"pY":0,"skX":0,"pX":0,"scX":2,"y":-69.43,"x":2.25},"displayIndex":13},{"duration":2,"z":1,"transform":{"scY":2,"skY":0,"pY":0,"skX":0,"pX":0,"scX":2,"y":-71.68,"x":-16.2},"displayIndex":14},{"duration":2,"z":1,"transform":{"scY":2,"skY":0,"pY":0,"skX":0,"pX":0,"scX":2,"y":-71.06,"x":-9.13},"displayIndex":15},{"duration":2,"z":1,"transform":{"scY":2,"skY":0,"pY":0,"skX":0,"pX":0,"scX":2,"y":-70.79,"x":1.35},"displayIndex":16},{"duration":2,"z":1,"transform":{"scY":2,"skY":0,"pY":0,"skX":0,"pX":0,"scX":2,"y":-70.29,"x":6.03},"displayIndex":17},{"duration":2,"z":1,"transform":{"scY":2,"skY":0,"pY":0,"skX":0,"pX":0,"scX":2,"y":-90.76,"x":13.82},"displayIndex":18},{"duration":2,"z":1,"transform":{"scY":2,"skY":0,"pY":0,"skX":0,"pX":0,"scX":2,"y":-96.34,"x":10.35},"displayIndex":19},{"duration":2,"z":1,"transform":{"scY":2,"skY":0,"pY":0,"skX":0,"pX":0,"scX":2,"y":-121.55,"x":12.69},"displayIndex":20},{"duration":2,"z":1,"transform":{"scY":2,"skY":0,"pY":0,"skX":0,"pX":0,"scX":2,"y":-69.43,"x":2.25},"displayIndex":21},{"duration":2,"z":1,"transform":{"scY":2,"skY":0,"pY":0,"skX":0,"pX":0,"scX":2,"y":-71.68,"x":-16.2},"displayIndex":22},{"duration":2,"z":1,"transform":{"scY":2,"skY":0,"pY":0,"skX":0,"pX":0,"scX":2,"y":-68.09,"x":-20.7},"displayIndex":23},{"duration":2,"z":1,"transform":{"scY":2,"skY":0,"pY":0,"skX":0,"pX":0,"scX":2,"y":-68.09,"x":-20.7},"displayIndex":24},{"duration":2,"z":1,"transform":{"scY":2,"skY":0,"pY":0,"skX":0,"pX":0,"scX":2,"y":-70.79,"x":1.35},"displayIndex":25},{"duration":4,"displayIndex":-1}],"offset":0}],"duration":66,"tweenEasing":null},{"loop":1,"autoTween":1,"scale":1,"fadeInTime":0,"name":"jineng3","timeline":[{"name":"图层 3","scale":1,"frame":[{"duration":14,"displayIndex":-1},{"duration":1,"z":0,"transform":{"scY":1.8,"skY":4.11,"pY":0,"skX":0,"pX":0,"scX":1.68,"y":-94.9,"x":6.26},"displayIndex":1},{"duration":1,"z":0,"transform":{"scY":2,"skY":0,"pY":0,"skX":0,"pX":0,"scX":2,"y":-77.81,"x":-27.9},"displayIndex":1},{"duration":2,"z":0,"transform":{"scY":2,"skY":0,"pY":0,"skX":0,"pX":0,"scX":2,"y":-94.41,"x":-15.43},"displayIndex":2},{"duration":2,"z":0,"transform":{"scY":2,"skY":0,"pY":0,"skX":0,"pX":0,"scX":2,"y":-91.98,"x":-54.49},"displayIndex":3},{"duration":2,"z":0,"transform":{"scY":2,"skY":0,"pY":0,"skX":0,"pX":0,"scX":2,"y":-94.41,"x":-60.79},"displayIndex":4},{"duration":2,"z":0,"transform":{"scY":2,"skY":0,"pY":0,"skX":0,"pX":0,"scX":2,"y":-91.98,"x":-54.49},"displayIndex":3},{"duration":1,"z":0,"transform":{"scY":2,"skY":0,"pY":0,"skX":0,"pX":0,"scX":2,"y":-94.41,"x":-60.79},"displayIndex":4},{"duration":1,"z":0,"transform":{"scY":2,"skY":0,"pY":0,"skX":0,"pX":0,"scX":2,"y":-91.98,"x":-54.49},"displayIndex":3},{"duration":1,"z":0,"transform":{"scY":2,"skY":0,"pY":0,"skX":0,"pX":0,"scX":2,"y":-94.41,"x":-60.79},"displayIndex":4},{"duration":1,"z":0,"transform":{"scY":2,"skY":0,"pY":0,"skX":0,"pX":0,"scX":2,"y":-88.02,"x":-57.51},"displayIndex":5},{"duration":1,"z":0,"transform":{"scY":2,"skY":0,"pY":0,"skX":0,"pX":0,"scX":2,"y":-88.02,"x":18.5},"displayIndex":6},{"duration":1,"z":0,"transform":{"scY":2,"skY":0,"pY":0,"skX":0,"pX":0,"scX":2,"y":-85.54,"x":96.17},"displayIndex":7},{"duration":12,"displayIndex":-1}],"offset":0},{"name":"图层 2","scale":1,"frame":[{"duration":30,"displayIndex":-1},{"duration":1,"z":1,"transform":{"scY":2,"skY":0,"pY":0,"skX":0,"pX":0,"scX":2,"y":-145.21,"x":46.71},"displayIndex":26},{"duration":1,"z":1,"transform":{"scY":1.88,"skY":15,"pY":0,"skX":15,"pX":0,"scX":1.81,"y":-104.71,"x":-20.74},"displayIndex":27},{"duration":1,"z":1,"transform":{"scY":2,"skY":0,"pY":0,"skX":0,"pX":0,"scX":2,"y":-109.3,"x":2.66},"displayIndex":27},{"duration":1,"z":1,"transform":{"scY":2,"skY":0,"pY":0,"skX":0,"pX":0,"scX":2,"y":-162.49,"x":10.67},"displayIndex":28},{"duration":1,"z":1,"transform":{"scY":2.22,"skY":-3.47,"pY":0,"skX":-3.47,"pX":0,"scX":2.22,"y":-186.79,"x":30.02},"displayIndex":28},{"duration":2,"z":1,"transform":{"scY":2,"skY":0,"pY":0,"skX":0,"pX":0,"scX":2,"y":-192.91,"x":59.76},"displayIndex":29},{"duration":2,"z":1,"transform":{"scY":2,"skY":0,"pY":0,"skX":0,"pX":0,"scX":2,"y":-191.56,"x":81.68},"displayIndex":30},{"duration":2,"z":1,"transform":{"scY":2,"skY":0,"pY":0,"skX":0,"pX":0,"scX":2,"y":-213.43,"x":144.05},"displayIndex":31},{"duration":1,"displayIndex":-1}],"offset":0}],"duration":42,"tweenEasing":null},{"loop":1,"autoTween":1,"scale":1,"fadeInTime":0,"name":"jineng4","timeline":[{"name":"图层 3","scale":1,"frame":[{"duration":3,"displayIndex":-1},{"duration":2,"z":0,"transform":{"scY":2,"skY":0,"pY":0,"skX":0,"pX":0,"scX":2,"y":-3.11,"x":-16.42},"displayIndex":8},{"duration":2,"z":0,"transform":{"scY":2,"skY":0,"pY":0,"skX":0,"pX":0,"scX":2,"y":-93.6,"x":30.19},"displayIndex":9},{"duration":2,"z":0,"transform":{"scY":2,"skY":0,"pY":0,"skX":0,"pX":0,"scX":2,"y":-142.02,"x":29.34},"displayIndex":10},{"duration":2,"z":0,"transform":{"scY":2,"skY":0,"pY":0,"skX":0,"pX":0,"scX":2,"y":-136.44,"x":74.66},"displayIndex":11},{"duration":2,"z":0,"transform":{"scY":2,"skY":0,"pY":0,"skX":0,"pX":0,"scX":2,"y":-145.66,"x":38.39},"displayIndex":12},{"duration":2,"z":0,"transform":{"scY":2,"skY":0,"pY":0,"skX":0,"pX":0,"scX":2,"y":-142.74,"x":58.01},"displayIndex":13},{"colorTransform":{"gM":100,"bO":0,"aO":0,"bM":100,"aM":70,"rO":0,"rM":100,"gO":0},"duration":2,"z":0,"transform":{"scY":2,"skY":0,"pY":0,"skX":0,"pX":0,"scX":2,"y":-120.96,"x":90.27},"displayIndex":14},{"colorTransform":{"gM":100,"bO":0,"aO":0,"bM":100,"aM":30,"rO":0,"rM":100,"gO":0},"duration":2,"z":0,"transform":{"scY":2,"skY":0,"pY":0,"skX":0,"pX":0,"scX":2,"y":-122.8,"x":137.93},"displayIndex":15},{"duration":11,"displayIndex":-1}],"offset":0},{"name":"图层 2","scale":1,"frame":[{"duration":9,"displayIndex":-1},{"duration":2,"z":1,"transform":{"scY":1.55,"skY":-30,"pY":0,"skX":-30,"pX":0,"scX":1.55,"y":-25.11,"x":38.7},"displayIndex":32},{"duration":2,"z":1,"transform":{"scY":1.55,"skY":-30,"pY":0,"skX":-30,"pX":0,"scX":1.55,"y":-104.17,"x":34.88},"displayIndex":33},{"duration":2,"z":1,"transform":{"scY":1.55,"skY":-30,"pY":0,"skX":-30,"pX":0,"scX":1.55,"y":-136.4,"x":15.43},"displayIndex":34},{"duration":2,"z":1,"transform":{"scY":1.55,"skY":-30,"pY":0,"skX":-30,"pX":0,"scX":1.55,"y":-150.21,"x":48.11},"displayIndex":35},{"duration":2,"z":1,"transform":{"scY":1.55,"skY":-30,"pY":0,"skX":-30,"pX":0,"scX":1.55,"y":-142.33,"x":20.12},"displayIndex":36},{"duration":2,"z":1,"transform":{"scY":1.55,"skY":-30,"pY":0,"skX":-30,"pX":0,"scX":1.55,"y":-148.05,"x":34.52},"displayIndex":37},{"colorTransform":{"gM":100,"bO":0,"aO":0,"bM":100,"aM":70,"rO":0,"rM":100,"gO":0},"duration":2,"z":1,"transform":{"scY":1.55,"skY":-30,"pY":0,"skX":-30,"pX":0,"scX":1.55,"y":-145.89,"x":64.62},"displayIndex":38},{"colorTransform":{"gM":100,"bO":0,"aO":0,"bM":100,"aM":30,"rO":0,"rM":100,"gO":0},"duration":2,"z":1,"transform":{"scY":1.55,"skY":-30,"pY":0,"skX":-30,"pX":0,"scX":1.55,"y":-165.6,"x":95.99},"displayIndex":39},{"duration":5,"displayIndex":-1}],"offset":0}],"duration":30,"tweenEasing":null}],"skin":[{"name":"default","slot":[{"parent":"图层 3","name":"图层 3","z":0,"display":[{"name":"sucai/1_16-t-yuanjian- 30","type":"image","transform":{"scY":1,"skY":0,"pY":86.4,"skX":0,"pX":36,"scX":1,"y":0,"x":0}},{"name":"sucai/2_17-texiao-2","type":"image","transform":{"scY":1,"skY":0,"pY":22.5,"skX":0,"pX":104.85,"scX":1,"y":0,"x":0}},{"name":"sucai/2_17-texiao-3","type":"image","transform":{"scY":1,"skY":0,"pY":31.55,"skX":0,"pX":107.96,"scX":1,"y":0,"x":0}},{"name":"sucai/2_17-texiao-4","type":"image","transform":{"scY":1,"skY":0,"pY":48.15,"skX":0,"pX":137.7,"scX":1,"y":0,"x":0}},{"name":"sucai/2_17-texiao-5","type":"image","transform":{"scY":1,"skY":0,"pY":51.53,"skX":0,"pX":134.55,"scX":1,"y":0,"x":0}},{"name":"sucai/2_17-texiao-11","type":"image","transform":{"scY":1,"skY":0,"pY":46.35,"skX":0,"pX":118.13,"scX":1,"y":0,"x":0}},{"name":"sucai/2_17-texiao-12","type":"image","transform":{"scY":1,"skY":0,"pY":46.35,"skX":0,"pX":87.08,"scX":1,"y":0,"x":0}},{"name":"sucai/2_17-texiao-13","type":"image","transform":{"scY":1,"skY":0,"pY":26.55,"skX":0,"pX":57.38,"scX":1,"y":0,"x":0}},{"name":"sucai/new-yuanjian- 10","type":"image","transform":{"scY":1,"skY":0,"pY":20.03,"skX":0,"pX":65.03,"scX":1,"y":0,"x":0}},{"name":"sucai/new-new- yuanjian- 1","type":"image","transform":{"scY":1,"skY":0,"pY":90.45,"skX":0,"pX":112.73,"scX":1,"y":0,"x":0}},{"name":"sucai/new-yuanjian- 1","type":"image","transform":{"scY":1,"skY":0,"pY":108.68,"skX":0,"pX":106.65,"scX":1,"y":0.05,"x":0}},{"name":"sucai/new-yuanjian- 2","type":"image","transform":{"scY":1,"skY":0,"pY":118.35,"skX":0,"pX":141.3,"scX":1,"y":0,"x":0}},{"name":"sucai/new-yuanjian- 3","type":"image","transform":{"scY":1,"skY":0,"pY":118.53,"skX":0,"pX":93.42,"scX":1,"y":0,"x":0}},{"name":"sucai/new-yuanjian- 4","type":"image","transform":{"scY":1,"skY":0,"pY":118.58,"skX":0,"pX":78.93,"scX":1,"y":0,"x":0}},{"name":"sucai/new-yuanjian- 5","type":"image","transform":{"scY":1,"skY":0,"pY":110.7,"skX":0,"pX":101.93,"scX":1,"y":0,"x":0}},{"name":"sucai/new-yuanjian- 6","type":"image","transform":{"scY":1,"skY":0,"pY":111.38,"skX":0,"pX":78.08,"scX":1,"y":0,"x":0}}]},{"parent":"图层 2","name":"图层 2","z":1,"display":[{"name":"sucai/1_16-t-yuanjian- 20","type":"image","transform":{"scY":1,"skY":0,"pY":73.8,"skX":0,"pX":96.3,"scX":1,"y":0,"x":0}},{"name":"sucai/1_16-t-yuanjian- 21","type":"image","transform":{"scY":1,"skY":0,"pY":70.88,"skX":0,"pX":105.08,"scX":1,"y":0,"x":0}},{"name":"sucai/1_16-t-yuanjian- 31","type":"image","transform":{"scY":1,"skY":0,"pY":75.15,"skX":0,"pX":102.38,"scX":1,"y":0,"x":0}},{"name":"sucai/1_16-t-yuanjian- 32","type":"image","transform":{"scY":1,"skY":0,"pY":66.02,"skX":0,"pX":130.95,"scX":1,"y":0,"x":0}},{"name":"sucai/1_16-t-yuanjian- 33","type":"image","transform":{"scY":1,"skY":0,"pY":73.8,"skX":0,"pX":103.28,"scX":1,"y":0,"x":0}},{"name":"sucai/1_16-t-yuanjian- 34","type":"image","transform":{"scY":1,"skY":0,"pY":70.11,"skX":0,"pX":130.64,"scX":1,"y":0,"x":0}},{"name":"sucai/1_16-t-yuanjian- 35","type":"image","transform":{"scY":1,"skY":0,"pY":75.15,"skX":0,"pX":102.38,"scX":1,"y":0,"x":0}},{"name":"sucai/1_16-t-yuanjian- 36","type":"image","transform":{"scY":1,"skY":0,"pY":74.25,"skX":0,"pX":104.18,"scX":1,"y":0,"x":0}},{"name":"sucai/1_16-t-yuanjian- 37","type":"image","transform":{"scY":1,"skY":0,"pY":73.8,"skX":0,"pX":96.3,"scX":1,"y":0,"x":0}},{"name":"sucai/1_16-t-yuanjian- 38","type":"image","transform":{"scY":1,"skY":0,"pY":72.68,"skX":0,"pX":104.72,"scX":1,"y":0,"x":0}},{"name":"sucai/1_16-t-yuanjian- 39","type":"image","transform":{"scY":1,"skY":0,"pY":75.15,"skX":0,"pX":118.98,"scX":1,"y":0,"x":0}},{"name":"sucai/1_16-t-yuanjian- 40","type":"image","transform":{"scY":1,"skY":0,"pY":74.25,"skX":0,"pX":107.1,"scX":1,"y":0,"x":0}},{"name":"sucai/1_16-t-yuanjian- 41","type":"image","transform":{"scY":1,"skY":0,"pY":73.8,"skX":0,"pX":109.04,"scX":1,"y":0,"x":0}},{"name":"sucai/1_16-t-yuanjian- 42","type":"image","transform":{"scY":1,"skY":0,"pY":70.88,"skX":0,"pX":97.65,"scX":1,"y":0,"x":0}},{"name":"sucai/1_16-t-yuanjian- 43","type":"image","transform":{"scY":1,"skY":0,"pY":75.15,"skX":0,"pX":102.38,"scX":1,"y":0,"x":0}},{"name":"sucai/1_16-t-yuanjian- 44","type":"image","transform":{"scY":1,"skY":0,"pY":75.6,"skX":0,"pX":108.36,"scX":1,"y":0,"x":0}},{"name":"sucai/1_16-t-yuanjian- 45","type":"image","transform":{"scY":1,"skY":0,"pY":73.8,"skX":0,"pX":96.3,"scX":1,"y":0,"x":0}},{"name":"sucai/1_16-t-yuanjian- 46","type":"image","transform":{"scY":1,"skY":0,"pY":71.33,"skX":0,"pX":103.37,"scX":1,"y":0,"x":0}},{"name":"sucai/1_16-t-yuanjian- 47","type":"image","transform":{"scY":1,"skY":0,"pY":65.75,"skX":0,"pX":119.84,"scX":1,"y":0,"x":0}},{"name":"sucai/1_16-t-yuanjian- 48","type":"image","transform":{"scY":1,"skY":0,"pY":88.2,"skX":0,"pX":117.45,"scX":1,"y":0,"x":0}},{"name":"sucai/1_16-t-yuanjian- 49","type":"image","transform":{"scY":1,"skY":0,"pY":99,"skX":0,"pX":122,"scX":1,"y":0,"x":0}},{"name":"sucai/1_16-t-yuanjian- 50","type":"image","transform":{"scY":1,"skY":0,"pY":70.88,"skX":0,"pX":97.65,"scX":1,"y":0,"x":0}},{"name":"sucai/1_16-t-yuanjian- 51","type":"image","transform":{"scY":1,"skY":0,"pY":75.15,"skX":0,"pX":102.38,"scX":1,"y":0,"x":0}},{"name":"sucai/1_16-t-yuanjian- 52","type":"image","transform":{"scY":1,"skY":0,"pY":74.25,"skX":0,"pX":101.93,"scX":1,"y":0,"x":0}},{"name":"sucai/1_16-t-yuanjian- 53","type":"image","transform":{"scY":1,"skY":0,"pY":74.25,"skX":0,"pX":86.4,"scX":1,"y":0,"x":0}},{"name":"sucai/1_16-t-yuanjian- 54","type":"image","transform":{"scY":1,"skY":0,"pY":73.8,"skX":0,"pX":96.3,"scX":1,"y":0,"x":0}},{"name":"sucai/2_17-texiao-20","type":"image","transform":{"scY":1,"skY":0,"pY":-33.48,"skX":0,"pX":101.03,"scX":1,"y":0,"x":0}},{"name":"sucai/2_17-texiao-22","type":"image","transform":{"scY":1,"skY":0,"pY":59.18,"skX":0,"pX":75.15,"scX":1,"y":0,"x":0}},{"name":"sucai/2_17-texiao-23","type":"image","transform":{"scY":1,"skY":0,"pY":96.12,"skX":0,"pX":81.86,"scX":1,"y":0,"x":0}},{"name":"sucai/2_17-texiao-25","type":"image","transform":{"scY":1,"skY":0,"pY":107.1,"skX":0,"pX":88.38,"scX":1,"y":0,"x":0}},{"name":"sucai/2_17-texiao-26","type":"image","transform":{"scY":1,"skY":0,"pY":107.55,"skX":0,"pX":84.06,"scX":1,"y":0,"x":0}},{"name":"sucai/2_17-texiao-27","type":"image","transform":{"scY":1,"skY":0,"pY":93.15,"skX":0,"pX":39.64,"scX":1,"y":0,"x":0}},{"name":"sucai/new-yuanjian- 10","type":"image","transform":{"scY":1,"skY":0,"pY":20.03,"skX":0,"pX":65.03,"scX":1,"y":0,"x":0}},{"name":"sucai/new-new- yuanjian- 1","type":"image","transform":{"scY":1,"skY":0,"pY":90.45,"skX":0,"pX":112.73,"scX":1,"y":0,"x":0}},{"name":"sucai/new-yuanjian- 1","type":"image","transform":{"scY":1,"skY":0,"pY":108.68,"skX":0,"pX":106.65,"scX":1,"y":0.05,"x":0.05}},{"name":"sucai/new-yuanjian- 2","type":"image","transform":{"scY":1,"skY":0,"pY":118.35,"skX":0,"pX":141.3,"scX":1,"y":0,"x":0}},{"name":"sucai/new-yuanjian- 3","type":"image","transform":{"scY":1,"skY":0,"pY":118.53,"skX":0,"pX":93.42,"scX":1,"y":0,"x":0}},{"name":"sucai/new-yuanjian- 4","type":"image","transform":{"scY":1,"skY":0,"pY":118.58,"skX":0,"pX":78.93,"scX":1,"y":0,"x":0}},{"name":"sucai/new-yuanjian- 5","type":"image","transform":{"scY":1,"skY":0,"pY":110.7,"skX":0,"pX":101.93,"scX":1,"y":0,"x":0}},{"name":"sucai/new-yuanjian- 6","type":"image","transform":{"scY":1,"skY":0,"pY":111.38,"skX":0,"pX":78.08,"scX":1,"y":0,"x":0}}]}]}],"bone":[{"name":"图层 3","transform":{"scY":2,"skY":0,"skX":0,"scX":2,"y":-3.11,"x":-16.42}},{"name":"图层 2","transform":{"scY":1.55,"skY":-30,"skX":-30,"scX":1.55,"y":-25.11,"x":38.7}}],"name":"jineng2"}],"frameRate":24,"version":2.3}