{"imagePath":"texture.png","name":"jineng2","SubTexture":[{"width":72,"name":"sucai/1_16-t-yuanjian- 30","height":173,"y":220,"x":1034},{"width":195,"name":"sucai/2_17-texiao-2","height":45,"y":691,"x":1514},{"width":191,"name":"sucai/2_17-texiao-3","height":66,"y":689,"x":1203},{"width":267,"name":"sucai/2_17-texiao-4","height":97,"y":292,"x":1319},{"width":270,"name":"sucai/2_17-texiao-5","height":104,"y":370,"x":1774},{"width":237,"name":"sucai/2_17-texiao-11","height":93,"y":594,"x":817},{"width":175,"name":"sucai/2_17-texiao-12","height":93,"y":689,"x":780},{"width":116,"name":"sucai/2_17-texiao-13","height":54,"y":689,"x":1396},{"width":98,"name":"sucai/new-yuanjian- 10","height":51,"y":692,"x":195},{"width":226,"name":"sucai/new-new- yuanjian- 1","height":181,"y":0,"x":1595},{"width":214,"name":"sucai/new-yuanjian- 1","height":218,"y":0,"x":900},{"width":246,"name":"sucai/new-yuanjian- 2","height":237,"y":0,"x":0},{"width":208,"name":"sucai/new-yuanjian- 3","height":238,"y":0,"x":248},{"width":196,"name":"sucai/new-yuanjian- 4","height":238,"y":0,"x":458},{"width":205,"name":"sucai/new-yuanjian- 5","height":222,"y":0,"x":1116},{"width":157,"name":"sucai/new-yuanjian- 6","height":224,"y":220,"x":875},{"width":193,"name":"sucai/1_16-t-yuanjian- 20","height":135,"y":615,"x":1719},{"width":194,"name":"sucai/1_16-t-yuanjian- 21","height":143,"y":581,"x":393},{"width":206,"name":"sucai/1_16-t-yuanjian- 31","height":151,"y":394,"x":208},{"width":270,"name":"sucai/1_16-t-yuanjian- 32","height":148,"y":0,"x":1323},{"width":217,"name":"sucai/1_16-t-yuanjian- 33","height":138,"y":401,"x":1524},{"width":263,"name":"sucai/1_16-t-yuanjian- 34","height":140,"y":150,"x":1323},{"width":206,"name":"sucai/1_16-t-yuanjian- 35","height":151,"y":390,"x":0},{"width":209,"name":"sucai/1_16-t-yuanjian- 36","height":149,"y":224,"x":1108},{"width":193,"name":"sucai/1_16-t-yuanjian- 37","height":148,"y":541,"x":1524},{"width":209,"name":"sucai/1_16-t-yuanjian- 38","height":146,"y":446,"x":873},{"width":234,"name":"sucai/1_16-t-yuanjian- 39","height":151,"y":217,"x":1774},{"width":215,"name":"sucai/1_16-t-yuanjian- 40","height":149,"y":371,"x":656},{"width":217,"name":"sucai/1_16-t-yuanjian- 41","height":137,"y":476,"x":1743},{"width":196,"name":"sucai/1_16-t-yuanjian- 42","height":143,"y":547,"x":195},{"width":206,"name":"sucai/1_16-t-yuanjian- 43","height":151,"y":375,"x":1108},{"width":218,"name":"sucai/1_16-t-yuanjian- 44","height":152,"y":240,"x":229},{"width":193,"name":"sucai/1_16-t-yuanjian- 45","height":148,"y":543,"x":0},{"width":202,"name":"sucai/1_16-t-yuanjian- 46","height":144,"y":522,"x":613},{"width":227,"name":"sucai/1_16-t-yuanjian- 47","height":149,"y":239,"x":0},{"width":217,"name":"sucai/1_16-t-yuanjian- 48","height":177,"y":192,"x":656},{"width":242,"name":"sucai/1_16-t-yuanjian- 49","height":190,"y":0,"x":656},{"width":196,"name":"sucai/1_16-t-yuanjian- 50","height":143,"y":544,"x":1279},{"width":206,"name":"sucai/1_16-t-yuanjian- 51","height":151,"y":391,"x":1316},{"width":205,"name":"sucai/1_16-t-yuanjian- 52","height":149,"y":240,"x":449},{"width":189,"name":"sucai/1_16-t-yuanjian- 53","height":136,"y":668,"x":589},{"width":193,"name":"sucai/1_16-t-yuanjian- 54","height":148,"y":528,"x":1084},{"width":75,"name":"sucai/2_17-texiao-20","height":40,"y":476,"x":1962},{"width":145,"name":"sucai/2_17-texiao-22","height":124,"y":678,"x":1056},{"width":162,"name":"sucai/2_17-texiao-23","height":188,"y":391,"x":449},{"width":186,"name":"sucai/2_17-texiao-25","height":215,"y":0,"x":1823},{"width":184,"name":"sucai/2_17-texiao-26","height":216,"y":183,"x":1588},{"width":112,"name":"sucai/2_17-texiao-27","height":186,"y":615,"x":1914}]}