{"armature":[{"bone":[{"transform":{"y":-40.1,"x":-37.5,"skY":15,"scY":2,"scX":2,"skX":15},"name":"图层 3"}],"skin":[{"name":"default","slot":[{"z":0,"parent":"图层 3","display":[{"transform":{"pX":34,"pY":11.3,"y":0,"x":0,"skY":0,"scY":1,"scX":1,"skX":0},"type":"image","name":"zhujue-sc/gongjijineng001"},{"transform":{"pX":99,"pY":31,"y":0,"x":0,"skY":0,"scY":1,"scX":1,"skX":0},"type":"image","name":"zhujue-sc/gongjijineng002"},{"transform":{"pX":99.5,"pY":46,"y":0,"x":0,"skY":0,"scY":1,"scX":1,"skX":0},"type":"image","name":"zhujue-sc/gongjijineng003"},{"transform":{"pX":112,"pY":53,"y":0,"x":0,"skY":0,"scY":1,"scX":1,"skX":0},"type":"image","name":"zhujue-sc/gongjijineng004"},{"transform":{"pX":122.5,"pY":53.5,"y":0,"x":0,"skY":0,"scY":1,"scX":1,"skX":0},"type":"image","name":"zhujue-sc/gongjijineng005"},{"transform":{"pX":124,"pY":53.5,"y":0,"x":0,"skY":0,"scY":1,"scX":1,"skX":0},"type":"image","name":"zhujue-sc/gongjijineng006"},{"transform":{"pX":65.5,"pY":49,"y":0,"x":0,"skY":0,"scY":1,"scX":1,"skX":0},"type":"image","name":"zhujue-sc/gongjijineng007"},{"transform":{"pX":79,"pY":37,"y":0,"x":0,"skY":0,"scY":1,"scX":1,"skX":0},"type":"image","name":"sucai/2_11-t-1"},{"transform":{"pX":160.55,"pY":102.55,"y":0,"x":0,"skY":0,"scY":1,"scX":1,"skX":0},"type":"image","name":"sucai/2_11-t-2"},{"transform":{"pX":155.55,"pY":147.05,"y":0,"x":0,"skY":0,"scY":1,"scX":1,"skX":0},"type":"image","name":"sucai/2_11-t-3"},{"transform":{"pX":176.05,"pY":163.05,"y":0,"x":0,"skY":0,"scY":1,"scX":1,"skX":0},"type":"image","name":"sucai/2_11-t-4"},{"transform":{"pX":196.55,"pY":168.5,"y":0,"x":0,"skY":0,"scY":1,"scX":1,"skX":0},"type":"image","name":"sucai/2_11-t-5"},{"transform":{"pX":195.55,"pY":170,"y":0,"x":0,"skY":0,"scY":1,"scX":1,"skX":0},"type":"image","name":"sucai/2_11-t-6"},{"transform":{"pX":116.3,"pY":136.5,"y":0,"x":0,"skY":0,"scY":1,"scX":1,"skX":0},"type":"image","name":"sucai/2_11-t-7"},{"transform":{"pX":72.25,"pY":22.25,"y":0,"x":0,"skY":0,"scY":1,"scX":1,"skX":0},"type":"image","name":"sucai/new-yuanjian- 10"},{"transform":{"pX":125.25,"pY":100.5,"y":0,"x":0,"skY":0,"scY":1,"scX":1,"skX":0},"type":"image","name":"sucai/new-new- yuanjian- 1"},{"transform":{"pX":118.5,"pY":120.75,"y":0.05,"x":0,"skY":0,"scY":1,"scX":1,"skX":0},"type":"image","name":"sucai/new-yuanjian- 1"},{"transform":{"pX":157,"pY":131.5,"y":0,"x":0,"skY":0,"scY":1,"scX":1,"skX":0},"type":"image","name":"sucai/new-yuanjian- 2"},{"transform":{"pX":103.8,"pY":131.7,"y":0,"x":0,"skY":0,"scY":1,"scX":1,"skX":0},"type":"image","name":"sucai/new-yuanjian- 3"},{"transform":{"pX":87.7,"pY":131.75,"y":0,"x":0,"skY":0,"scY":1,"scX":1,"skX":0},"type":"image","name":"sucai/new-yuanjian- 4"},{"transform":{"pX":113.25,"pY":123,"y":0,"x":0,"skY":0,"scY":1,"scX":1,"skX":0},"type":"image","name":"sucai/new-yuanjian- 5"},{"transform":{"pX":86.75,"pY":123.75,"y":0,"x":0,"skY":0,"scY":1,"scX":1,"skX":0},"type":"image","name":"sucai/new-yuanjian- 6"},{"transform":{"pX":145.8,"pY":141.7,"y":0,"x":0,"skY":0,"scY":1,"scX":1,"skX":0},"type":"image","name":"zhujue-sc/yyyj3"}],"name":"图层 3"}]}],"name":"jineng1","animation":[{"autoTween":1,"duration":24,"scale":1,"tweenEasing":null,"loop":1,"name":"daiji","fadeInTime":0},{"autoTween":1,"duration":20,"scale":1,"tweenEasing":null,"loop":1,"name":"yidong","fadeInTime":0},{"autoTween":1,"duration":15,"scale":1,"tweenEasing":null,"loop":1,"name":"beiji","fadeInTime":0},{"autoTween":0,"timeline":[{"offset":0,"name":"图层 3","scale":1,"frame":[{"displayIndex":-1,"duration":3},{"transform":{"pX":0,"pY":0,"y":-40.1,"x":-37.5,"skY":15,"scY":2,"scX":2,"skX":15},"z":0,"duration":1},{"transform":{"pX":0,"pY":0,"y":-41.6,"x":55.45,"skY":0,"scY":2,"scX":2,"skX":0},"z":0,"displayIndex":1,"duration":1},{"transform":{"pX":0,"pY":0,"y":-51.85,"x":87.45,"skY":0,"scY":2,"scX":2,"skX":0},"z":0,"displayIndex":2,"duration":1},{"transform":{"pX":0,"pY":0,"y":-54.6,"x":80.45,"skY":0,"scY":2,"scX":2,"skX":0},"z":0,"displayIndex":3,"duration":2},{"transform":{"pX":0,"pY":0,"y":-52.35,"x":119.7,"skY":0,"scY":2,"scX":2,"skX":0},"z":0,"displayIndex":4,"duration":2},{"transform":{"pX":0,"pY":0,"y":-52.1,"x":147.95,"skY":0,"scY":2,"scX":2,"skX":0},"z":0,"displayIndex":5,"duration":2},{"transform":{"pX":0,"pY":0,"y":-62.1,"x":256.5,"skY":0,"scY":2,"scX":2,"skX":0},"z":0,"displayIndex":6,"duration":2},{"displayIndex":-1,"duration":2}]}],"duration":16,"scale":1,"tweenEasing":null,"loop":1,"name":"gongji1","fadeInTime":0},{"autoTween":0,"timeline":[{"offset":0,"name":"图层 3","scale":1,"frame":[{"displayIndex":-1,"duration":5},{"transform":{"pX":0,"pY":0,"y":-175.95,"x":-59,"skY":0,"scY":1,"scX":1,"skX":0},"z":0,"displayIndex":7,"duration":1},{"transform":{"pX":0,"pY":0,"y":-112.45,"x":35.55,"skY":0,"scY":1,"scX":1,"skX":0},"z":0,"displayIndex":8,"duration":1},{"transform":{"pX":0,"pY":0,"y":-97.95,"x":70.55,"skY":0,"scY":1,"scX":1,"skX":0},"z":0,"displayIndex":9,"duration":1},{"transform":{"pX":0,"pY":0,"y":-99.95,"x":62.05,"skY":0,"scY":1,"scX":1,"skX":0},"z":0,"displayIndex":10,"duration":2},{"transform":{"pX":0,"pY":0,"y":-100.45,"x":93.55,"skY":0,"scY":1,"scX":1,"skX":0},"z":0,"displayIndex":11,"duration":2},{"transform":{"pX":0,"pY":0,"y":-100.95,"x":121.55,"skY":0,"scY":1,"scX":1,"skX":0},"z":0,"displayIndex":12,"duration":2},{"transform":{"pX":0,"pY":0,"y":-66.45,"x":199.35,"skY":0,"scY":1,"scX":1,"skX":0},"z":0,"displayIndex":13,"duration":2}]}],"duration":16,"scale":1,"tweenEasing":null,"loop":1,"name":"gongji2","fadeInTime":0},{"autoTween":0,"timeline":[{"offset":0,"name":"图层 3","scale":1,"frame":[{"displayIndex":-1,"duration":4},{"transform":{"pX":0,"pY":0,"y":-160.3,"x":-111.9,"skY":-10.22,"scY":1,"scX":1,"skX":-10.22},"z":0,"displayIndex":7,"duration":1},{"transform":{"pX":0,"pY":0,"y":-114.55,"x":-7.6,"skY":-10.22,"scY":1,"scX":1,"skX":-10.22},"z":0,"displayIndex":8,"duration":1},{"transform":{"pX":0,"pY":0,"y":-106.5,"x":29.4,"skY":-10.22,"scY":1,"scX":1,"skX":-10.22},"z":0,"displayIndex":9,"duration":1},{"transform":{"pX":0,"pY":0,"y":-106.95,"x":20.7,"skY":-10.22,"scY":1,"scX":1,"skX":-10.22},"z":0,"displayIndex":10,"duration":2},{"transform":{"pX":0,"pY":0,"y":-113.05,"x":51.65,"skY":-10.22,"scY":1,"scX":1,"skX":-10.22},"z":0,"displayIndex":11,"duration":2},{"transform":{"pX":0,"pY":0,"y":-118.5,"x":79.1,"skY":-10.22,"scY":1,"scX":1,"skX":-10.22},"z":0,"displayIndex":12,"duration":2},{"transform":{"pX":0,"pY":0,"y":-98.35,"x":161.8,"skY":-10.22,"scY":1,"scX":1,"skX":-10.22},"z":0,"displayIndex":13,"duration":4},{"displayIndex":-1,"duration":1}]}],"duration":18,"scale":1,"tweenEasing":null,"loop":1,"name":"gongji3","fadeInTime":0},{"autoTween":0,"timeline":[{"offset":0,"name":"图层 3","scale":1,"frame":[{"displayIndex":-1,"duration":3},{"transform":{"pX":0,"pY":0,"y":-3.45,"x":-18.25,"skY":0,"scY":2,"scX":2,"skX":0},"z":0,"displayIndex":14,"duration":2},{"transform":{"pX":0,"pY":0,"y":-104,"x":33.55,"skY":0,"scY":2,"scX":2,"skX":0},"z":0,"displayIndex":15,"duration":2},{"transform":{"pX":0,"pY":0,"y":-157.8,"x":32.6,"skY":0,"scY":2,"scX":2,"skX":0},"z":0,"displayIndex":16,"duration":2},{"transform":{"pX":0,"pY":0,"y":-151.6,"x":82.95,"skY":0,"scY":2,"scX":2,"skX":0},"z":0,"displayIndex":17,"duration":2},{"transform":{"pX":0,"pY":0,"y":-161.85,"x":42.65,"skY":0,"scY":2,"scX":2,"skX":0},"z":0,"displayIndex":18,"duration":2},{"transform":{"pX":0,"pY":0,"y":-158.6,"x":64.45,"skY":0,"scY":2,"scX":2,"skX":0},"z":0,"displayIndex":19,"duration":2},{"transform":{"pX":0,"pY":0,"y":-134.4,"x":100.3,"skY":0,"scY":2,"scX":2,"skX":0},"colorTransform":{"bO":0,"aO":0,"bM":100,"rO":0,"aM":70,"gO":0,"gM":100,"rM":100},"displayIndex":20,"z":0,"duration":2},{"transform":{"pX":0,"pY":0,"y":-136.45,"x":153.25,"skY":0,"scY":2,"scX":2,"skX":0},"colorTransform":{"bO":0,"aO":0,"bM":100,"rO":0,"aM":30,"gO":0,"gM":100,"rM":100},"displayIndex":21,"z":0,"duration":2},{"displayIndex":-1,"duration":1}]}],"duration":20,"scale":1,"tweenEasing":null,"loop":1,"name":"gongji4","fadeInTime":0},{"autoTween":0,"timeline":[{"offset":0,"name":"图层 3","scale":1,"frame":[{"displayIndex":-1,"duration":10},{"transform":{"pX":0,"pY":0,"y":-243.95,"x":99.05,"skY":14.89,"scY":1.358749,"scX":1.971542,"skX":19.38},"z":0,"displayIndex":22,"duration":2},{"transform":{"pX":0,"pY":0,"y":-243.95,"x":99.05,"skY":-70.61,"scY":1.971527,"scX":1.358719,"skX":-75.11},"z":0,"displayIndex":22,"duration":2},{"transform":{"pX":0,"pY":0,"y":-243.95,"x":99.05,"skY":-165.11,"scY":1.358749,"scX":1.971542,"skX":-160.62},"z":0,"displayIndex":22,"duration":2},{"transform":{"pX":0,"pY":0,"y":-243.95,"x":99.05,"skY":109.38,"scY":1.971542,"scX":1.358719,"skX":104.88},"z":0,"displayIndex":22,"duration":2},{"transform":{"pX":0,"pY":0,"y":-243.95,"x":99.05,"skY":14.89,"scY":1.358749,"scX":1.971542,"skX":19.38},"z":0,"displayIndex":22,"duration":2},{"transform":{"pX":0,"pY":0,"y":-243.95,"x":99.05,"skY":-70.61,"scY":1.971527,"scX":1.358719,"skX":-75.11},"z":0,"displayIndex":22,"duration":2},{"transform":{"pX":0,"pY":0,"y":-243.95,"x":99.05,"skY":-165.11,"scY":1.257156,"scX":1.824127,"skX":-160.62},"z":0,"displayIndex":22,"duration":2},{"transform":{"pX":0,"pY":0,"y":-243.95,"x":77.05,"skY":109.37,"scY":1.413757,"scX":0.97438,"skX":104.88},"z":0,"displayIndex":22,"duration":2},{"displayIndex":-1,"duration":4}]}],"duration":30,"scale":1,"tweenEasing":null,"loop":1,"name":"jineng1","fadeInTime":0}]}],"name":"jineng1","version":2.3,"frameRate":24}